"Part Number","Product Status","Specific Applications","Recommended Applications","Size code in mm(inch)","Thickness(max.)","Appearance","Impedance (at 100MHz)","Impedance (at Target Frequency)","Rated Current","DC Resistance(max.)","Number of Circuit","Downloadable"
"BLM21SN300SH1#","In Production","AIC×Automotive infotainment/comfort equipment,APS×Automotive powertrain/safety equipment,MeS×Medical equipment [GHTF A/B/C] except for implant & surgery & auto injector","Automotive powertrain/safety equipment","2012/0805","1.05mm","Appearance","30Ω ±10Ω",,"8,500mA","0.004Ω","1",
"BLM21SN300SN1#","In Production","CE×Consumer equipment,IeT×Industrial equipment except for transportation & facility & energy equipment,MeS×Medical equipment [GHTF A/B/C] except for implant & surgery & auto injector","Consumer equipment","2012/0805","1.05mm","Appearance","30Ω ±10Ω",,"8,500mA","0.004Ω","1",
"BLM21SN300SZ1#","In Production","AIC×Automotive infotainment/comfort equipment,CE×Consumer equipment,IeT×Industrial equipment except for transportation & facility & energy equipment,MeS×Medical equipment [GHTF A/B/C] except for implant & surgery & auto injector","Automotive infotainment/comfort equipment","2012/0805","1.05mm","Appearance","30Ω ±10Ω",,"8,500mA","0.004Ω","1",
"BLM21SP102BH1#","In Production","AIC×Automotive infotainment/comfort equipment,APS×Automotive powertrain/safety equipment,MeS×Medical equipment [GHTF A/B/C] except for implant & surgery & auto injector","Automotive powertrain/safety equipment","2012/0805","1.05mm","Appearance","1,000Ω ±25%",,"1,600mA","0.12Ω","1",
"BLM21SP102SH1#","In Production","AIC×Automotive infotainment/comfort equipment,APS×Automotive powertrain/safety equipment,MeS×Medical equipment [GHTF A/B/C] except for implant & surgery & auto injector","Automotive powertrain/safety equipment","2012/0805","1.05mm","Appearance","1,000Ω ±25%",,"1,600mA","0.12Ω","1",
"BLM21SP102SN1#","In Production","CE×Consumer equipment,IeT×Industrial equipment except for transportation & facility & energy equipment,MeS×Medical equipment [GHTF A/B/C] except for implant & surgery & auto injector","Consumer equipment","2012/0805","1.05mm","Appearance","1,000Ω ±25%",,"1,600mA","0.12Ω","1",
"BLM21SP102SZ1#","In Production","AIC×Automotive infotainment/comfort equipment,CE×Consumer equipment,IeT×Industrial equipment except for transportation & facility & energy equipment,MeS×Medical equipment [GHTF A/B/C] except for implant & surgery & auto injector","Automotive infotainment/comfort equipment","2012/0805","1.05mm","Appearance","1,000Ω ±25%",,"1,600mA","0.12Ω","1",
"BLM21SP111BH1#","In Production","AIC×Automotive infotainment/comfort equipment,APS×Automotive powertrain/safety equipment,MeS×Medical equipment [GHTF A/B/C] except for implant & surgery & auto injector","Automotive powertrain/safety equipment","2012/0805","1.05mm","Appearance","110Ω ±25%",,"5,000mA","0.013Ω","1",
"BLM21SP111SH1#","In Production","AIC×Automotive infotainment/comfort equipment,APS×Automotive powertrain/safety equipment,MeS×Medical equipment [GHTF A/B/C] except for implant & surgery & auto injector","Automotive powertrain/safety equipment","2012/0805","1.05mm","Appearance","110Ω ±25%",,"5,000mA","0.013Ω","1",
"BLM21SP111SN1#","In Production","CE×Consumer equipment,IeT×Industrial equipment except for transportation & facility & energy equipment,MeS×Medical equipment [GHTF A/B/C] except for implant & surgery & auto injector","Consumer equipment","2012/0805","1.05mm","Appearance","110Ω ±25%",,"5,000mA","0.013Ω","1",
"BLM21SP111SZ1#","In Production","AIC×Automotive infotainment/comfort equipment,CE×Consumer equipment,IeT×Industrial equipment except for transportation & facility & energy equipment,MeS×Medical equipment [GHTF A/B/C] except for implant & surgery & auto injector","Automotive infotainment/comfort equipment","2012/0805","1.05mm","Appearance","110Ω ±25%",,"5,000mA","0.013Ω","1",
"BLM21SP181BH1#","In Production","AIC×Automotive infotainment/comfort equipment,APS×Automotive powertrain/safety equipment,MeS×Medical equipment [GHTF A/B/C] except for implant & surgery & auto injector","Automotive powertrain/safety equipment","2012/0805","1.05mm","Appearance","180Ω ±25%",,"4,000mA","0.02Ω","1",
"BLM21SP181SH1#","In Production","AIC×Automotive infotainment/comfort equipment,APS×Automotive powertrain/safety equipment,MeS×Medical equipment [GHTF A/B/C] except for implant & surgery & auto injector","Automotive powertrain/safety equipment","2012/0805","1.05mm","Appearance","180Ω ±25%",,"4,000mA","0.02Ω","1",
"BLM21SP181SN1#","In Production","CE×Consumer equipment,IeT×Industrial equipment except for transportation & facility & energy equipment,MeS×Medical equipment [GHTF A/B/C] except for implant & surgery & auto injector","Consumer equipment","2012/0805","1.05mm","Appearance","180Ω ±25%",,"4,000mA","0.02Ω","1",
"BLM21SP181SZ1#","In Production","AIC×Automotive infotainment/comfort equipment,CE×Consumer equipment,IeT×Industrial equipment except for transportation & facility & energy equipment,MeS×Medical equipment [GHTF A/B/C] except for implant & surgery & auto injector","Automotive infotainment/comfort equipment","2012/0805","1.05mm","Appearance","180Ω ±25%",,"4,000mA","0.02Ω","1",
"BLM21SP331BH1#","In Production","AIC×Automotive infotainment/comfort equipment,APS×Automotive powertrain/safety equipment,MeS×Medical equipment [GHTF A/B/C] except for implant & surgery & auto injector","Automotive powertrain/safety equipment","2012/0805","1.05mm","Appearance","330Ω ±25%",,"2,800mA","0.04Ω","1",
"BLM21SP331SH1#","In Production","AIC×Automotive infotainment/comfort equipment,APS×Automotive powertrain/safety equipment,MeS×Medical equipment [GHTF A/B/C] except for implant & surgery & auto injector","Automotive powertrain/safety equipment","2012/0805","1.05mm","Appearance","330Ω ±25%",,"2,800mA","0.04Ω","1",
"BLM21SP331SN1#","In Production","CE×Consumer equipment,IeT×Industrial equipment except for transportation & facility & energy equipment,MeS×Medical equipment [GHTF A/B/C] except for implant & surgery & auto injector","Consumer equipment","2012/0805","1.05mm","Appearance","330Ω ±25%",,"2,800mA","0.04Ω","1",
"BLM21SP331SZ1#","In Production","AIC×Automotive infotainment/comfort equipment,CE×Consumer equipment,IeT×Industrial equipment except for transportation & facility & energy equipment,MeS×Medical equipment [GHTF A/B/C] except for implant & surgery & auto injector","Automotive infotainment/comfort equipment","2012/0805","1.05mm","Appearance","330Ω ±25%",,"2,800mA","0.04Ω","1",
"BLM21SP471BH1#","In Production","AIC×Automotive infotainment/comfort equipment,APS×Automotive powertrain/safety equipment,MeS×Medical equipment [GHTF A/B/C] except for implant & surgery & auto injector","Automotive powertrain/safety equipment","2012/0805","1.05mm","Appearance","470Ω ±25%",,"2,500mA","0.05Ω","1",
"BLM21SP471SH1#","In Production","AIC×Automotive infotainment/comfort equipment,APS×Automotive powertrain/safety equipment,MeS×Medical equipment [GHTF A/B/C] except for implant & surgery & auto injector","Automotive powertrain/safety equipment","2012/0805","1.05mm","Appearance","470Ω ±25%",,"2,500mA","0.05Ω","1",
"BLM21SP471SN1#","In Production","CE×Consumer equipment,IeT×Industrial equipment except for transportation & facility & energy equipment,MeS×Medical equipment [GHTF A/B/C] except for implant & surgery & auto injector","Consumer equipment","2012/0805","1.05mm","Appearance","470Ω ±25%",,"2,500mA","0.05Ω","1",
"BLM21SP471SZ1#","In Production","AIC×Automotive infotainment/comfort equipment,CE×Consumer equipment,IeT×Industrial equipment except for transportation & facility & energy equipment,MeS×Medical equipment [GHTF A/B/C] except for implant & surgery & auto injector","Automotive infotainment/comfort equipment","2012/0805","1.05mm","Appearance","470Ω ±25%",,"2,500mA","0.05Ω","1",
"BLM21SP601BH1#","In Production","AIC×Automotive infotainment/comfort equipment,APS×Automotive powertrain/safety equipment,MeS×Medical equipment [GHTF A/B/C] except for implant & surgery & auto injector","Automotive powertrain/safety equipment","2012/0805","1.05mm","Appearance","600Ω ±25%",,"2,300mA","0.06Ω","1",
"BLM21SP601SH1#","In Production","AIC×Automotive infotainment/comfort equipment,APS×Automotive powertrain/safety equipment,MeS×Medical equipment [GHTF A/B/C] except for implant & surgery & auto injector","Automotive powertrain/safety equipment","2012/0805","1.05mm","Appearance","600Ω ±25%",,"2,300mA","0.06Ω","1",
"BLM21SP601SN1#","In Production","CE×Consumer equipment,IeT×Industrial equipment except for transportation & facility & energy equipment,MeS×Medical equipment [GHTF A/B/C] except for implant & surgery & auto injector","Consumer equipment","2012/0805","1.05mm","Appearance","600Ω ±25%",,"2,300mA","0.06Ω","1",
"BLM21SP601SZ1#","In Production","AIC×Automotive infotainment/comfort equipment,CE×Consumer equipment,IeT×Industrial equipment except for transportation & facility & energy equipment,MeS×Medical equipment [GHTF A/B/C] except for implant & surgery & auto injector","Automotive infotainment/comfort equipment","2012/0805","1.05mm","Appearance","600Ω ±25%",,"2,300mA","0.06Ω","1",
"BLM21SP700BH1#","In Production","AIC×Automotive infotainment/comfort equipment,APS×Automotive powertrain/safety equipment,MeS×Medical equipment [GHTF A/B/C] except for implant & surgery & auto injector","Automotive powertrain/safety equipment","2012/0805","1.05mm","Appearance","70Ω ±25%",,"6,000mA","0.009Ω","1",
"BLM21SP700SH1#","In Production","AIC×Automotive infotainment/comfort equipment,APS×Automotive powertrain/safety equipment,MeS×Medical equipment [GHTF A/B/C] except for implant & surgery & auto injector","Automotive powertrain/safety equipment","2012/0805","1.05mm","Appearance","70Ω ±25%",,"6,000mA","0.009Ω","1",
"BLM21SP700SN1#","In Production","CE×Consumer equipment,IeT×Industrial equipment except for transportation & facility & energy equipment,MeS×Medical equipment [GHTF A/B/C] except for implant & surgery & auto injector","Consumer equipment","2012/0805","1.05mm","Appearance","70Ω ±25%",,"6,000mA","0.009Ω","1",
"BLM21SP700SZ1#","In Production","AIC×Automotive infotainment/comfort equipment,CE×Consumer equipment,IeT×Industrial equipment except for transportation & facility & energy equipment,MeS×Medical equipment [GHTF A/B/C] except for implant & surgery & auto injector","Automotive infotainment/comfort equipment","2012/0805","1.05mm","Appearance","70Ω ±25%",,"6,000mA","0.009Ω","1",
