"Parts no","Product","Product status","Catalog / Datasheet","Series/Type","AEC-Q200","Body Type","Polarity Type","Rated voltage (V)","Capacitance (µF)","Tolerance on Capacitance (%)","Category Temperature Range (°C)","Endurance (h)","Endurance@Temp.-1","Endurance@Temp.-2","Rated Ripple Current-1 (mArms)","Rated Ripple Current-1 (temp.) (°C)","Rated Ripple Current-1 (freq.) (kHz)","Rated Ripple Current-2 (mArms)","Rated Ripple Current-2 (temp.) (°C)","Rated Ripple Current-2 (freq.) (kHz)","ESR (mΩ)","ESR Frequency (kHz)","Leakage Current [Max.] (µA)","Dissipation Factor [Max.]","Diameter (mm)","Body Length (mm)","Body Width","Body Height","Number of Terminals","Lead (terminal) Pitch (mm)","Minimum Packaging Quantity (piece)","Size Code","Forming & Packaging Feature","Weight [Typ.]  (g)"
"16SVPT270M","Conductive Polymer Aluminum Solid Capacitors (OS-CON)","Active","https://industrial.panasonic.com/cdbs/www-data/pdf/AAB8000/AAB8000C268.pdf","SVPT","-","Surface mount type (vertical mount style)","Polar","16.0","270.0","-20 - 20","-55 - 105","20000","20000@105°C","-","3300","105","100","-","-","-","22.0","100","864.0","0.12","8.00","6.90","-","-","-","-","1000","E7","Embossed carrier taping (reel packing)","0.55"
"16SVPT560M","Conductive Polymer Aluminum Solid Capacitors (OS-CON)","Active","https://industrial.panasonic.com/cdbs/www-data/pdf/AAB8000/AAB8000C268.pdf","SVPT","-","Surface mount type (vertical mount style)","Polar","16.0","560.0","-20 - 20","-55 - 105","20000","20000@105°C","-","4950","105","100","-","-","-","14.0","100","1792.0","0.12","8.00","11.90","-","-","-","-","400","E12","Embossed carrier taping (reel packing)","0.86"
"16SVPT560MX","Conductive Polymer Aluminum Solid Capacitors (OS-CON)","Active","https://industrial.panasonic.com/cdbs/www-data/pdf/AAB8000/AAB8000C268.pdf","SVPT","-","Surface mount type (vertical mount style)","Polar","16.0","560.0","-20 - 20","-55 - 105","20000","20000@105°C","-","3900","105","100","-","-","-","18.0","100","1792.0","0.12","8.00","10.00","-","-","-","-","500","E10","Embossed carrier taping (reel packing)","0.75"
"16SVQP39M","Conductive Polymer Aluminum Solid Capacitors (OS-CON)","Active","https://industrial.panasonic.com/cdbs/www-data/pdf/AAB8000/AAB8000C225.pdf","SVQP","-","Surface mount type (vertical mount style)","Polar","16.0","39.0","-20 - 20","-55 - 125","1000","1000@125°C","-","1620","T≦105","100","512","105＜T≦125","100","50.0","100","312.0","0.10","6.30","5.90","-","-","-","-","1000","C6","Embossed carrier taping (reel packing)","0.27"
"16SVQP82M","Conductive Polymer Aluminum Solid Capacitors (OS-CON)","Active","https://industrial.panasonic.com/cdbs/www-data/pdf/AAB8000/AAB8000C225.pdf","SVQP","-","Surface mount type (vertical mount style)","Polar","16.0","82.0","-20 - 20","-55 - 125","1000","1000@125°C","-","2120","T≦105","100","670","105＜T≦125","100","40.0","100","656.0","0.12","8.00","6.90","-","-","-","-","1000","E7","Embossed carrier taping (reel packing)","0.52"
"16SVT1000M","Conductive Polymer Aluminum Solid Capacitors (OS-CON)","Active","https://industrial.panasonic.com/cdbs/www-data/pdf/AAB8000/ast-ind-134270.pdf","SVT","-","Surface mount type (vertical mount style)","Polar","16.0","1000.0","-20 - 20","-55 - 125","2000","2000@125°C","-","5400","T≦105","100","1700","105＜T≦125","100","12.0","100","3200.0","0.12","10.00","12.60","-","-","-","-","400","F12","Embossed carrier taping (reel packing)","1.40"
"16SVT1000MX","Conductive Polymer Aluminum Solid Capacitors (OS-CON)","Active","https://industrial.panasonic.com/cdbs/www-data/pdf/AAB8000/ast-ind-134270.pdf","SVT","-","Surface mount type (vertical mount style)","Polar","16.0","1000.0","-20 - 20","-55 - 125","2000","2000@125°C","-","4300","T≦105","100","1350","105＜T≦125","100","16.0","100","3200.0","0.12","10.00","10.00","-","-","-","-","500","F10","Embossed carrier taping (reel packing)","1.20"
"16SVT100M","Conductive Polymer Aluminum Solid Capacitors (OS-CON)","Active","https://industrial.panasonic.com/cdbs/www-data/pdf/AAB8000/ast-ind-134270.pdf","SVT","-","Surface mount type (vertical mount style)","Polar","16.0","100.0","-20 - 20","-55 - 125","2000","2000@125°C","-","2490","T≦105","100","780","105＜T≦125","100","24.0","100","300.0","0.12","6.30","6.40","-","-","-","-","1000","C65","Embossed carrier taping (reel packing)","0.32"
"16SVT270M","Conductive Polymer Aluminum Solid Capacitors (OS-CON)","Active","https://industrial.panasonic.com/cdbs/www-data/pdf/AAB8000/ast-ind-134270.pdf","SVT","-","Surface mount type (vertical mount style)","Polar","16.0","270.0","-20 - 20","-55 - 125","2000","2000@125°C","-","3300","T≦105","100","1040","105＜T≦125","100","22.0","100","864.0","0.12","8.00","6.90","-","-","-","-","1000","E7","Embossed carrier taping (reel packing)","0.55"
"16SVT560M","Conductive Polymer Aluminum Solid Capacitors (OS-CON)","Active","https://industrial.panasonic.com/cdbs/www-data/pdf/AAB8000/ast-ind-134270.pdf","SVT","-","Surface mount type (vertical mount style)","Polar","16.0","560.0","-20 - 20","-55 - 125","2000","2000@125°C","-","4950","T≦105","100","1560","105＜T≦125","100","14.0","100","1792.0","0.12","8.00","11.90","-","-","-","-","400","E12","Embossed carrier taping (reel packing)","0.86"
"16SVT560MX","Conductive Polymer Aluminum Solid Capacitors (OS-CON)","Active","https://industrial.panasonic.com/cdbs/www-data/pdf/AAB8000/ast-ind-134270.pdf","SVT","-","Surface mount type (vertical mount style)","Polar","16.0","560.0","-20 - 20","-55 - 125","2000","2000@125°C","-","3900","T≦105","100","1230","105＜T≦125","100","18.0","100","1792.0","0.12","8.00","10.00","-","-","-","-","500","E10","Embossed carrier taping (reel packing)","0.75"
"20SVF120M","Conductive Polymer Aluminum Solid Capacitors (OS-CON)","Active","https://industrial.panasonic.com/cdbs/www-data/pdf/AAB8000/AAB8000C211.pdf","SVF","-","Surface mount type (vertical mount style)","Polar","20.0","120.0","-20 - 20","-55 - 125","1000","1000@125°C","-","3200","T≦105","100","1010","105＜T≦125","100","25.0","100","480.0","0.12","6.30","5.90","-","-","-","-","1000","C6","Embossed carrier taping (reel packing)","0.27"
"20SVF180M","Conductive Polymer Aluminum Solid Capacitors (OS-CON)","Active","https://industrial.panasonic.com/cdbs/www-data/pdf/AAB8000/AAB8000C211.pdf","SVF","-","Surface mount type (vertical mount style)","Polar","20.0","180.0","-20 - 20","-55 - 125","1000","1000@125°C","-","3200","T≦105","100","1010","105＜T≦125","100","25.0","100","720.0","0.12","8.00","6.90","-","-","-","-","1000","E7","Embossed carrier taping (reel packing)","0.55"
"20SVF390M","Conductive Polymer Aluminum Solid Capacitors (OS-CON)","Active","https://industrial.panasonic.com/cdbs/www-data/pdf/AAB8000/AAB8000C211.pdf","SVF","-","Surface mount type (vertical mount style)","Polar","20.0","390.0","-20 - 20","-55 - 125","1000","1000@125°C","-","4950","T≦105","100","1560","105＜T≦125","100","14.0","100","1560.0","0.12","8.00","11.90","-","-","-","-","400","E12","Embossed carrier taping (reel packing)","0.86"
"20SVF560M","Conductive Polymer Aluminum Solid Capacitors (OS-CON)","Active","https://industrial.panasonic.com/cdbs/www-data/pdf/AAB8000/AAB8000C211.pdf","SVF","-","Surface mount type (vertical mount style)","Polar","20.0","560.0","-20 - 20","-55 - 125","1000","1000@125°C","-","5400","T≦105","100","1700","105＜T≦125","100","12.0","100","2240.0","0.12","10.00","12.60","-","-","-","-","400","F12","Embossed carrier taping (reel packing)","1.40"
"20SVF56M","Conductive Polymer Aluminum Solid Capacitors (OS-CON)","Active","https://industrial.panasonic.com/cdbs/www-data/pdf/AAB8000/AAB8000C211.pdf","SVF","-","Surface mount type (vertical mount style)","Polar","20.0","56.0","-20 - 20","-55 - 125","1000","1000@125°C","-","2800","T≦105","100","880","105＜T≦125","100","30.0","100","224.0","0.12","5.00","5.90","-","-","-","-","1500","B6","Embossed carrier taping (reel packing)","0.18"
"20SVP100M","Conductive Polymer Aluminum Solid Capacitors (OS-CON)","Active","https://industrial.panasonic.com/cdbs/www-data/pdf/AAB8000/AAB8000C193.pdf","SVP","-","Surface mount type (vertical mount style)","Polar","20.0","100.0","-20 - 20","-55 - 105","2000","2000@105°C","-","3320","105","100","-","-","-","24.0","100","400.0","0.15","8.00","11.90","-","-","-","-","400","E12","Embossed carrier taping (reel packing)","0.82"
"20SVP10M","Conductive Polymer Aluminum Solid Capacitors (OS-CON)","Active","https://industrial.panasonic.com/cdbs/www-data/pdf/AAB8000/AAB8000C193.pdf","SVP","-","Surface mount type (vertical mount style)","Polar","20.0","10.0","-20 - 20","-55 - 105","2000","2000@105°C","-","1020","105","100","-","-","-","120.0","100","100.0","0.10","5.00","5.90","-","-","-","-","1500","B6","Embossed carrier taping (reel packing)","0.18"
"20SVP150M","Conductive Polymer Aluminum Solid Capacitors (OS-CON)","Active","https://industrial.panasonic.com/cdbs/www-data/pdf/AAB8000/AAB8000C193.pdf","SVP","-","Surface mount type (vertical mount style)","Polar","20.0","150.0","-20 - 20","-55 - 105","2000","2000@105°C","-","4320","105","100","-","-","-","20.0","100","600.0","0.15","10.00","12.60","-","-","-","-","400","F12","Embossed carrier taping (reel packing)","1.33"
"20SVP22M","Conductive Polymer Aluminum Solid Capacitors (OS-CON)","Active","https://industrial.panasonic.com/cdbs/www-data/pdf/AAB8000/AAB8000C193.pdf","SVP","-","Surface mount type (vertical mount style)","Polar","20.0","22.0","-20 - 20","-55 - 105","2000","2000@105°C","-","1450","105","100","-","-","-","60.0","100","88.0","0.10","6.30","5.90","-","-","-","-","1000","C6","Embossed carrier taping (reel packing)","0.27"
"20SVP27M","Conductive Polymer Aluminum Solid Capacitors (OS-CON)","Active","https://industrial.panasonic.com/cdbs/www-data/pdf/AAB8000/AAB8000C193.pdf","SVP","-","Surface mount type (vertical mount style)","Polar","20.0","27.0","-20 - 20","-55 - 105","2000","2000@105°C","-","1450","105","100","-","-","-","60.0","100","108.0","0.10","6.30","5.90","-","-","-","-","1000","C6","Embossed carrier taping (reel packing)","0.27"
"20SVP33M","Conductive Polymer Aluminum Solid Capacitors (OS-CON)","Active","https://industrial.panasonic.com/cdbs/www-data/pdf/AAB8000/AAB8000C193.pdf","SVP","-","Surface mount type (vertical mount style)","Polar","20.0","33.0","-20 - 20","-55 - 105","2000","2000@105°C","-","1890","105","100","-","-","-","45.0","100","132.0","0.12","8.00","6.90","-","-","-","-","1000","E7","Embossed carrier taping (reel packing)","0.52"
"20SVP47M","Conductive Polymer Aluminum Solid Capacitors (OS-CON)","Active","https://industrial.panasonic.com/cdbs/www-data/pdf/AAB8000/AAB8000C193.pdf","SVP","-","Surface mount type (vertical mount style)","Polar","20.0","47.0","-20 - 20","-55 - 105","2000","2000@105°C","-","1890","105","100","-","-","-","45.0","100","188.0","0.12","8.00","6.90","-","-","-","-","1000","E7","Embossed carrier taping (reel packing)","0.52"
"20SVP56M","Conductive Polymer Aluminum Solid Capacitors (OS-CON)","Active","https://industrial.panasonic.com/cdbs/www-data/pdf/AAB8000/AAB8000C193.pdf","SVP","-","Surface mount type (vertical mount style)","Polar","20.0","56.0","-20 - 20","-55 - 105","2000","2000@105°C","-","2400","105","100","-","-","-","40.0","100","224.0","0.12","10.00","7.90","-","-","-","-","500","F8","Embossed carrier taping (reel packing)","0.90"
"20SVP68M","Conductive Polymer Aluminum Solid Capacitors (OS-CON)","Active","https://industrial.panasonic.com/cdbs/www-data/pdf/AAB8000/AAB8000C193.pdf","SVP","-","Surface mount type (vertical mount style)","Polar","20.0","68.0","-20 - 20","-55 - 105","2000","2000@105°C","-","2400","105","100","-","-","-","40.0","100","272.0","0.12","10.00","7.90","-","-","-","-","500","F8","Embossed carrier taping (reel packing)","0.90"
"20SVPA10M","Conductive Polymer Aluminum Solid Capacitors (OS-CON)","Active","https://industrial.panasonic.com/cdbs/www-data/pdf/AAB8000/AAB8000C185.pdf","SVPA","-","Surface mount type (vertical mount style)","Polar","20.0","10.0","-20 - 20","-55 - 105","2000","2000@105°C","-","1700","105","100","-","-","-","40.0","100","80.0","0.12","5.00","5.90","-","-","-","-","1500","B6","Embossed carrier taping (reel packing)","0.18"
"20SVPA22M","Conductive Polymer Aluminum Solid Capacitors (OS-CON)","Active","https://industrial.panasonic.com/cdbs/www-data/pdf/AAB8000/AAB8000C185.pdf","SVPA","-","Surface mount type (vertical mount style)","Polar","20.0","22.0","-20 - 20","-55 - 105","2000","2000@105°C","-","2040","105","100","-","-","-","35.0","100","88.0","0.12","6.30","5.90","-","-","-","-","1000","C6","Embossed carrier taping (reel packing)","0.27"
"20SVPA47M","Conductive Polymer Aluminum Solid Capacitors (OS-CON)","Active","https://industrial.panasonic.com/cdbs/www-data/pdf/AAB8000/AAB8000C185.pdf","SVPA","-","Surface mount type (vertical mount style)","Polar","20.0","47.0","-20 - 20","-55 - 105","2000","2000@105°C","-","2630","105","100","-","-","-","33.0","100","188.0","0.12","8.00","6.90","-","-","-","-","1000","E7","Embossed carrier taping (reel packing)","0.52"
"20SVPF120M","Conductive Polymer Aluminum Solid Capacitors (OS-CON)","Active","https://industrial.panasonic.com/cdbs/www-data/pdf/AAB8000/AAB8000C177.pdf","SVPF","-","Surface mount type (vertical mount style)","Polar","20.0","120.0","-20 - 20","-55 - 105","5000","5000@105°C","-","3200","105","100","-","-","-","25.0","100","480.0","0.12","6.30","5.90","-","-","-","-","1000","C6","Embossed carrier taping (reel packing)","0.27"
"20SVPF180M","Conductive Polymer Aluminum Solid Capacitors (OS-CON)","Active","https://industrial.panasonic.com/cdbs/www-data/pdf/AAB8000/AAB8000C177.pdf","SVPF","-","Surface mount type (vertical mount style)","Polar","20.0","180.0","-20 - 20","-55 - 105","5000","5000@105°C","-","3200","105","100","-","-","-","25.0","100","720.0","0.12","8.00","6.90","-","-","-","-","1000","E7","Embossed carrier taping (reel packing)","0.55"
"20SVPF390M","Conductive Polymer Aluminum Solid Capacitors (OS-CON)","Active","https://industrial.panasonic.com/cdbs/www-data/pdf/AAB8000/AAB8000C177.pdf","SVPF","-","Surface mount type (vertical mount style)","Polar","20.0","390.0","-20 - 20","-55 - 105","5000","5000@105°C","-","4950","105","100","-","-","-","14.0","100","1560.0","0.12","8.00","11.90","-","-","-","-","400","E12","Embossed carrier taping (reel packing)","0.86"
"20SVPF560M","Conductive Polymer Aluminum Solid Capacitors (OS-CON)","Active","https://industrial.panasonic.com/cdbs/www-data/pdf/AAB8000/AAB8000C177.pdf","SVPF","-","Surface mount type (vertical mount style)","Polar","20.0","560.0","-20 - 20","-55 - 105","5000","5000@105°C","-","5400","105","100","-","-","-","12.0","100","2240.0","0.12","10.00","12.60","-","-","-","-","400","F12","Embossed carrier taping (reel packing)","1.40"
"20SVPF56MX","Conductive Polymer Aluminum Solid Capacitors (OS-CON)","Active","https://industrial.panasonic.com/cdbs/www-data/pdf/AAB8000/AAB8000C177.pdf","SVPF","-","Surface mount type (vertical mount style)","Polar","20.0","56.0","-20 - 20","-55 - 105","5000","5000@105°C","-","2800","105","100","-","-","-","30.0","100","224.0","0.12","5.00","5.90","-","-","-","-","1500","B6","Embossed carrier taping (reel packing)","0.18"
"20SVPG120M","Conductive Polymer Aluminum Solid Capacitors (OS-CON)","Active","https://industrial.panasonic.com/cdbs/www-data/pdf/AAB8000/AAB8000C175.pdf","SVPG","-","Surface mount type (vertical mount style)","Polar","20.0","120.0","-20 - 20","-55 - 105","5000","5000@105°C","-","3750","105","100","-","-","-","18.0","100","480.0","0.12","6.30","5.90","-","-","-","-","1000","C6","Embossed carrier taping (reel packing)","0.33"
"20SVPG180M","Conductive Polymer Aluminum Solid Capacitors (OS-CON)","Active","https://industrial.panasonic.com/cdbs/www-data/pdf/AAB8000/AAB8000C175.pdf","SVPG","-","Surface mount type (vertical mount style)","Polar","20.0","180.0","-20 - 20","-55 - 105","5000","5000@105°C","-","4700","105","100","-","-","-","11.0","100","720.0","0.12","6.30","9.90","-","-","-","-","500","C10","Embossed carrier taping (reel packing)","0.47"
"20SVPG180MX","Conductive Polymer Aluminum Solid Capacitors (OS-CON)","Active","https://industrial.panasonic.com/cdbs/www-data/pdf/AAB8000/AAB8000C175.pdf","SVPG","-","Surface mount type (vertical mount style)","Polar","20.0","180.0","-20 - 20","-55 - 105","5000","5000@105°C","-","4200","105","100","-","-","-","14.0","100","720.0","0.12","6.30","7.90","-","-","-","-","900","C8","Embossed carrier taping (reel packing)","0.43"
"20SVPG220M","Conductive Polymer Aluminum Solid Capacitors (OS-CON)","Active","https://industrial.panasonic.com/cdbs/www-data/pdf/AAB8000/AAB8000C175.pdf","SVPG","-","Surface mount type (vertical mount style)","Polar","20.0","220.0","-20 - 20","-55 - 105","5000","5000@105°C","-","3750","105","100","-","-","-","18.0","100","880.0","0.12","8.00","6.90","-","-","-","-","1000","E7","Embossed carrier taping (reel packing)","0.55"
"20SVPG33M","Conductive Polymer Aluminum Solid Capacitors (OS-CON)","Active","https://industrial.panasonic.com/cdbs/www-data/pdf/AAB8000/AAB8000C175.pdf","SVPG","-","Surface mount type (vertical mount style)","Polar","20.0","33.0","-20 - 20","-55 - 105","5000","5000@105°C","-","3000","105","100","-","-","-","27.0","100","132.0","0.12","5.00","4.40","-","-","-","-","2500","B45","Embossed carrier taping (reel packing)","0.16"
"20SVPG470M","Conductive Polymer Aluminum Solid Capacitors (OS-CON)","Active","https://industrial.panasonic.com/cdbs/www-data/pdf/AAB8000/AAB8000C175.pdf","SVPG","-","Surface mount type (vertical mount style)","Polar","20.0","470.0","-20 - 20","-55 - 105","5000","5000@105°C","-","5850","105","100","-","-","-","10.0","100","1880.0","0.12","8.00","11.90","-","-","-","-","400","E12","Embossed carrier taping (reel packing)","0.91"
"20SVPG680M","Conductive Polymer Aluminum Solid Capacitors (OS-CON)","Active","https://industrial.panasonic.com/cdbs/www-data/pdf/AAB8000/AAB8000C175.pdf","SVPG","-","Surface mount type (vertical mount style)","Polar","20.0","680.0","-20 - 20","-55 - 105","5000","5000@105°C","-","6200","105","100","-","-","-","9.0","100","2720.0","0.12","10.00","12.60","-","-","-","-","400","F12","Embossed carrier taping (reel packing)","1.47"
"20SVPK150M","Conductive Polymer Aluminum Solid Capacitors (OS-CON)","Active","https://industrial.panasonic.com/cdbs/www-data/pdf/AAB8000/AAB8000C226.pdf","SVPK","-","Surface mount type (vertical mount style)","Polar","20.0","150.0","-20 - 20","-55 - 125","1000","1000@125°C","-","3200","T≦105","100","1010","105＜T≦125","100","25.0","100","600.0","0.12","6.30","5.90","-","-","-","-","1000","C6","Embossed carrier taping (reel packing)","0.27"
"20SVPK220M","Conductive Polymer Aluminum Solid Capacitors (OS-CON)","Active","https://industrial.panasonic.com/cdbs/www-data/pdf/AAB8000/AAB8000C226.pdf","SVPK","-","Surface mount type (vertical mount style)","Polar","20.0","220.0","-20 - 20","-55 - 125","1000","1000@125°C","-","3200","T≦105","100","1010","105＜T≦125","100","25.0","100","880.0","0.12","8.00","6.90","-","-","-","-","1000","E7","Embossed carrier taping (reel packing)","0.55"
"20SVPK470M","Conductive Polymer Aluminum Solid Capacitors (OS-CON)","Active","https://industrial.panasonic.com/cdbs/www-data/pdf/AAB8000/AAB8000C226.pdf","SVPK","-","Surface mount type (vertical mount style)","Polar","20.0","470.0","-20 - 20","-55 - 125","1000","1000@125°C","-","4950","T≦105","100","1560","105＜T≦125","100","14.0","100","1880.0","0.12","8.00","11.90","-","-","-","-","400","E12","Embossed carrier taping (reel packing)","0.86"
"20SVPK680M","Conductive Polymer Aluminum Solid Capacitors (OS-CON)","Active","https://industrial.panasonic.com/cdbs/www-data/pdf/AAB8000/AAB8000C226.pdf","SVPK","-","Surface mount type (vertical mount style)","Polar","20.0","680.0","-20 - 20","-55 - 125","1000","1000@125°C","-","5400","T≦105","100","1700","105＜T≦125","100","12.0","100","2720.0","0.12","10.00","12.60","-","-","-","-","400","F12","Embossed carrier taping (reel packing)","1.40"
"20SVPK68M","Conductive Polymer Aluminum Solid Capacitors (OS-CON)","Active","https://industrial.panasonic.com/cdbs/www-data/pdf/AAB8000/AAB8000C226.pdf","SVPK","-","Surface mount type (vertical mount style)","Polar","20.0","68.0","-20 - 20","-55 - 125","1000","1000@125°C","-","2800","T≦105","100","880","105＜T≦125","100","30.0","100","272.0","0.12","5.00","5.90","-","-","-","-","1500","B6","Embossed carrier taping (reel packing)","0.18"
"20SVPS22M","Conductive Polymer Aluminum Solid Capacitors (OS-CON)","Active","https://industrial.panasonic.com/cdbs/www-data/pdf/AAB8000/AAB8000C232.pdf","SVPS","-","Surface mount type (vertical mount style)","Polar","20.0","22.0","-20 - 20","-55 - 105","5000","5000@105°C","-","1450","105","100","-","-","-","60.0","100","88.0","0.10","6.30","5.90","-","-","-","-","1000","C6","Embossed carrier taping (reel packing)","0.27"
"20SVPS47M","Conductive Polymer Aluminum Solid Capacitors (OS-CON)","Active","https://industrial.panasonic.com/cdbs/www-data/pdf/AAB8000/AAB8000C232.pdf","SVPS","-","Surface mount type (vertical mount style)","Polar","20.0","47.0","-20 - 20","-55 - 105","5000","5000@105°C","-","1890","105","100","-","-","-","45.0","100","188.0","0.12","8.00","6.90","-","-","-","-","1000","E7","Embossed carrier taping (reel packing)","0.52"
"20SVPT180M","Conductive Polymer Aluminum Solid Capacitors (OS-CON)","Active","https://industrial.panasonic.com/cdbs/www-data/pdf/AAB8000/AAB8000C268.pdf","SVPT","-","Surface mount type (vertical mount style)","Polar","20.0","180.0","-20 - 20","-55 - 105","20000","20000@105°C","-","3200","105","100","-","-","-","25.0","100","720.0","0.12","8.00","6.90","-","-","-","-","1000","E7","Embossed carrier taping (reel packing)","0.55"
"20SVPT390M","Conductive Polymer Aluminum Solid Capacitors (OS-CON)","Active","https://industrial.panasonic.com/cdbs/www-data/pdf/AAB8000/AAB8000C268.pdf","SVPT","-","Surface mount type (vertical mount style)","Polar","20.0","390.0","-20 - 20","-55 - 105","20000","20000@105°C","-","4950","105","100","-","-","-","14.0","100","1560.0","0.12","8.00","11.90","-","-","-","-","400","E12","Embossed carrier taping (reel packing)","0.86"
"20SVPT560M","Conductive Polymer Aluminum Solid Capacitors (OS-CON)","Active","https://industrial.panasonic.com/cdbs/www-data/pdf/AAB8000/AAB8000C268.pdf","SVPT","-","Surface mount type (vertical mount style)","Polar","20.0","560.0","-20 - 20","-55 - 105","20000","20000@105°C","-","5400","105","100","-","-","-","12.0","100","2240.0","0.12","10.00","12.60","-","-","-","-","400","F12","Embossed carrier taping (reel packing)","1.40"
"20SVQP22M","Conductive Polymer Aluminum Solid Capacitors (OS-CON)","Active","https://industrial.panasonic.com/cdbs/www-data/pdf/AAB8000/AAB8000C225.pdf","SVQP","-","Surface mount type (vertical mount style)","Polar","20.0","22.0","-20 - 20","-55 - 125","1000","1000@125°C","-","1450","T≦105","100","459","105＜T≦125","100","60.0","100","220.0","0.10","6.30","5.90","-","-","-","-","1000","C6","Embossed carrier taping (reel packing)","0.27"
"20SVQP47M","Conductive Polymer Aluminum Solid Capacitors (OS-CON)","Active","https://industrial.panasonic.com/cdbs/www-data/pdf/AAB8000/AAB8000C225.pdf","SVQP","-","Surface mount type (vertical mount style)","Polar","20.0","47.0","-20 - 20","-55 - 125","1000","1000@125°C","-","1890","T≦105","100","598","105＜T≦125","100","45.0","100","470.0","0.12","8.00","6.90","-","-","-","-","1000","E7","Embossed carrier taping (reel packing)","0.52"
"20SVT180M","Conductive Polymer Aluminum Solid Capacitors (OS-CON)","Active","https://industrial.panasonic.com/cdbs/www-data/pdf/AAB8000/ast-ind-134270.pdf","SVT","-","Surface mount type (vertical mount style)","Polar","20.0","180.0","-20 - 20","-55 - 125","2000","2000@125°C","-","3200","T≦105","100","1010","105＜T≦125","100","25.0","100","720.0","0.12","8.00","6.90","-","-","-","-","1000","E7","Embossed carrier taping (reel packing)","0.55"
"20SVT390M","Conductive Polymer Aluminum Solid Capacitors (OS-CON)","Active","https://industrial.panasonic.com/cdbs/www-data/pdf/AAB8000/ast-ind-134270.pdf","SVT","-","Surface mount type (vertical mount style)","Polar","20.0","390.0","-20 - 20","-55 - 125","2000","2000@125°C","-","4950","T≦105","100","1560","105＜T≦125","100","14.0","100","1560.0","0.12","8.00","11.90","-","-","-","-","400","E12","Embossed carrier taping (reel packing)","0.86"
"20SVT560M","Conductive Polymer Aluminum Solid Capacitors (OS-CON)","Active","https://industrial.panasonic.com/cdbs/www-data/pdf/AAB8000/ast-ind-134270.pdf","SVT","-","Surface mount type (vertical mount style)","Polar","20.0","560.0","-20 - 20","-55 - 125","2000","2000@125°C","-","5400","T≦105","100","1700","105＜T≦125","100","12.0","100","2240.0","0.12","10.00","12.60","-","-","-","-","400","F12","Embossed carrier taping (reel packing)","1.40"
"25SVF100M","Conductive Polymer Aluminum Solid Capacitors (OS-CON)","Active","https://industrial.panasonic.com/cdbs/www-data/pdf/AAB8000/AAB8000C211.pdf","SVF","-","Surface mount type (vertical mount style)","Polar","25.0","100.0","-20 - 20","-55 - 125","1000","1000@125°C","-","3200","T≦105","100","1010","105＜T≦125","100","24.0","100","500.0","0.12","8.00","6.90","-","-","-","-","1000","E7","Embossed carrier taping (reel packing)","0.55"
"25SVF180M","Conductive Polymer Aluminum Solid Capacitors (OS-CON)","Active","https://industrial.panasonic.com/cdbs/www-data/pdf/AAB8000/AAB8000C211.pdf","SVF","-","Surface mount type (vertical mount style)","Polar","25.0","180.0","-20 - 20","-55 - 125","1000","1000@125°C","-","4650","T≦105","100","1470","105＜T≦125","100","16.0","100","900.0","0.12","8.00","11.90","-","-","-","-","400","E12","Embossed carrier taping (reel packing)","0.86"
"25SVF27M","Conductive Polymer Aluminum Solid Capacitors (OS-CON)","Active","https://industrial.panasonic.com/cdbs/www-data/pdf/AAB8000/AAB8000C211.pdf","SVF","-","Surface mount type (vertical mount style)","Polar","25.0","27.0","-20 - 20","-55 - 125","1000","1000@125°C","-","2450","T≦105","100","770","105＜T≦125","100","40.0","100","135.0","0.12","5.00","5.90","-","-","-","-","1500","B6","Embossed carrier taping (reel packing)","0.18"
"25SVF330M","Conductive Polymer Aluminum Solid Capacitors (OS-CON)","Active","https://industrial.panasonic.com/cdbs/www-data/pdf/AAB8000/AAB8000C211.pdf","SVF","-","Surface mount type (vertical mount style)","Polar","25.0","330.0","-20 - 20","-55 - 125","1000","1000@125°C","-","5000","T≦105","100","1580","105＜T≦125","100","14.0","100","1650.0","0.12","10.00","12.60","-","-","-","-","400","F12","Embossed carrier taping (reel packing)","1.40"
"25SVF47M","Conductive Polymer Aluminum Solid Capacitors (OS-CON)","Active","https://industrial.panasonic.com/cdbs/www-data/pdf/AAB8000/AAB8000C211.pdf","SVF","-","Surface mount type (vertical mount style)","Polar","25.0","47.0","-20 - 20","-55 - 125","1000","1000@125°C","-","2800","T≦105","100","880","105＜T≦125","100","30.0","100","235.0","0.12","6.30","5.90","-","-","-","-","1000","C6","Embossed carrier taping (reel packing)","0.27"
"25SVF56M","Conductive Polymer Aluminum Solid Capacitors (OS-CON)","Active","https://industrial.panasonic.com/cdbs/www-data/pdf/AAB8000/AAB8000C211.pdf","SVF","-","Surface mount type (vertical mount style)","Polar","25.0","56.0","-20 - 20","-55 - 125","1000","1000@125°C","-","2800","T≦105","100","880","105＜T≦125","100","30.0","100","280.0","0.12","6.30","5.90","-","-","-","-","1000","C6","Embossed carrier taping (reel packing)","0.27"
"25SVF82M","Conductive Polymer Aluminum Solid Capacitors (OS-CON)","Active","https://industrial.panasonic.com/cdbs/www-data/pdf/AAB8000/AAB8000C211.pdf","SVF","-","Surface mount type (vertical mount style)","Polar","25.0","82.0","-20 - 20","-55 - 125","1000","1000@125°C","-","3000","T≦105","100","940","105＜T≦125","100","28.0","100","410.0","0.12","8.00","6.90","-","-","-","-","1000","E7","Embossed carrier taping (reel packing)","0.55"
"25SVPD10M","Conductive Polymer Aluminum Solid Capacitors (OS-CON)","Active","https://industrial.panasonic.com/cdbs/www-data/pdf/AAB8000/AAB8000C181.pdf","SVPD","-","Surface mount type (vertical mount style)","Polar","25.0","10.0","-20 - 20","-55 - 125","2000","2000@125°C","-","1500","T≦105","100","474","105＜T≦125","100","65.0","100","50.0","0.10","6.30","5.90","-","-","-","-","1000","C6","Embossed carrier taping (reel packing)","0.27"
"25SVPD22M","Conductive Polymer Aluminum Solid Capacitors (OS-CON)","Active","https://industrial.panasonic.com/cdbs/www-data/pdf/AAB8000/AAB8000C181.pdf","SVPD","-","Surface mount type (vertical mount style)","Polar","25.0","22.0","-20 - 20","-55 - 125","2000","2000@125°C","-","1835","T≦105","100","580","105＜T≦125","100","48.0","100","110.0","0.10","8.00","6.90","-","-","-","-","1000","E7","Embossed carrier taping (reel packing)","0.51"
"25SVPD39M","Conductive Polymer Aluminum Solid Capacitors (OS-CON)","Active","https://industrial.panasonic.com/cdbs/www-data/pdf/AAB8000/AAB8000C181.pdf","SVPD","-","Surface mount type (vertical mount style)","Polar","25.0","39.0","-20 - 20","-55 - 125","2000","2000@125°C","-","2100","T≦105","100","664","105＜T≦125","100","45.0","100","195.0","0.10","10.00","7.90","-","-","-","-","500","F8","Embossed carrier taping (reel packing)","0.90"
"25SVPD47M","Conductive Polymer Aluminum Solid Capacitors (OS-CON)","Active","https://industrial.panasonic.com/cdbs/www-data/pdf/AAB8000/AAB8000C181.pdf","SVPD","-","Surface mount type (vertical mount style)","Polar","25.0","47.0","-20 - 20","-55 - 125","2000","2000@125°C","-","2980","T≦105","100","943","105＜T≦125","100","30.0","100","235.0","0.12","8.00","11.90","-","-","-","-","400","E12","Embossed carrier taping (reel packing)","0.86"
"25SVPD82M","Conductive Polymer Aluminum Solid Capacitors (OS-CON)","Active","https://industrial.panasonic.com/cdbs/www-data/pdf/AAB8000/AAB8000C181.pdf","SVPD","-","Surface mount type (vertical mount style)","Polar","25.0","82.0","-20 - 20","-55 - 125","2000","2000@125°C","-","3800","T≦105","100","1202","105＜T≦125","100","28.0","100","410.0","0.12","10.00","12.60","-","-","-","-","400","F12","Embossed carrier taping (reel packing)","1.33"
"25SVPF100M","Conductive Polymer Aluminum Solid Capacitors (OS-CON)","Active","https://industrial.panasonic.com/cdbs/www-data/pdf/AAB8000/AAB8000C177.pdf","SVPF","-","Surface mount type (vertical mount style)","Polar","25.0","100.0","-20 - 20","-55 - 105","5000","5000@105°C","-","3200","105","100","-","-","-","24.0","100","500.0","0.12","8.00","6.90","-","-","-","-","1000","E7","Embossed carrier taping (reel packing)","0.55"
"25SVPF180M","Conductive Polymer Aluminum Solid Capacitors (OS-CON)","Active","https://industrial.panasonic.com/cdbs/www-data/pdf/AAB8000/AAB8000C177.pdf","SVPF","-","Surface mount type (vertical mount style)","Polar","25.0","180.0","-20 - 20","-55 - 105","5000","5000@105°C","-","4650","105","100","-","-","-","16.0","100","900.0","0.12","8.00","11.90","-","-","-","-","400","E12","Embossed carrier taping (reel packing)","0.86"
"25SVPF27MX","Conductive Polymer Aluminum Solid Capacitors (OS-CON)","Active","https://industrial.panasonic.com/cdbs/www-data/pdf/AAB8000/AAB8000C177.pdf","SVPF","-","Surface mount type (vertical mount style)","Polar","25.0","27.0","-20 - 20","-55 - 105","5000","5000@105°C","-","2450","105","100","-","-","-","40.0","100","135.0","0.12","5.00","5.90","-","-","-","-","1500","B6","Embossed carrier taping (reel packing)","0.18"
"25SVPF330M","Conductive Polymer Aluminum Solid Capacitors (OS-CON)","Active","https://industrial.panasonic.com/cdbs/www-data/pdf/AAB8000/AAB8000C177.pdf","SVPF","-","Surface mount type (vertical mount style)","Polar","25.0","330.0","-20 - 20","-55 - 105","5000","5000@105°C","-","5000","105","100","-","-","-","14.0","100","1650.0","0.12","10.00","12.60","-","-","-","-","400","F12","Embossed carrier taping (reel packing)","1.40"
"25SVPF47M","Conductive Polymer Aluminum Solid Capacitors (OS-CON)","Active","https://industrial.panasonic.com/cdbs/www-data/pdf/AAB8000/AAB8000C177.pdf","SVPF","-","Surface mount type (vertical mount style)","Polar","25.0","47.0","-20 - 20","-55 - 105","5000","5000@105°C","-","2800","105","100","-","-","-","30.0","100","235.0","0.12","6.30","5.90","-","-","-","-","1000","C6","Embossed carrier taping (reel packing)","0.27"
"25SVPF56M","Conductive Polymer Aluminum Solid Capacitors (OS-CON)","Active","https://industrial.panasonic.com/cdbs/www-data/pdf/AAB8000/AAB8000C177.pdf","SVPF","-","Surface mount type (vertical mount style)","Polar","25.0","56.0","-20 - 20","-55 - 105","5000","5000@105°C","-","2800","105","100","-","-","-","30.0","100","280.0","0.12","6.30","5.90","-","-","-","-","1000","C6","Embossed carrier taping (reel packing)","0.27"
"25SVPF82M","Conductive Polymer Aluminum Solid Capacitors (OS-CON)","Active","https://industrial.panasonic.com/cdbs/www-data/pdf/AAB8000/AAB8000C177.pdf","SVPF","-","Surface mount type (vertical mount style)","Polar","25.0","82.0","-20 - 20","-55 - 105","5000","5000@105°C","-","3000","105","100","-","-","-","28.0","100","410.0","0.12","8.00","6.90","-","-","-","-","1000","E7","Embossed carrier taping (reel packing)","0.55"
"25SVPG120M","Conductive Polymer Aluminum Solid Capacitors (OS-CON)","Active","https://industrial.panasonic.com/cdbs/www-data/pdf/AAB8000/AAB8000C175.pdf","SVPG","-","Surface mount type (vertical mount style)","Polar","25.0","120.0","-20 - 20","-55 - 105","5000","5000@105°C","-","3800","105","100","-","-","-","17.0","100","600.0","0.12","8.00","6.90","-","-","-","-","1000","E7","Embossed carrier taping (reel packing)","0.55"
"25SVPG120MX","Conductive Polymer Aluminum Solid Capacitors (OS-CON)","Active","https://industrial.panasonic.com/cdbs/www-data/pdf/AAB8000/AAB8000C175.pdf","SVPG","-","Surface mount type (vertical mount style)","Polar","25.0","120.0","-20 - 20","-55 - 105","5000","5000@105°C","-","3900","105","100","-","-","-","15.0","100","600.0","0.12","6.30","7.90","-","-","-","-","900","C8","Embossed carrier taping (reel packing)","0.43"
"25SVPG150M","Conductive Polymer Aluminum Solid Capacitors (OS-CON)","Active","https://industrial.panasonic.com/cdbs/www-data/pdf/AAB8000/AAB8000C175.pdf","SVPG","-","Surface mount type (vertical mount style)","Polar","25.0","150.0","-20 - 20","-55 - 105","5000","5000@105°C","-","4200","105","100","-","-","-","13.0","100","750.0","0.12","6.30","9.90","-","-","-","-","500","C10","Embossed carrier taping (reel packing)","0.47"
"25SVPG270M","Conductive Polymer Aluminum Solid Capacitors (OS-CON)","Active","https://industrial.panasonic.com/cdbs/www-data/pdf/AAB8000/AAB8000C175.pdf","SVPG","-","Surface mount type (vertical mount style)","Polar","25.0","270.0","-20 - 20","-55 - 105","5000","5000@105°C","-","5350","105","100","-","-","-","12.0","100","1350.0","0.12","8.00","11.90","-","-","-","-","400","E12","Embossed carrier taping (reel packing)","0.91"
"25SVPG470M","Conductive Polymer Aluminum Solid Capacitors (OS-CON)","Active","https://industrial.panasonic.com/cdbs/www-data/pdf/AAB8000/AAB8000C175.pdf","SVPG","-","Surface mount type (vertical mount style)","Polar","25.0","470.0","-20 - 20","-55 - 105","5000","5000@105°C","-","5900","105","100","-","-","-","10.0","100","2350.0","0.12","10.00","12.60","-","-","-","-","400","F12","Embossed carrier taping (reel packing)","1.47"
"25SVPG82M","Conductive Polymer Aluminum Solid Capacitors (OS-CON)","Active","https://industrial.panasonic.com/cdbs/www-data/pdf/AAB8000/AAB8000C175.pdf","SVPG","-","Surface mount type (vertical mount style)","Polar","25.0","82.0","-20 - 20","-55 - 105","5000","5000@105°C","-","3750","105","100","-","-","-","18.0","100","410.0","0.12","6.30","5.90","-","-","-","-","1000","C6","Embossed carrier taping (reel packing)","0.33"
"25SVPK120M","Conductive Polymer Aluminum Solid Capacitors (OS-CON)","Active","https://industrial.panasonic.com/cdbs/www-data/pdf/AAB8000/AAB8000C226.pdf","SVPK","-","Surface mount type (vertical mount style)","Polar","25.0","120.0","-20 - 20","-55 - 125","1000","1000@125°C","-","3200","T≦105","100","1010","105＜T≦125","100","24.0","100","600.0","0.12","8.00","6.90","-","-","-","-","1000","E7","Embossed carrier taping (reel packing)","0.55"
"25SVPK270M","Conductive Polymer Aluminum Solid Capacitors (OS-CON)","Active","https://industrial.panasonic.com/cdbs/www-data/pdf/AAB8000/AAB8000C226.pdf","SVPK","-","Surface mount type (vertical mount style)","Polar","25.0","270.0","-20 - 20","-55 - 125","1000","1000@125°C","-","4650","T≦105","100","1470","105＜T≦125","100","16.0","100","1350.0","0.12","8.00","11.90","-","-","-","-","400","E12","Embossed carrier taping (reel packing)","0.86"
"25SVPK33M","Conductive Polymer Aluminum Solid Capacitors (OS-CON)","Active","https://industrial.panasonic.com/cdbs/www-data/pdf/AAB8000/AAB8000C226.pdf","SVPK","-","Surface mount type (vertical mount style)","Polar","25.0","33.0","-20 - 20","-55 - 125","1000","1000@125°C","-","2600","T≦105","100","820","105＜T≦125","100","35.0","100","165.0","0.12","5.00","5.90","-","-","-","-","1500","B6","Embossed carrier taping (reel packing)","0.18"
"25SVPK470M","Conductive Polymer Aluminum Solid Capacitors (OS-CON)","Active","https://industrial.panasonic.com/cdbs/www-data/pdf/AAB8000/AAB8000C226.pdf","SVPK","-","Surface mount type (vertical mount style)","Polar","25.0","470.0","-20 - 20","-55 - 125","1000","1000@125°C","-","5000","T≦105","100","1590","105＜T≦125","100","14.0","100","2350.0","0.12","10.00","12.60","-","-","-","-","400","F12","Embossed carrier taping (reel packing)","1.40"
"25SVPK82M","Conductive Polymer Aluminum Solid Capacitors (OS-CON)","Active","https://industrial.panasonic.com/cdbs/www-data/pdf/AAB8000/AAB8000C226.pdf","SVPK","-","Surface mount type (vertical mount style)","Polar","25.0","82.0","-20 - 20","-55 - 125","1000","1000@125°C","-","3060","T≦105","100","960","105＜T≦125","100","25.0","100","410.0","0.12","6.30","5.90","-","-","-","-","1000","C6","Embossed carrier taping (reel packing)","0.27"
"25SVPS10M","Conductive Polymer Aluminum Solid Capacitors (OS-CON)","Active","https://industrial.panasonic.com/cdbs/www-data/pdf/AAB8000/AAB8000C232.pdf","SVPS","-","Surface mount type (vertical mount style)","Polar","25.0","10.0","-20 - 20","-55 - 105","5000","5000@105°C","-","1500","105","100","-","-","-","60.0","100","125.0","0.10","8.00","6.90","-","-","-","-","1000","E7","Embossed carrier taping (reel packing)","0.52"
"25SVPT100M","Conductive Polymer Aluminum Solid Capacitors (OS-CON)","Active","https://industrial.panasonic.com/cdbs/www-data/pdf/AAB8000/AAB8000C268.pdf","SVPT","-","Surface mount type (vertical mount style)","Polar","25.0","100.0","-20 - 20","-55 - 105","20000","20000@105°C","-","3200","105","100","-","-","-","24.0","100","500.0","0.12","8.00","6.90","-","-","-","-","1000","E7","Embossed carrier taping (reel packing)","0.55"
"25SVPT180M","Conductive Polymer Aluminum Solid Capacitors (OS-CON)","Active","https://industrial.panasonic.com/cdbs/www-data/pdf/AAB8000/AAB8000C268.pdf","SVPT","-","Surface mount type (vertical mount style)","Polar","25.0","180.0","-20 - 20","-55 - 105","20000","20000@105°C","-","4650","105","100","-","-","-","16.0","100","900.0","0.12","8.00","11.90","-","-","-","-","400","E12","Embossed carrier taping (reel packing)","0.86"
"25SVPT330M","Conductive Polymer Aluminum Solid Capacitors (OS-CON)","Active","https://industrial.panasonic.com/cdbs/www-data/pdf/AAB8000/AAB8000C268.pdf","SVPT","-","Surface mount type (vertical mount style)","Polar","25.0","330.0","-20 - 20","-55 - 105","20000","20000@105°C","-","5000","105","100","-","-","-","14.0","100","1650.0","0.12","10.00","12.60","-","-","-","-","400","F12","Embossed carrier taping (reel packing)","1.40"
"25SVT100M","Conductive Polymer Aluminum Solid Capacitors (OS-CON)","Active","https://industrial.panasonic.com/cdbs/www-data/pdf/AAB8000/ast-ind-134270.pdf","SVT","-","Surface mount type (vertical mount style)","Polar","25.0","100.0","-20 - 20","-55 - 125","2000","2000@125°C","-","3200","T≦105","100","1010","105＜T≦125","100","24.0","100","500.0","0.12","8.00","6.90","-","-","-","-","1000","E7","Embossed carrier taping (reel packing)","0.55"
"25SVT180M","Conductive Polymer Aluminum Solid Capacitors (OS-CON)","Active","https://industrial.panasonic.com/cdbs/www-data/pdf/AAB8000/ast-ind-134270.pdf","SVT","-","Surface mount type (vertical mount style)","Polar","25.0","180.0","-20 - 20","-55 - 125","2000","2000@125°C","-","4650","T≦105","100","1470","105＜T≦125","100","16.0","100","900.0","0.12","8.00","11.90","-","-","-","-","400","E12","Embossed carrier taping (reel packing)","0.86"
"25SVT330M","Conductive Polymer Aluminum Solid Capacitors (OS-CON)","Active","https://industrial.panasonic.com/cdbs/www-data/pdf/AAB8000/ast-ind-134270.pdf","SVT","-","Surface mount type (vertical mount style)","Polar","25.0","330.0","-20 - 20","-55 - 125","2000","2000@125°C","-","5000","T≦105","100","1580","105＜T≦125","100","14.0","100","1650.0","0.12","10.00","12.60","-","-","-","-","400","F12","Embossed carrier taping (reel packing)","1.40"
"2R5SVP1500M","Conductive Polymer Aluminum Solid Capacitors (OS-CON)","Active","https://industrial.panasonic.com/cdbs/www-data/pdf/AAB8000/AAB8000C193.pdf","SVP","-","Surface mount type (vertical mount style)","Polar","2.5","1500.0","-20 - 20","-55 - 105","2000","2000@105°C","-","5440","105","100","-","-","-","12.0","100","750.0","0.18","10.00","12.60","-","-","-","-","400","F12","Embossed carrier taping (reel packing)","1.33"
"2R5SVP220M","Conductive Polymer Aluminum Solid Capacitors (OS-CON)","Active","https://industrial.panasonic.com/cdbs/www-data/pdf/AAB8000/AAB8000C193.pdf","SVP","-","Surface mount type (vertical mount style)","Polar","2.5","220.0","-20 - 20","-55 - 105","2000","2000@105°C","-","2390","105","100","-","-","-","23.0","100","110.0","0.12","6.30","5.90","-","-","-","-","1000","C6","Embossed carrier taping (reel packing)","0.27"
"2R5SVP680M","Conductive Polymer Aluminum Solid Capacitors (OS-CON)","Active","https://industrial.panasonic.com/cdbs/www-data/pdf/AAB8000/AAB8000C193.pdf","SVP","-","Surface mount type (vertical mount style)","Polar","2.5","680.0","-20 - 20","-55 - 105","2000","2000@105°C","-","4520","105","100","-","-","-","13.0","100","340.0","0.15","8.00","11.90","-","-","-","-","400","E12","Embossed carrier taping (reel packing)","0.82"
"2R5SVPA820M","Conductive Polymer Aluminum Solid Capacitors (OS-CON)","Active","https://industrial.panasonic.com/cdbs/www-data/pdf/AAB8000/AAB8000C185.pdf","SVPA","-","Surface mount type (vertical mount style)","Polar","2.5","820.0","-20 - 20","-55 - 105","2000","2000@105°C","-","4240","105","100","-","-","-","19.0","100","500.0","0.12","10.00","7.90","-","-","-","-","500","F8","Embossed carrier taping (reel packing)","0.90"
"2R5SVPC1500M","Conductive Polymer Aluminum Solid Capacitors (OS-CON)","Active","https://industrial.panasonic.com/cdbs/www-data/pdf/AAB8000/AAB8000C256.pdf","SVPC","-","Surface mount type (vertical mount style)","Polar","2.5","1500.0","-20 - 20","-55 - 105","2000","2000@105°C","-","5150","105","100","-","-","-","10.0","100","750.0","0.15","8.00","11.90","-","-","-","-","400","E12","Embossed carrier taping (reel packing)","0.82"
"2R5SVPC180M","Conductive Polymer Aluminum Solid Capacitors (OS-CON)","Active","https://industrial.panasonic.com/cdbs/www-data/pdf/AAB8000/AAB8000C256.pdf","SVPC","-","Surface mount type (vertical mount style)","Polar","2.5","180.0","-20 - 20","-55 - 105","2000","2000@105°C","-","1970","105","100","-","-","-","30.0","100","300.0","0.12","5.00","5.90","-","-","-","-","1500","B6","Embossed carrier taping (reel packing)","0.18"
"2R5SVPC180MV","Conductive Polymer Aluminum Solid Capacitors (OS-CON)","Active","https://industrial.panasonic.com/cdbs/www-data/pdf/AAB8000/AAB8000C256.pdf","SVPC","-","Surface mount type (vertical mount style)","Polar","2.5","180.0","-20 - 20","-55 - 105","2000","2000@105°C","-","2800","105","100","-","-","-","19.0","100","300.0","0.12","5.00","5.90","-","-","-","-","1500","B6","Embossed carrier taping (reel packing)","0.18"
"2R5SVPC180MY","Conductive Polymer Aluminum Solid Capacitors (OS-CON)","Active","https://industrial.panasonic.com/cdbs/www-data/pdf/AAB8000/AAB8000C256.pdf","SVPC","-","Surface mount type (vertical mount style)","Polar","2.5","180.0","-20 - 20","-55 - 105","2000","2000@105°C","-","2200","105","100","-","-","-","24.0","100","300.0","0.12","5.00","5.90","-","-","-","-","1500","B6","Embossed carrier taping (reel packing)","0.18"
