"Part Number","Product Status","Specific Applications","Appearance","Length","Width","Thickness","Thickness(max.)","Temperature characteristics (complied standard)","Temperature characteristics","Operating Temperature","Capacitance","Tolerance of capacitance","Rated Voltage DC","X1 Rated Voltage DC","X2 Rated Voltage DC","Y1 Rated Voltage DC","Y2 Rated Voltage DC","Rated Voltage AC","X1 Rated Voltage AC","X2 Rated Voltage AC","Y1 Rated Voltage AC","Y2 Rated Voltage AC","Characteristic","Caution","Product Name","Reference Mass","End of Production","Last Time Order Due","Equivalent series resistance (ESR)","DC Resistance","Downloadable","Notices","REACH Support","RoHS Support"
"GA342A1XGF100JW31#","In Production","CE×Consumer equipment,IE×Industrial Equipment,AIC×Automotive infotainment/comfort equipment,MeI×Medical equipment [GHTF A/B/C] except for implant equipment","Appearance Photo","4.5mm ±0.3mm","2mm ±0.2mm","1mm +0mm/-0.3mm","1mm","JIS","SL","-55～125℃","10pF","±5%",,"1,000Vdc",,,"1,000Vdc",,"250Vac(r.m.s.)",,,"250Vac(r.m.s.)","Up to 125℃,Certified by safety standard,Reflow soldering,ComplieswithRoHS,ComplieswithREACH",,"Safety Standard Certified Chip Multilayer Ceramic Capacitors for Consumer Electronics & Industrial Equipment","54mg",,,,,,,"YES","YES"
"GA342A1XGF120JW31#","In Production","CE×Consumer equipment,IE×Industrial Equipment,AIC×Automotive infotainment/comfort equipment,MeI×Medical equipment [GHTF A/B/C] except for implant equipment","Appearance Photo","4.5mm ±0.3mm","2mm ±0.2mm","1mm +0mm/-0.3mm","1mm","JIS","SL","-55～125℃","12pF","±5%",,"1,000Vdc",,,"1,000Vdc",,"250Vac(r.m.s.)",,,"250Vac(r.m.s.)","Up to 125℃,Certified by safety standard,Reflow soldering,ComplieswithRoHS,ComplieswithREACH",,"Safety Standard Certified Chip Multilayer Ceramic Capacitors for Consumer Electronics & Industrial Equipment","54mg",,,,,,,"YES","YES"
"GA342A1XGF150JW31#","In Production","CE×Consumer equipment,IE×Industrial Equipment,AIC×Automotive infotainment/comfort equipment,MeI×Medical equipment [GHTF A/B/C] except for implant equipment","Appearance Photo","4.5mm ±0.3mm","2mm ±0.2mm","1mm +0mm/-0.3mm","1mm","JIS","SL","-55～125℃","15pF","±5%",,"1,000Vdc",,,"1,000Vdc",,"250Vac(r.m.s.)",,,"250Vac(r.m.s.)","Up to 125℃,Certified by safety standard,Reflow soldering,ComplieswithRoHS,ComplieswithREACH",,"Safety Standard Certified Chip Multilayer Ceramic Capacitors for Consumer Electronics & Industrial Equipment","54mg",,,,,,,"YES","YES"
"GA342A1XGF180JW31#","In Production","CE×Consumer equipment,IE×Industrial Equipment,AIC×Automotive infotainment/comfort equipment,MeI×Medical equipment [GHTF A/B/C] except for implant equipment","Appearance Photo","4.5mm ±0.3mm","2mm ±0.2mm","1mm +0mm/-0.3mm","1mm","JIS","SL","-55～125℃","18pF","±5%",,"1,000Vdc",,,"1,000Vdc",,"250Vac(r.m.s.)",,,"250Vac(r.m.s.)","Up to 125℃,Certified by safety standard,Reflow soldering,ComplieswithRoHS,ComplieswithREACH",,"Safety Standard Certified Chip Multilayer Ceramic Capacitors for Consumer Electronics & Industrial Equipment","54mg",,,,,,,"YES","YES"
"GA342A1XGF220JW31#","In Production","CE×Consumer equipment,IE×Industrial Equipment,AIC×Automotive infotainment/comfort equipment,MeI×Medical equipment [GHTF A/B/C] except for implant equipment","Appearance Photo","4.5mm ±0.3mm","2mm ±0.2mm","1mm +0mm/-0.3mm","1mm","JIS","SL","-55～125℃","22pF","±5%",,"1,000Vdc",,,"1,000Vdc",,"250Vac(r.m.s.)",,,"250Vac(r.m.s.)","Up to 125℃,Certified by safety standard,Reflow soldering,ComplieswithRoHS,ComplieswithREACH",,"Safety Standard Certified Chip Multilayer Ceramic Capacitors for Consumer Electronics & Industrial Equipment","54mg",,,,,,,"YES","YES"
"GA342A1XGF270JW31#","In Production","CE×Consumer equipment,IE×Industrial Equipment,AIC×Automotive infotainment/comfort equipment,MeI×Medical equipment [GHTF A/B/C] except for implant equipment","Appearance Photo","4.5mm ±0.3mm","2mm ±0.2mm","1mm +0mm/-0.3mm","1mm","JIS","SL","-55～125℃","27pF","±5%",,"1,000Vdc",,,"1,000Vdc",,"250Vac(r.m.s.)",,,"250Vac(r.m.s.)","Up to 125℃,Certified by safety standard,Reflow soldering,ComplieswithRoHS,ComplieswithREACH",,"Safety Standard Certified Chip Multilayer Ceramic Capacitors for Consumer Electronics & Industrial Equipment","54mg",,,,,,,"YES","YES"
"GA342A1XGF330JW31#","In Production","CE×Consumer equipment,IE×Industrial Equipment,AIC×Automotive infotainment/comfort equipment,MeI×Medical equipment [GHTF A/B/C] except for implant equipment","Appearance Photo","4.5mm ±0.3mm","2mm ±0.2mm","1mm +0mm/-0.3mm","1mm","JIS","SL","-55～125℃","33pF","±5%",,"1,000Vdc",,,"1,000Vdc",,"250Vac(r.m.s.)",,,"250Vac(r.m.s.)","Up to 125℃,Certified by safety standard,Reflow soldering,ComplieswithRoHS,ComplieswithREACH",,"Safety Standard Certified Chip Multilayer Ceramic Capacitors for Consumer Electronics & Industrial Equipment","54mg",,,,,,,"YES","YES"
"GA342A1XGF390JW31#","In Production","CE×Consumer equipment,IE×Industrial Equipment,AIC×Automotive infotainment/comfort equipment,MeI×Medical equipment [GHTF A/B/C] except for implant equipment","Appearance Photo","4.5mm ±0.3mm","2mm ±0.2mm","1mm +0mm/-0.3mm","1mm","JIS","SL","-55～125℃","39pF","±5%",,"1,000Vdc",,,"1,000Vdc",,"250Vac(r.m.s.)",,,"250Vac(r.m.s.)","Up to 125℃,Certified by safety standard,Reflow soldering,ComplieswithRoHS,ComplieswithREACH",,"Safety Standard Certified Chip Multilayer Ceramic Capacitors for Consumer Electronics & Industrial Equipment","54mg",,,,,,,"YES","YES"
"GA342A1XGF470JW31#","In Production","CE×Consumer equipment,IE×Industrial Equipment,AIC×Automotive infotainment/comfort equipment,MeI×Medical equipment [GHTF A/B/C] except for implant equipment","Appearance Photo","4.5mm ±0.3mm","2mm ±0.2mm","1mm +0mm/-0.3mm","1mm","JIS","SL","-55～125℃","47pF","±5%",,"1,000Vdc",,,"1,000Vdc",,"250Vac(r.m.s.)",,,"250Vac(r.m.s.)","Up to 125℃,Certified by safety standard,Reflow soldering,ComplieswithRoHS,ComplieswithREACH",,"Safety Standard Certified Chip Multilayer Ceramic Capacitors for Consumer Electronics & Industrial Equipment","54mg",,,,,,,"YES","YES"
"GA342A1XGF560JW31#","In Production","CE×Consumer equipment,IE×Industrial Equipment,AIC×Automotive infotainment/comfort equipment,MeI×Medical equipment [GHTF A/B/C] except for implant equipment","Appearance Photo","4.5mm ±0.3mm","2mm ±0.2mm","1mm +0mm/-0.3mm","1mm","JIS","SL","-55～125℃","56pF","±5%",,"1,000Vdc",,,"1,000Vdc",,"250Vac(r.m.s.)",,,"250Vac(r.m.s.)","Up to 125℃,Certified by safety standard,Reflow soldering,ComplieswithRoHS,ComplieswithREACH",,"Safety Standard Certified Chip Multilayer Ceramic Capacitors for Consumer Electronics & Industrial Equipment","54mg",,,,,,,"YES","YES"
"GA342A1XGF680JW31#","In Production","CE×Consumer equipment,IE×Industrial Equipment,AIC×Automotive infotainment/comfort equipment,MeI×Medical equipment [GHTF A/B/C] except for implant equipment","Appearance Photo","4.5mm ±0.3mm","2mm ±0.2mm","1mm +0mm/-0.3mm","1mm","JIS","SL","-55～125℃","68pF","±5%",,"1,000Vdc",,,"1,000Vdc",,"250Vac(r.m.s.)",,,"250Vac(r.m.s.)","Up to 125℃,Certified by safety standard,Reflow soldering,ComplieswithRoHS,ComplieswithREACH",,"Safety Standard Certified Chip Multilayer Ceramic Capacitors for Consumer Electronics & Industrial Equipment","54mg",,,,,,,"YES","YES"
"GA342A1XGF820JW31#","In Production","CE×Consumer equipment,IE×Industrial Equipment,AIC×Automotive infotainment/comfort equipment,MeI×Medical equipment [GHTF A/B/C] except for implant equipment","Appearance Photo","4.5mm ±0.3mm","2mm ±0.2mm","1mm +0mm/-0.3mm","1mm","JIS","SL","-55～125℃","82pF","±5%",,"1,000Vdc",,,"1,000Vdc",,"250Vac(r.m.s.)",,,"250Vac(r.m.s.)","Up to 125℃,Certified by safety standard,Reflow soldering,ComplieswithRoHS,ComplieswithREACH",,"Safety Standard Certified Chip Multilayer Ceramic Capacitors for Consumer Electronics & Industrial Equipment","54mg",,,,,,,"YES","YES"
"GA342DR7GF102KW02#","In Production","CE×Consumer equipment,IE×Industrial Equipment,AIC×Automotive infotainment/comfort equipment,MeI×Medical equipment [GHTF A/B/C] except for implant equipment","Appearance Photo","4.5mm ±0.3mm","2mm ±0.2mm","2mm ±0.2mm","2.2mm","EIA","X7R","-55～125℃","1,000pF","±10%",,"1,000Vdc",,,"1,000Vdc",,"250Vac(r.m.s.)",,,"250Vac(r.m.s.)","Up to 125℃,Certified by safety standard,Reflow soldering,ComplieswithRoHS,ComplieswithREACH",,"Safety Standard Certified Chip Multilayer Ceramic Capacitors for Consumer Electronics & Industrial Equipment","90mg",,,,,,,"YES","YES"
"GA342DR7GF221KW02#","In Production","CE×Consumer equipment,IE×Industrial Equipment,AIC×Automotive infotainment/comfort equipment,MeI×Medical equipment [GHTF A/B/C] except for implant equipment","Appearance Photo","4.5mm ±0.3mm","2mm ±0.2mm","2mm ±0.2mm","2.2mm","EIA","X7R","-55～125℃","220pF","±10%",,"1,000Vdc",,,"1,000Vdc",,"250Vac(r.m.s.)",,,"250Vac(r.m.s.)","Up to 125℃,Certified by safety standard,Reflow soldering,ComplieswithRoHS,ComplieswithREACH",,"Safety Standard Certified Chip Multilayer Ceramic Capacitors for Consumer Electronics & Industrial Equipment","90mg",,,,,,,"YES","YES"
"GA342DR7GF331KW02#","In Production","CE×Consumer equipment,IE×Industrial Equipment,AIC×Automotive infotainment/comfort equipment,MeI×Medical equipment [GHTF A/B/C] except for implant equipment","Appearance Photo","4.5mm ±0.3mm","2mm ±0.2mm","2mm ±0.2mm","2.2mm","EIA","X7R","-55～125℃","330pF","±10%",,"1,000Vdc",,,"1,000Vdc",,"250Vac(r.m.s.)",,,"250Vac(r.m.s.)","Up to 125℃,Certified by safety standard,Reflow soldering,ComplieswithRoHS,ComplieswithREACH",,"Safety Standard Certified Chip Multilayer Ceramic Capacitors for Consumer Electronics & Industrial Equipment","90mg",,,,,,,"YES","YES"
"GA342QR7GF101KW01#","In Production","CE×Consumer equipment,IE×Industrial Equipment,AIC×Automotive infotainment/comfort equipment,MeI×Medical equipment [GHTF A/B/C] except for implant equipment","Appearance Photo","4.5mm ±0.3mm","2mm ±0.2mm","1.5mm +0mm/-0.3mm","1.5mm","EIA","X7R","-55～125℃","100pF","±10%",,"1,000Vdc",,,"1,000Vdc",,"250Vac(r.m.s.)",,,"250Vac(r.m.s.)","Up to 125℃,Certified by safety standard,Reflow soldering,ComplieswithRoHS,ComplieswithREACH",,"Safety Standard Certified Chip Multilayer Ceramic Capacitors for Consumer Electronics & Industrial Equipment","68mg",,,,,,,"YES","YES"
"GA342QR7GF151KW01#","In Production","CE×Consumer equipment,IE×Industrial Equipment,AIC×Automotive infotainment/comfort equipment,MeI×Medical equipment [GHTF A/B/C] except for implant equipment","Appearance Photo","4.5mm ±0.3mm","2mm ±0.2mm","1.5mm +0mm/-0.3mm","1.5mm","EIA","X7R","-55～125℃","150pF","±10%",,"1,000Vdc",,,"1,000Vdc",,"250Vac(r.m.s.)",,,"250Vac(r.m.s.)","Up to 125℃,Certified by safety standard,Reflow soldering,ComplieswithRoHS,ComplieswithREACH",,"Safety Standard Certified Chip Multilayer Ceramic Capacitors for Consumer Electronics & Industrial Equipment","68mg",,,,,,,"YES","YES"
"GA342QR7GF471KW01#","In Production","CE×Consumer equipment,IE×Industrial Equipment,AIC×Automotive infotainment/comfort equipment,MeI×Medical equipment [GHTF A/B/C] except for implant equipment","Appearance Photo","4.5mm ±0.3mm","2mm ±0.2mm","1.5mm +0mm/-0.3mm","1.5mm","EIA","X7R","-55～125℃","470pF","±10%",,"1,000Vdc",,,"1,000Vdc",,"250Vac(r.m.s.)",,,"250Vac(r.m.s.)","Up to 125℃,Certified by safety standard,Reflow soldering,ComplieswithRoHS,ComplieswithREACH",,"Safety Standard Certified Chip Multilayer Ceramic Capacitors for Consumer Electronics & Industrial Equipment","68mg",,,,,,,"YES","YES"
"GA342QR7GF681KW01#","In Production","CE×Consumer equipment,IE×Industrial Equipment,AIC×Automotive infotainment/comfort equipment,MeI×Medical equipment [GHTF A/B/C] except for implant equipment","Appearance Photo","4.5mm ±0.3mm","2mm ±0.2mm","1.5mm +0mm/-0.3mm","1.5mm","EIA","X7R","-55～125℃","680pF","±10%",,"1,000Vdc",,,"1,000Vdc",,"250Vac(r.m.s.)",,,"250Vac(r.m.s.)","Up to 125℃,Certified by safety standard,Reflow soldering,ComplieswithRoHS,ComplieswithREACH",,"Safety Standard Certified Chip Multilayer Ceramic Capacitors for Consumer Electronics & Industrial Equipment","68mg",,,,,,,"YES","YES"
"GA352QR7GF101KW31#","In Production","CE×Consumer equipment,IE×Industrial Equipment,AIC×Automotive infotainment/comfort equipment,MeI×Medical equipment [GHTF A/B/C] except for implant equipment","Appearance Photo","5.7mm ±0.4mm","2.8mm ±0.3mm","1.5mm +0mm/-0.3mm","1.5mm","EIA","X7R","-55～125℃","100pF","±10%",,"1,000Vdc",,,"1,000Vdc",,"250Vac(r.m.s.)",,,"250Vac(r.m.s.)","Up to 125℃,Certified by safety standard,Reflow soldering,ComplieswithRoHS,ComplieswithREACH",,"Safety Standard Certified Chip Multilayer Ceramic Capacitors for Consumer Electronics & Industrial Equipment","120mg",,,,,,,"YES","YES"
"GA352QR7GF102KW01#","In Production","CE×Consumer equipment,IE×Industrial Equipment,AIC×Automotive infotainment/comfort equipment,MeI×Medical equipment [GHTF A/B/C] except for implant equipment","Appearance Photo","5.7mm ±0.4mm","2.8mm ±0.3mm","1.5mm +0mm/-0.3mm","1.5mm","EIA","X7R","-55～125℃","1,000pF","±10%",,"1,000Vdc",,,"1,000Vdc",,"250Vac(r.m.s.)",,,"250Vac(r.m.s.)","Up to 125℃,Certified by safety standard,Reflow soldering,ComplieswithRoHS,ComplieswithREACH",,"Safety Standard Certified Chip Multilayer Ceramic Capacitors for Consumer Electronics & Industrial Equipment","120mg",,,,,,,"YES","YES"
"GA352QR7GF151KW31#","In Production","CE×Consumer equipment,IE×Industrial Equipment,AIC×Automotive infotainment/comfort equipment,MeI×Medical equipment [GHTF A/B/C] except for implant equipment","Appearance Photo","5.7mm ±0.4mm","2.8mm ±0.3mm","1.5mm +0mm/-0.3mm","1.5mm","EIA","X7R","-55～125℃","150pF","±10%",,"1,000Vdc",,,"1,000Vdc",,"250Vac(r.m.s.)",,,"250Vac(r.m.s.)","Up to 125℃,Certified by safety standard,Reflow soldering,ComplieswithRoHS,ComplieswithREACH",,"Safety Standard Certified Chip Multilayer Ceramic Capacitors for Consumer Electronics & Industrial Equipment","120mg",,,,,,,"YES","YES"
"GA352QR7GF152KW01#","In Production","CE×Consumer equipment,IE×Industrial Equipment,AIC×Automotive infotainment/comfort equipment,MeI×Medical equipment [GHTF A/B/C] except for implant equipment","Appearance Photo","5.7mm ±0.4mm","2.8mm ±0.3mm","1.5mm +0mm/-0.3mm","1.5mm","EIA","X7R","-55～125℃","1,500pF","±10%",,"1,000Vdc",,,"1,000Vdc",,"250Vac(r.m.s.)",,,"250Vac(r.m.s.)","Up to 125℃,Certified by safety standard,Reflow soldering,ComplieswithRoHS,ComplieswithREACH",,"Safety Standard Certified Chip Multilayer Ceramic Capacitors for Consumer Electronics & Industrial Equipment","120mg",,,,,,,"YES","YES"
"GA352QR7GF221KW31#","In Production","CE×Consumer equipment,IE×Industrial Equipment,AIC×Automotive infotainment/comfort equipment,MeI×Medical equipment [GHTF A/B/C] except for implant equipment","Appearance Photo","5.7mm ±0.4mm","2.8mm ±0.3mm","1.5mm +0mm/-0.3mm","1.5mm","EIA","X7R","-55～125℃","220pF","±10%",,"1,000Vdc",,,"1,000Vdc",,"250Vac(r.m.s.)",,,"250Vac(r.m.s.)","Up to 125℃,Certified by safety standard,Reflow soldering,ComplieswithRoHS,ComplieswithREACH",,"Safety Standard Certified Chip Multilayer Ceramic Capacitors for Consumer Electronics & Industrial Equipment","120mg",,,,,,,"YES","YES"
"GA352QR7GF331KW31#","In Production","CE×Consumer equipment,IE×Industrial Equipment,AIC×Automotive infotainment/comfort equipment,MeI×Medical equipment [GHTF A/B/C] except for implant equipment","Appearance Photo","5.7mm ±0.4mm","2.8mm ±0.3mm","1.5mm +0mm/-0.3mm","1.5mm","EIA","X7R","-55～125℃","330pF","±10%",,"1,000Vdc",,,"1,000Vdc",,"250Vac(r.m.s.)",,,"250Vac(r.m.s.)","Up to 125℃,Certified by safety standard,Reflow soldering,ComplieswithRoHS,ComplieswithREACH",,"Safety Standard Certified Chip Multilayer Ceramic Capacitors for Consumer Electronics & Industrial Equipment","120mg",,,,,,,"YES","YES"
"GA352QR7GF471KW01#","In Production","CE×Consumer equipment,IE×Industrial Equipment,AIC×Automotive infotainment/comfort equipment,MeI×Medical equipment [GHTF A/B/C] except for implant equipment","Appearance Photo","5.7mm ±0.4mm","2.8mm ±0.3mm","1.5mm +0mm/-0.3mm","1.5mm","EIA","X7R","-55～125℃","470pF","±10%",,"1,000Vdc",,,"1,000Vdc",,"250Vac(r.m.s.)",,,"250Vac(r.m.s.)","Up to 125℃,Certified by safety standard,Reflow soldering,ComplieswithRoHS,ComplieswithREACH",,"Safety Standard Certified Chip Multilayer Ceramic Capacitors for Consumer Electronics & Industrial Equipment","120mg",,,,,,,"YES","YES"
"GA352QR7GF681KW01#","In Production","CE×Consumer equipment,IE×Industrial Equipment,AIC×Automotive infotainment/comfort equipment,MeI×Medical equipment [GHTF A/B/C] except for implant equipment","Appearance Photo","5.7mm ±0.4mm","2.8mm ±0.3mm","1.5mm +0mm/-0.3mm","1.5mm","EIA","X7R","-55～125℃","680pF","±10%",,"1,000Vdc",,,"1,000Vdc",,"250Vac(r.m.s.)",,,"250Vac(r.m.s.)","Up to 125℃,Certified by safety standard,Reflow soldering,ComplieswithRoHS,ComplieswithREACH",,"Safety Standard Certified Chip Multilayer Ceramic Capacitors for Consumer Electronics & Industrial Equipment","120mg",,,,,,,"YES","YES"
"GA355DR7GF472KW01#","In Production","CE×Consumer equipment,IE×Industrial Equipment,AIC×Automotive infotainment/comfort equipment,MeI×Medical equipment [GHTF A/B/C] except for implant equipment","Appearance Photo","5.7mm ±0.4mm","5mm ±0.4mm","2mm +0mm/-0.3mm","2mm","EIA","X7R","-55～125℃","4,700pF","±10%",,"1,000Vdc",,,"1,000Vdc",,"250Vac(r.m.s.)",,,"250Vac(r.m.s.)","Up to 125℃,Certified by safety standard,Reflow soldering,ComplieswithRoHS,ComplieswithREACH",,"Safety Standard Certified Chip Multilayer Ceramic Capacitors for Consumer Electronics & Industrial Equipment","290mg",,,,,,,"YES","YES"
"GA355QR7GF182KW01#","In Production","CE×Consumer equipment,IE×Industrial Equipment,AIC×Automotive infotainment/comfort equipment,MeI×Medical equipment [GHTF A/B/C] except for implant equipment","Appearance Photo","5.7mm ±0.4mm","5mm ±0.4mm","1.5mm +0mm/-0.3mm","1.5mm","EIA","X7R","-55～125℃","1,800pF","±10%",,"1,000Vdc",,,"1,000Vdc",,"250Vac(r.m.s.)",,,"250Vac(r.m.s.)","Up to 125℃,Certified by safety standard,Reflow soldering,ComplieswithRoHS,ComplieswithREACH",,"Safety Standard Certified Chip Multilayer Ceramic Capacitors for Consumer Electronics & Industrial Equipment","220mg",,,,,,,"YES","YES"
"GA355QR7GF222KW01#","In Production","CE×Consumer equipment,IE×Industrial Equipment,AIC×Automotive infotainment/comfort equipment,MeI×Medical equipment [GHTF A/B/C] except for implant equipment","Appearance Photo","5.7mm ±0.4mm","5mm ±0.4mm","1.5mm +0mm/-0.3mm","1.5mm","EIA","X7R","-55～125℃","2,200pF","±10%",,"1,000Vdc",,,"1,000Vdc",,"250Vac(r.m.s.)",,,"250Vac(r.m.s.)","Up to 125℃,Certified by safety standard,Reflow soldering,ComplieswithRoHS,ComplieswithREACH",,"Safety Standard Certified Chip Multilayer Ceramic Capacitors for Consumer Electronics & Industrial Equipment","220mg",,,,,,,"YES","YES"
"GA355QR7GF332KW01#","In Production","CE×Consumer equipment,IE×Industrial Equipment,AIC×Automotive infotainment/comfort equipment,MeI×Medical equipment [GHTF A/B/C] except for implant equipment","Appearance Photo","5.7mm ±0.4mm","5mm ±0.4mm","1.5mm +0mm/-0.3mm","1.5mm","EIA","X7R","-55～125℃","3,300pF","±10%",,"1,000Vdc",,,"1,000Vdc",,"250Vac(r.m.s.)",,,"250Vac(r.m.s.)","Up to 125℃,Certified by safety standard,Reflow soldering,ComplieswithRoHS,ComplieswithREACH",,"Safety Standard Certified Chip Multilayer Ceramic Capacitors for Consumer Electronics & Industrial Equipment","220mg",,,,,,,"YES","YES"
