"Parts no","Product","Product status","Catalog / Datasheet","Series/Type","Body Type","AC or DC","Rated voltage (V)","Category Temp. Range (°C)","Capacitance (µF)","Capacitance tolerance (%)","Dielectric material","L Dimension (mm)","T Dimension (mm)","H Dimension (mm)","Lead spacing (mm)","Shape of lead wire","Packaging","AEC-Q200","Safety Mechanism"
"ECHU1C101GX5","Film Capacitors (Electronic Equipment Use)","Active","https://industrial.panasonic.com/cdbs/www-data/pdf/RDI0000/ABD0000C173.pdf","ECHU(X)","Surface mount type","DC","16.0","-55 to 125","0.000100","-2 - 2","PPS","1.6","0.80","0.7","-","Non lead wire","8.0W180A emboss taping (reel packing)","Not base on","Not installed"
"ECHU1C101JX5","Film Capacitors (Electronic Equipment Use)","Active","https://industrial.panasonic.com/cdbs/www-data/pdf/RDI0000/ABD0000C173.pdf","ECHU(X)","Surface mount type","DC","16.0","-55 to 125","0.000100","-5 - 5","PPS","1.6","0.80","0.7","-","Non lead wire","8.0W180A emboss taping (reel packing)","Not base on","Not installed"
"ECHU1C102GX5","Film Capacitors (Electronic Equipment Use)","Active","https://industrial.panasonic.com/cdbs/www-data/pdf/RDI0000/ABD0000C173.pdf","ECHU(X)","Surface mount type","DC","16.0","-55 to 125","0.001000","-2 - 2","PPS","1.6","0.80","0.7","-","Non lead wire","8.0W180A emboss taping (reel packing)","Not base on","Not installed"
"ECHU1C102JX5","Film Capacitors (Electronic Equipment Use)","Active","https://industrial.panasonic.com/cdbs/www-data/pdf/RDI0000/ABD0000C173.pdf","ECHU(X)","Surface mount type","DC","16.0","-55 to 125","0.001000","-5 - 5","PPS","1.6","0.80","0.7","-","Non lead wire","8.0W180A emboss taping (reel packing)","Not base on","Not installed"
"ECHU1C103GX5","Film Capacitors (Electronic Equipment Use)","Active","https://industrial.panasonic.com/cdbs/www-data/pdf/RDI0000/ABD0000C173.pdf","ECHU(X)","Surface mount type","DC","16.0","-55 to 125","0.010000","-2 - 2","PPS","2.0","1.25","1.1","-","Non lead wire","8.0W180A emboss taping (reel packing)","Not base on","Not installed"
"ECHU1C103JX5","Film Capacitors (Electronic Equipment Use)","Active","https://industrial.panasonic.com/cdbs/www-data/pdf/RDI0000/ABD0000C173.pdf","ECHU(X)","Surface mount type","DC","16.0","-55 to 125","0.010000","-5 - 5","PPS","2.0","1.25","1.1","-","Non lead wire","8.0W180A emboss taping (reel packing)","Not base on","Not installed"
"ECHU1C104GX5","Film Capacitors (Electronic Equipment Use)","Active","https://industrial.panasonic.com/cdbs/www-data/pdf/RDI0000/ABD0000C173.pdf","ECHU(X)","Surface mount type","DC","16.0","-55 to 125","0.100000","-2 - 2","PPS","3.2","2.50","2.1","-","Non lead wire","8.0W180A emboss taping (reel packing)","Not base on","Not installed"
"ECHU1C104JX5","Film Capacitors (Electronic Equipment Use)","Active","https://industrial.panasonic.com/cdbs/www-data/pdf/RDI0000/ABD0000C173.pdf","ECHU(X)","Surface mount type","DC","16.0","-55 to 125","0.100000","-5 - 5","PPS","3.2","2.50","2.1","-","Non lead wire","8.0W180A emboss taping (reel packing)","Not base on","Not installed"
"ECHU1C121GX5","Film Capacitors (Electronic Equipment Use)","Active","https://industrial.panasonic.com/cdbs/www-data/pdf/RDI0000/ABD0000C173.pdf","ECHU(X)","Surface mount type","DC","16.0","-55 to 125","0.000120","-2 - 2","PPS","1.6","0.80","0.7","-","Non lead wire","8.0W180A emboss taping (reel packing)","Not base on","Not installed"
"ECHU1C121JX5","Film Capacitors (Electronic Equipment Use)","Active","https://industrial.panasonic.com/cdbs/www-data/pdf/RDI0000/ABD0000C173.pdf","ECHU(X)","Surface mount type","DC","16.0","-55 to 125","0.000120","-5 - 5","PPS","1.6","0.80","0.7","-","Non lead wire","8.0W180A emboss taping (reel packing)","Not base on","Not installed"
"ECHU1C122GX5","Film Capacitors (Electronic Equipment Use)","Active","https://industrial.panasonic.com/cdbs/www-data/pdf/RDI0000/ABD0000C173.pdf","ECHU(X)","Surface mount type","DC","16.0","-55 to 125","0.001200","-2 - 2","PPS","1.6","0.80","0.7","-","Non lead wire","8.0W180A emboss taping (reel packing)","Not base on","Not installed"
"ECHU1C122JX5","Film Capacitors (Electronic Equipment Use)","Active","https://industrial.panasonic.com/cdbs/www-data/pdf/RDI0000/ABD0000C173.pdf","ECHU(X)","Surface mount type","DC","16.0","-55 to 125","0.001200","-5 - 5","PPS","1.6","0.80","0.7","-","Non lead wire","8.0W180A emboss taping (reel packing)","Not base on","Not installed"
"ECHU1C123GX5","Film Capacitors (Electronic Equipment Use)","Active","https://industrial.panasonic.com/cdbs/www-data/pdf/RDI0000/ABD0000C173.pdf","ECHU(X)","Surface mount type","DC","16.0","-55 to 125","0.012000","-2 - 2","PPS","3.2","1.60","0.9","-","Non lead wire","8.0W180A emboss taping (reel packing)","Not base on","Not installed"
"ECHU1C123JX5","Film Capacitors (Electronic Equipment Use)","Active","https://industrial.panasonic.com/cdbs/www-data/pdf/RDI0000/ABD0000C173.pdf","ECHU(X)","Surface mount type","DC","16.0","-55 to 125","0.012000","-5 - 5","PPS","3.2","1.60","0.9","-","Non lead wire","8.0W180A emboss taping (reel packing)","Not base on","Not installed"
"ECHU1C151GX5","Film Capacitors (Electronic Equipment Use)","Active","https://industrial.panasonic.com/cdbs/www-data/pdf/RDI0000/ABD0000C173.pdf","ECHU(X)","Surface mount type","DC","16.0","-55 to 125","0.000150","-2 - 2","PPS","1.6","0.80","0.7","-","Non lead wire","8.0W180A emboss taping (reel packing)","Not base on","Not installed"
"ECHU1C151JX5","Film Capacitors (Electronic Equipment Use)","Active","https://industrial.panasonic.com/cdbs/www-data/pdf/RDI0000/ABD0000C173.pdf","ECHU(X)","Surface mount type","DC","16.0","-55 to 125","0.000150","-5 - 5","PPS","1.6","0.80","0.7","-","Non lead wire","8.0W180A emboss taping (reel packing)","Not base on","Not installed"
"ECHU1C152GX5","Film Capacitors (Electronic Equipment Use)","Active","https://industrial.panasonic.com/cdbs/www-data/pdf/RDI0000/ABD0000C173.pdf","ECHU(X)","Surface mount type","DC","16.0","-55 to 125","0.001500","-2 - 2","PPS","1.6","0.80","0.7","-","Non lead wire","8.0W180A emboss taping (reel packing)","Not base on","Not installed"
"ECHU1C152JX5","Film Capacitors (Electronic Equipment Use)","Active","https://industrial.panasonic.com/cdbs/www-data/pdf/RDI0000/ABD0000C173.pdf","ECHU(X)","Surface mount type","DC","16.0","-55 to 125","0.001500","-5 - 5","PPS","1.6","0.80","0.7","-","Non lead wire","8.0W180A emboss taping (reel packing)","Not base on","Not installed"
"ECHU1C153GX5","Film Capacitors (Electronic Equipment Use)","Active","https://industrial.panasonic.com/cdbs/www-data/pdf/RDI0000/ABD0000C173.pdf","ECHU(X)","Surface mount type","DC","16.0","-55 to 125","0.015000","-2 - 2","PPS","3.2","1.60","0.9","-","Non lead wire","8.0W180A emboss taping (reel packing)","Not base on","Not installed"
"ECHU1C153JX5","Film Capacitors (Electronic Equipment Use)","Active","https://industrial.panasonic.com/cdbs/www-data/pdf/RDI0000/ABD0000C173.pdf","ECHU(X)","Surface mount type","DC","16.0","-55 to 125","0.015000","-5 - 5","PPS","3.2","1.60","0.9","-","Non lead wire","8.0W180A emboss taping (reel packing)","Not base on","Not installed"
"ECHU1C181GX5","Film Capacitors (Electronic Equipment Use)","Active","https://industrial.panasonic.com/cdbs/www-data/pdf/RDI0000/ABD0000C173.pdf","ECHU(X)","Surface mount type","DC","16.0","-55 to 125","0.000180","-2 - 2","PPS","1.6","0.80","0.7","-","Non lead wire","8.0W180A emboss taping (reel packing)","Not base on","Not installed"
"ECHU1C181JX5","Film Capacitors (Electronic Equipment Use)","Active","https://industrial.panasonic.com/cdbs/www-data/pdf/RDI0000/ABD0000C173.pdf","ECHU(X)","Surface mount type","DC","16.0","-55 to 125","0.000180","-5 - 5","PPS","1.6","0.80","0.7","-","Non lead wire","8.0W180A emboss taping (reel packing)","Not base on","Not installed"
"ECHU1C182GX5","Film Capacitors (Electronic Equipment Use)","Active","https://industrial.panasonic.com/cdbs/www-data/pdf/RDI0000/ABD0000C173.pdf","ECHU(X)","Surface mount type","DC","16.0","-55 to 125","0.001800","-2 - 2","PPS","1.6","0.80","0.7","-","Non lead wire","8.0W180A emboss taping (reel packing)","Not base on","Not installed"
"ECHU1C182JX5","Film Capacitors (Electronic Equipment Use)","Active","https://industrial.panasonic.com/cdbs/www-data/pdf/RDI0000/ABD0000C173.pdf","ECHU(X)","Surface mount type","DC","16.0","-55 to 125","0.001800","-5 - 5","PPS","1.6","0.80","0.7","-","Non lead wire","8.0W180A emboss taping (reel packing)","Not base on","Not installed"
"ECHU1C183GX5","Film Capacitors (Electronic Equipment Use)","Active","https://industrial.panasonic.com/cdbs/www-data/pdf/RDI0000/ABD0000C173.pdf","ECHU(X)","Surface mount type","DC","16.0","-55 to 125","0.018000","-2 - 2","PPS","3.2","1.60","0.9","-","Non lead wire","8.0W180A emboss taping (reel packing)","Not base on","Not installed"
"ECHU1C183JX5","Film Capacitors (Electronic Equipment Use)","Active","https://industrial.panasonic.com/cdbs/www-data/pdf/RDI0000/ABD0000C173.pdf","ECHU(X)","Surface mount type","DC","16.0","-55 to 125","0.018000","-5 - 5","PPS","3.2","1.60","0.9","-","Non lead wire","8.0W180A emboss taping (reel packing)","Not base on","Not installed"
"ECHU1C221GX5","Film Capacitors (Electronic Equipment Use)","Active","https://industrial.panasonic.com/cdbs/www-data/pdf/RDI0000/ABD0000C173.pdf","ECHU(X)","Surface mount type","DC","16.0","-55 to 125","0.000220","-2 - 2","PPS","1.6","0.80","0.7","-","Non lead wire","8.0W180A emboss taping (reel packing)","Not base on","Not installed"
"ECHU1C221JX5","Film Capacitors (Electronic Equipment Use)","Active","https://industrial.panasonic.com/cdbs/www-data/pdf/RDI0000/ABD0000C173.pdf","ECHU(X)","Surface mount type","DC","16.0","-55 to 125","0.000220","-5 - 5","PPS","1.6","0.80","0.7","-","Non lead wire","8.0W180A emboss taping (reel packing)","Not base on","Not installed"
"ECHU1C222GX5","Film Capacitors (Electronic Equipment Use)","Active","https://industrial.panasonic.com/cdbs/www-data/pdf/RDI0000/ABD0000C173.pdf","ECHU(X)","Surface mount type","DC","16.0","-55 to 125","0.002200","-2 - 2","PPS","1.6","0.80","0.7","-","Non lead wire","8.0W180A emboss taping (reel packing)","Not base on","Not installed"
"ECHU1C222JX5","Film Capacitors (Electronic Equipment Use)","Active","https://industrial.panasonic.com/cdbs/www-data/pdf/RDI0000/ABD0000C173.pdf","ECHU(X)","Surface mount type","DC","16.0","-55 to 125","0.002200","-5 - 5","PPS","1.6","0.80","0.7","-","Non lead wire","8.0W180A emboss taping (reel packing)","Not base on","Not installed"
"ECHU1C223GX5","Film Capacitors (Electronic Equipment Use)","Active","https://industrial.panasonic.com/cdbs/www-data/pdf/RDI0000/ABD0000C173.pdf","ECHU(X)","Surface mount type","DC","16.0","-55 to 125","0.022000","-2 - 2","PPS","3.2","1.60","0.9","-","Non lead wire","8.0W180A emboss taping (reel packing)","Not base on","Not installed"
"ECHU1C223JX5","Film Capacitors (Electronic Equipment Use)","Active","https://industrial.panasonic.com/cdbs/www-data/pdf/RDI0000/ABD0000C173.pdf","ECHU(X)","Surface mount type","DC","16.0","-55 to 125","0.022000","-5 - 5","PPS","3.2","1.60","0.9","-","Non lead wire","8.0W180A emboss taping (reel packing)","Not base on","Not installed"
"ECHU1C271GX5","Film Capacitors (Electronic Equipment Use)","Active","https://industrial.panasonic.com/cdbs/www-data/pdf/RDI0000/ABD0000C173.pdf","ECHU(X)","Surface mount type","DC","16.0","-55 to 125","0.000270","-2 - 2","PPS","1.6","0.80","0.7","-","Non lead wire","8.0W180A emboss taping (reel packing)","Not base on","Not installed"
"ECHU1C271JX5","Film Capacitors (Electronic Equipment Use)","Active","https://industrial.panasonic.com/cdbs/www-data/pdf/RDI0000/ABD0000C173.pdf","ECHU(X)","Surface mount type","DC","16.0","-55 to 125","0.000270","-5 - 5","PPS","1.6","0.80","0.7","-","Non lead wire","8.0W180A emboss taping (reel packing)","Not base on","Not installed"
"ECHU1C272GX5","Film Capacitors (Electronic Equipment Use)","Active","https://industrial.panasonic.com/cdbs/www-data/pdf/RDI0000/ABD0000C173.pdf","ECHU(X)","Surface mount type","DC","16.0","-55 to 125","0.002700","-2 - 2","PPS","1.6","0.80","0.7","-","Non lead wire","8.0W180A emboss taping (reel packing)","Not base on","Not installed"
"ECHU1C272JX5","Film Capacitors (Electronic Equipment Use)","Active","https://industrial.panasonic.com/cdbs/www-data/pdf/RDI0000/ABD0000C173.pdf","ECHU(X)","Surface mount type","DC","16.0","-55 to 125","0.002700","-5 - 5","PPS","1.6","0.80","0.7","-","Non lead wire","8.0W180A emboss taping (reel packing)","Not base on","Not installed"
"ECHU1C273GX5","Film Capacitors (Electronic Equipment Use)","Active","https://industrial.panasonic.com/cdbs/www-data/pdf/RDI0000/ABD0000C173.pdf","ECHU(X)","Surface mount type","DC","16.0","-55 to 125","0.027000","-2 - 2","PPS","3.2","1.60","1.1","-","Non lead wire","8.0W180A emboss taping (reel packing)","Not base on","Not installed"
"ECHU1C273JX5","Film Capacitors (Electronic Equipment Use)","Active","https://industrial.panasonic.com/cdbs/www-data/pdf/RDI0000/ABD0000C173.pdf","ECHU(X)","Surface mount type","DC","16.0","-55 to 125","0.027000","-5 - 5","PPS","3.2","1.60","1.1","-","Non lead wire","8.0W180A emboss taping (reel packing)","Not base on","Not installed"
"ECHU1C331GX5","Film Capacitors (Electronic Equipment Use)","Active","https://industrial.panasonic.com/cdbs/www-data/pdf/RDI0000/ABD0000C173.pdf","ECHU(X)","Surface mount type","DC","16.0","-55 to 125","0.000330","-2 - 2","PPS","1.6","0.80","0.7","-","Non lead wire","8.0W180A emboss taping (reel packing)","Not base on","Not installed"
"ECHU1C331JX5","Film Capacitors (Electronic Equipment Use)","Active","https://industrial.panasonic.com/cdbs/www-data/pdf/RDI0000/ABD0000C173.pdf","ECHU(X)","Surface mount type","DC","16.0","-55 to 125","0.000330","-5 - 5","PPS","1.6","0.80","0.7","-","Non lead wire","8.0W180A emboss taping (reel packing)","Not base on","Not installed"
"ECHU1C332GX5","Film Capacitors (Electronic Equipment Use)","Active","https://industrial.panasonic.com/cdbs/www-data/pdf/RDI0000/ABD0000C173.pdf","ECHU(X)","Surface mount type","DC","16.0","-55 to 125","0.003300","-2 - 2","PPS","2.0","1.25","0.9","-","Non lead wire","8.0W180A emboss taping (reel packing)","Not base on","Not installed"
"ECHU1C332JX5","Film Capacitors (Electronic Equipment Use)","Active","https://industrial.panasonic.com/cdbs/www-data/pdf/RDI0000/ABD0000C173.pdf","ECHU(X)","Surface mount type","DC","16.0","-55 to 125","0.003300","-5 - 5","PPS","2.0","1.25","0.9","-","Non lead wire","8.0W180A emboss taping (reel packing)","Not base on","Not installed"
"ECHU1C333GX5","Film Capacitors (Electronic Equipment Use)","Active","https://industrial.panasonic.com/cdbs/www-data/pdf/RDI0000/ABD0000C173.pdf","ECHU(X)","Surface mount type","DC","16.0","-55 to 125","0.033000","-2 - 2","PPS","3.2","1.60","1.1","-","Non lead wire","8.0W180A emboss taping (reel packing)","Not base on","Not installed"
"ECHU1C333JX5","Film Capacitors (Electronic Equipment Use)","Active","https://industrial.panasonic.com/cdbs/www-data/pdf/RDI0000/ABD0000C173.pdf","ECHU(X)","Surface mount type","DC","16.0","-55 to 125","0.033000","-5 - 5","PPS","3.2","1.60","1.1","-","Non lead wire","8.0W180A emboss taping (reel packing)","Not base on","Not installed"
"ECHU1C391GX5","Film Capacitors (Electronic Equipment Use)","Active","https://industrial.panasonic.com/cdbs/www-data/pdf/RDI0000/ABD0000C173.pdf","ECHU(X)","Surface mount type","DC","16.0","-55 to 125","0.000390","-2 - 2","PPS","1.6","0.80","0.7","-","Non lead wire","8.0W180A emboss taping (reel packing)","Not base on","Not installed"
"ECHU1C391JX5","Film Capacitors (Electronic Equipment Use)","Active","https://industrial.panasonic.com/cdbs/www-data/pdf/RDI0000/ABD0000C173.pdf","ECHU(X)","Surface mount type","DC","16.0","-55 to 125","0.000390","-5 - 5","PPS","1.6","0.80","0.7","-","Non lead wire","8.0W180A emboss taping (reel packing)","Not base on","Not installed"
"ECHU1C392GX5","Film Capacitors (Electronic Equipment Use)","Active","https://industrial.panasonic.com/cdbs/www-data/pdf/RDI0000/ABD0000C173.pdf","ECHU(X)","Surface mount type","DC","16.0","-55 to 125","0.003900","-2 - 2","PPS","2.0","1.25","0.9","-","Non lead wire","8.0W180A emboss taping (reel packing)","Not base on","Not installed"
"ECHU1C392JX5","Film Capacitors (Electronic Equipment Use)","Active","https://industrial.panasonic.com/cdbs/www-data/pdf/RDI0000/ABD0000C173.pdf","ECHU(X)","Surface mount type","DC","16.0","-55 to 125","0.003900","-5 - 5","PPS","2.0","1.25","0.9","-","Non lead wire","8.0W180A emboss taping (reel packing)","Not base on","Not installed"
"ECHU1C393GX5","Film Capacitors (Electronic Equipment Use)","Active","https://industrial.panasonic.com/cdbs/www-data/pdf/RDI0000/ABD0000C173.pdf","ECHU(X)","Surface mount type","DC","16.0","-55 to 125","0.039000","-2 - 2","PPS","3.2","1.60","1.5","-","Non lead wire","8.0W180A emboss taping (reel packing)","Not base on","Not installed"
"ECHU1C393JX5","Film Capacitors (Electronic Equipment Use)","Active","https://industrial.panasonic.com/cdbs/www-data/pdf/RDI0000/ABD0000C173.pdf","ECHU(X)","Surface mount type","DC","16.0","-55 to 125","0.039000","-5 - 5","PPS","3.2","1.60","1.5","-","Non lead wire","8.0W180A emboss taping (reel packing)","Not base on","Not installed"
"ECHU1C471GX5","Film Capacitors (Electronic Equipment Use)","Active","https://industrial.panasonic.com/cdbs/www-data/pdf/RDI0000/ABD0000C173.pdf","ECHU(X)","Surface mount type","DC","16.0","-55 to 125","0.000470","-2 - 2","PPS","1.6","0.80","0.7","-","Non lead wire","8.0W180A emboss taping (reel packing)","Not base on","Not installed"
"ECHU1C471JX5","Film Capacitors (Electronic Equipment Use)","Active","https://industrial.panasonic.com/cdbs/www-data/pdf/RDI0000/ABD0000C173.pdf","ECHU(X)","Surface mount type","DC","16.0","-55 to 125","0.000470","-5 - 5","PPS","1.6","0.80","0.7","-","Non lead wire","8.0W180A emboss taping (reel packing)","Not base on","Not installed"
"ECHU1C472GX5","Film Capacitors (Electronic Equipment Use)","Active","https://industrial.panasonic.com/cdbs/www-data/pdf/RDI0000/ABD0000C173.pdf","ECHU(X)","Surface mount type","DC","16.0","-55 to 125","0.004700","-2 - 2","PPS","2.0","1.25","0.9","-","Non lead wire","8.0W180A emboss taping (reel packing)","Not base on","Not installed"
"ECHU1C472JX5","Film Capacitors (Electronic Equipment Use)","Active","https://industrial.panasonic.com/cdbs/www-data/pdf/RDI0000/ABD0000C173.pdf","ECHU(X)","Surface mount type","DC","16.0","-55 to 125","0.004700","-5 - 5","PPS","2.0","1.25","0.9","-","Non lead wire","8.0W180A emboss taping (reel packing)","Not base on","Not installed"
"ECHU1C473GX5","Film Capacitors (Electronic Equipment Use)","Active","https://industrial.panasonic.com/cdbs/www-data/pdf/RDI0000/ABD0000C173.pdf","ECHU(X)","Surface mount type","DC","16.0","-55 to 125","0.047000","-2 - 2","PPS","3.2","1.60","1.5","-","Non lead wire","8.0W180A emboss taping (reel packing)","Not base on","Not installed"
"ECHU1C473JX5","Film Capacitors (Electronic Equipment Use)","Active","https://industrial.panasonic.com/cdbs/www-data/pdf/RDI0000/ABD0000C173.pdf","ECHU(X)","Surface mount type","DC","16.0","-55 to 125","0.047000","-5 - 5","PPS","3.2","1.60","1.5","-","Non lead wire","8.0W180A emboss taping (reel packing)","Not base on","Not installed"
"ECHU1C561GX5","Film Capacitors (Electronic Equipment Use)","Active","https://industrial.panasonic.com/cdbs/www-data/pdf/RDI0000/ABD0000C173.pdf","ECHU(X)","Surface mount type","DC","16.0","-55 to 125","0.000560","-2 - 2","PPS","1.6","0.80","0.7","-","Non lead wire","8.0W180A emboss taping (reel packing)","Not base on","Not installed"
"ECHU1C561JX5","Film Capacitors (Electronic Equipment Use)","Active","https://industrial.panasonic.com/cdbs/www-data/pdf/RDI0000/ABD0000C173.pdf","ECHU(X)","Surface mount type","DC","16.0","-55 to 125","0.000560","-5 - 5","PPS","1.6","0.80","0.7","-","Non lead wire","8.0W180A emboss taping (reel packing)","Not base on","Not installed"
"ECHU1C562GX5","Film Capacitors (Electronic Equipment Use)","Active","https://industrial.panasonic.com/cdbs/www-data/pdf/RDI0000/ABD0000C173.pdf","ECHU(X)","Surface mount type","DC","16.0","-55 to 125","0.005600","-2 - 2","PPS","2.0","1.25","0.9","-","Non lead wire","8.0W180A emboss taping (reel packing)","Not base on","Not installed"
"ECHU1C562JX5","Film Capacitors (Electronic Equipment Use)","Active","https://industrial.panasonic.com/cdbs/www-data/pdf/RDI0000/ABD0000C173.pdf","ECHU(X)","Surface mount type","DC","16.0","-55 to 125","0.005600","-5 - 5","PPS","2.0","1.25","0.9","-","Non lead wire","8.0W180A emboss taping (reel packing)","Not base on","Not installed"
"ECHU1C563GX5","Film Capacitors (Electronic Equipment Use)","Active","https://industrial.panasonic.com/cdbs/www-data/pdf/RDI0000/ABD0000C173.pdf","ECHU(X)","Surface mount type","DC","16.0","-55 to 125","0.056000","-2 - 2","PPS","3.2","2.50","1.5","-","Non lead wire","8.0W180A emboss taping (reel packing)","Not base on","Not installed"
"ECHU1C563JX5","Film Capacitors (Electronic Equipment Use)","Active","https://industrial.panasonic.com/cdbs/www-data/pdf/RDI0000/ABD0000C173.pdf","ECHU(X)","Surface mount type","DC","16.0","-55 to 125","0.056000","-5 - 5","PPS","3.2","2.50","1.5","-","Non lead wire","8.0W180A emboss taping (reel packing)","Not base on","Not installed"
"ECHU1C681GX5","Film Capacitors (Electronic Equipment Use)","Active","https://industrial.panasonic.com/cdbs/www-data/pdf/RDI0000/ABD0000C173.pdf","ECHU(X)","Surface mount type","DC","16.0","-55 to 125","0.000680","-2 - 2","PPS","1.6","0.80","0.7","-","Non lead wire","8.0W180A emboss taping (reel packing)","Not base on","Not installed"
"ECHU1C681JX5","Film Capacitors (Electronic Equipment Use)","Active","https://industrial.panasonic.com/cdbs/www-data/pdf/RDI0000/ABD0000C173.pdf","ECHU(X)","Surface mount type","DC","16.0","-55 to 125","0.000680","-5 - 5","PPS","1.6","0.80","0.7","-","Non lead wire","8.0W180A emboss taping (reel packing)","Not base on","Not installed"
"ECHU1C682GX5","Film Capacitors (Electronic Equipment Use)","Active","https://industrial.panasonic.com/cdbs/www-data/pdf/RDI0000/ABD0000C173.pdf","ECHU(X)","Surface mount type","DC","16.0","-55 to 125","0.006800","-2 - 2","PPS","2.0","1.25","0.9","-","Non lead wire","8.0W180A emboss taping (reel packing)","Not base on","Not installed"
"ECHU1C682JX5","Film Capacitors (Electronic Equipment Use)","Active","https://industrial.panasonic.com/cdbs/www-data/pdf/RDI0000/ABD0000C173.pdf","ECHU(X)","Surface mount type","DC","16.0","-55 to 125","0.006800","-5 - 5","PPS","2.0","1.25","0.9","-","Non lead wire","8.0W180A emboss taping (reel packing)","Not base on","Not installed"
"ECHU1C683GX5","Film Capacitors (Electronic Equipment Use)","Active","https://industrial.panasonic.com/cdbs/www-data/pdf/RDI0000/ABD0000C173.pdf","ECHU(X)","Surface mount type","DC","16.0","-55 to 125","0.068000","-2 - 2","PPS","3.2","2.50","1.5","-","Non lead wire","8.0W180A emboss taping (reel packing)","Not base on","Not installed"
"ECHU1C683JX5","Film Capacitors (Electronic Equipment Use)","Active","https://industrial.panasonic.com/cdbs/www-data/pdf/RDI0000/ABD0000C173.pdf","ECHU(X)","Surface mount type","DC","16.0","-55 to 125","0.068000","-5 - 5","PPS","3.2","2.50","1.5","-","Non lead wire","8.0W180A emboss taping (reel packing)","Not base on","Not installed"
"ECHU1C821GX5","Film Capacitors (Electronic Equipment Use)","Active","https://industrial.panasonic.com/cdbs/www-data/pdf/RDI0000/ABD0000C173.pdf","ECHU(X)","Surface mount type","DC","16.0","-55 to 125","0.000820","-2 - 2","PPS","1.6","0.80","0.7","-","Non lead wire","8.0W180A emboss taping (reel packing)","Not base on","Not installed"
"ECHU1C821JX5","Film Capacitors (Electronic Equipment Use)","Active","https://industrial.panasonic.com/cdbs/www-data/pdf/RDI0000/ABD0000C173.pdf","ECHU(X)","Surface mount type","DC","16.0","-55 to 125","0.000820","-5 - 5","PPS","1.6","0.80","0.7","-","Non lead wire","8.0W180A emboss taping (reel packing)","Not base on","Not installed"
"ECHU1C822GX5","Film Capacitors (Electronic Equipment Use)","Active","https://industrial.panasonic.com/cdbs/www-data/pdf/RDI0000/ABD0000C173.pdf","ECHU(X)","Surface mount type","DC","16.0","-55 to 125","0.008200","-2 - 2","PPS","2.0","1.25","1.1","-","Non lead wire","8.0W180A emboss taping (reel packing)","Not base on","Not installed"
"ECHU1C822JX5","Film Capacitors (Electronic Equipment Use)","Active","https://industrial.panasonic.com/cdbs/www-data/pdf/RDI0000/ABD0000C173.pdf","ECHU(X)","Surface mount type","DC","16.0","-55 to 125","0.008200","-5 - 5","PPS","2.0","1.25","1.1","-","Non lead wire","8.0W180A emboss taping (reel packing)","Not base on","Not installed"
"ECHU1C823GX5","Film Capacitors (Electronic Equipment Use)","Active","https://industrial.panasonic.com/cdbs/www-data/pdf/RDI0000/ABD0000C173.pdf","ECHU(X)","Surface mount type","DC","16.0","-55 to 125","0.082000","-2 - 2","PPS","3.2","2.50","2.1","-","Non lead wire","8.0W180A emboss taping (reel packing)","Not base on","Not installed"
"ECHU1C823JX5","Film Capacitors (Electronic Equipment Use)","Active","https://industrial.panasonic.com/cdbs/www-data/pdf/RDI0000/ABD0000C173.pdf","ECHU(X)","Surface mount type","DC","16.0","-55 to 125","0.082000","-5 - 5","PPS","3.2","2.50","2.1","-","Non lead wire","8.0W180A emboss taping (reel packing)","Not base on","Not installed"
"ECHU1H101GX5","Film Capacitors (Electronic Equipment Use)","Active","https://industrial.panasonic.com/cdbs/www-data/pdf/RDI0000/ABD0000C173.pdf","ECHU(X)","Surface mount type","DC","50.0","-55 to 125","0.000100","-2 - 2","PPS","2.0","1.25","0.9","-","Non lead wire","8.0W180A emboss taping (reel packing)","Not base on","Not installed"
"ECHU1H101JX5","Film Capacitors (Electronic Equipment Use)","Active","https://industrial.panasonic.com/cdbs/www-data/pdf/RDI0000/ABD0000C173.pdf","ECHU(X)","Surface mount type","DC","50.0","-55 to 125","0.000100","-5 - 5","PPS","2.0","1.25","0.9","-","Non lead wire","8.0W180A emboss taping (reel packing)","Not base on","Not installed"
"ECHU1H102GX5","Film Capacitors (Electronic Equipment Use)","Active","https://industrial.panasonic.com/cdbs/www-data/pdf/RDI0000/ABD0000C173.pdf","ECHU(X)","Surface mount type","DC","50.0","-55 to 125","0.001000","-2 - 2","PPS","2.0","1.25","0.9","-","Non lead wire","8.0W180A emboss taping (reel packing)","Not base on","Not installed"
"ECHU1H102JX5","Film Capacitors (Electronic Equipment Use)","Active","https://industrial.panasonic.com/cdbs/www-data/pdf/RDI0000/ABD0000C173.pdf","ECHU(X)","Surface mount type","DC","50.0","-55 to 125","0.001000","-5 - 5","PPS","2.0","1.25","0.9","-","Non lead wire","8.0W180A emboss taping (reel packing)","Not base on","Not installed"
"ECHU1H103GX5","Film Capacitors (Electronic Equipment Use)","Active","https://industrial.panasonic.com/cdbs/www-data/pdf/RDI0000/ABD0000C173.pdf","ECHU(X)","Surface mount type","DC","50.0","-55 to 125","0.010000","-2 - 2","PPS","3.2","1.60","1.1","-","Non lead wire","8.0W180A emboss taping (reel packing)","Not base on","Not installed"
"ECHU1H103JX5","Film Capacitors (Electronic Equipment Use)","Active","https://industrial.panasonic.com/cdbs/www-data/pdf/RDI0000/ABD0000C173.pdf","ECHU(X)","Surface mount type","DC","50.0","-55 to 125","0.010000","-5 - 5","PPS","3.2","1.60","1.1","-","Non lead wire","8.0W180A emboss taping (reel packing)","Not base on","Not installed"
"ECHU1H104GX9","Film Capacitors (Electronic Equipment Use)","Active","https://industrial.panasonic.com/cdbs/www-data/pdf/RDI0000/ABD0000C173.pdf","ECHU(X)","Surface mount type","DC","50.0","-55 to 125","0.100000","-2 - 2","PPS","4.8","3.30","2.1","-","Non lead wire","12.0W embossed carrier taping (reel packing)","Not base on","Not installed"
"ECHU1H104JX9","Film Capacitors (Electronic Equipment Use)","Active","https://industrial.panasonic.com/cdbs/www-data/pdf/RDI0000/ABD0000C173.pdf","ECHU(X)","Surface mount type","DC","50.0","-55 to 125","0.100000","-5 - 5","PPS","4.8","3.30","2.1","-","Non lead wire","12.0W embossed carrier taping (reel packing)","Not base on","Not installed"
"ECHU1H121GX5","Film Capacitors (Electronic Equipment Use)","Active","https://industrial.panasonic.com/cdbs/www-data/pdf/RDI0000/ABD0000C173.pdf","ECHU(X)","Surface mount type","DC","50.0","-55 to 125","0.000120","-2 - 2","PPS","2.0","1.25","0.9","-","Non lead wire","8.0W180A emboss taping (reel packing)","Not base on","Not installed"
"ECHU1H121JX5","Film Capacitors (Electronic Equipment Use)","Active","https://industrial.panasonic.com/cdbs/www-data/pdf/RDI0000/ABD0000C173.pdf","ECHU(X)","Surface mount type","DC","50.0","-55 to 125","0.000120","-5 - 5","PPS","2.0","1.25","0.9","-","Non lead wire","8.0W180A emboss taping (reel packing)","Not base on","Not installed"
"ECHU1H122GX5","Film Capacitors (Electronic Equipment Use)","Active","https://industrial.panasonic.com/cdbs/www-data/pdf/RDI0000/ABD0000C173.pdf","ECHU(X)","Surface mount type","DC","50.0","-55 to 125","0.001200","-2 - 2","PPS","2.0","1.25","0.9","-","Non lead wire","8.0W180A emboss taping (reel packing)","Not base on","Not installed"
"ECHU1H122JX5","Film Capacitors (Electronic Equipment Use)","Active","https://industrial.panasonic.com/cdbs/www-data/pdf/RDI0000/ABD0000C173.pdf","ECHU(X)","Surface mount type","DC","50.0","-55 to 125","0.001200","-5 - 5","PPS","2.0","1.25","0.9","-","Non lead wire","8.0W180A emboss taping (reel packing)","Not base on","Not installed"
"ECHU1H123GX5","Film Capacitors (Electronic Equipment Use)","Active","https://industrial.panasonic.com/cdbs/www-data/pdf/RDI0000/ABD0000C173.pdf","ECHU(X)","Surface mount type","DC","50.0","-55 to 125","0.012000","-2 - 2","PPS","3.2","2.50","1.1","-","Non lead wire","8.0W180A emboss taping (reel packing)","Not base on","Not installed"
"ECHU1H123JX5","Film Capacitors (Electronic Equipment Use)","Active","https://industrial.panasonic.com/cdbs/www-data/pdf/RDI0000/ABD0000C173.pdf","ECHU(X)","Surface mount type","DC","50.0","-55 to 125","0.012000","-5 - 5","PPS","3.2","2.50","1.1","-","Non lead wire","8.0W180A emboss taping (reel packing)","Not base on","Not installed"
"ECHU1H124GX9","Film Capacitors (Electronic Equipment Use)","Active","https://industrial.panasonic.com/cdbs/www-data/pdf/RDI0000/ABD0000C173.pdf","ECHU(X)","Surface mount type","DC","50.0","-55 to 125 (105)","0.120000","-2 - 2","PPS","6.0","4.10","1.9","-","Non lead wire","12.0W embossed carrier taping (reel packing)","Not base on","Not installed"
"ECHU1H124JX9","Film Capacitors (Electronic Equipment Use)","Active","https://industrial.panasonic.com/cdbs/www-data/pdf/RDI0000/ABD0000C173.pdf","ECHU(X)","Surface mount type","DC","50.0","-55 to 125 (105)","0.120000","-5 - 5","PPS","6.0","4.10","1.9","-","Non lead wire","12.0W embossed carrier taping (reel packing)","Not base on","Not installed"
"ECHU1H151GX5","Film Capacitors (Electronic Equipment Use)","Active","https://industrial.panasonic.com/cdbs/www-data/pdf/RDI0000/ABD0000C173.pdf","ECHU(X)","Surface mount type","DC","50.0","-55 to 125","0.000150","-2 - 2","PPS","2.0","1.25","0.9","-","Non lead wire","8.0W180A emboss taping (reel packing)","Not base on","Not installed"
"ECHU1H151JX5","Film Capacitors (Electronic Equipment Use)","Active","https://industrial.panasonic.com/cdbs/www-data/pdf/RDI0000/ABD0000C173.pdf","ECHU(X)","Surface mount type","DC","50.0","-55 to 125","0.000150","-5 - 5","PPS","2.0","1.25","0.9","-","Non lead wire","8.0W180A emboss taping (reel packing)","Not base on","Not installed"
"ECHU1H152GX5","Film Capacitors (Electronic Equipment Use)","Active","https://industrial.panasonic.com/cdbs/www-data/pdf/RDI0000/ABD0000C173.pdf","ECHU(X)","Surface mount type","DC","50.0","-55 to 125","0.001500","-2 - 2","PPS","2.0","1.25","0.9","-","Non lead wire","8.0W180A emboss taping (reel packing)","Not base on","Not installed"
"ECHU1H152JX5","Film Capacitors (Electronic Equipment Use)","Active","https://industrial.panasonic.com/cdbs/www-data/pdf/RDI0000/ABD0000C173.pdf","ECHU(X)","Surface mount type","DC","50.0","-55 to 125","0.001500","-5 - 5","PPS","2.0","1.25","0.9","-","Non lead wire","8.0W180A emboss taping (reel packing)","Not base on","Not installed"
"ECHU1H153GX5","Film Capacitors (Electronic Equipment Use)","Active","https://industrial.panasonic.com/cdbs/www-data/pdf/RDI0000/ABD0000C173.pdf","ECHU(X)","Surface mount type","DC","50.0","-55 to 125","0.015000","-2 - 2","PPS","3.2","2.50","1.1","-","Non lead wire","8.0W180A emboss taping (reel packing)","Not base on","Not installed"
"ECHU1H153JX5","Film Capacitors (Electronic Equipment Use)","Active","https://industrial.panasonic.com/cdbs/www-data/pdf/RDI0000/ABD0000C173.pdf","ECHU(X)","Surface mount type","DC","50.0","-55 to 125","0.015000","-5 - 5","PPS","3.2","2.50","1.1","-","Non lead wire","8.0W180A emboss taping (reel packing)","Not base on","Not installed"
"ECHU1H154GX9","Film Capacitors (Electronic Equipment Use)","Active","https://industrial.panasonic.com/cdbs/www-data/pdf/RDI0000/ABD0000C173.pdf","ECHU(X)","Surface mount type","DC","50.0","-55 to 125 (105)","0.150000","-2 - 2","PPS","6.0","4.10","1.9","-","Non lead wire","12.0W embossed carrier taping (reel packing)","Not base on","Not installed"
"ECHU1H154JX9","Film Capacitors (Electronic Equipment Use)","Active","https://industrial.panasonic.com/cdbs/www-data/pdf/RDI0000/ABD0000C173.pdf","ECHU(X)","Surface mount type","DC","50.0","-55 to 125 (105)","0.150000","-5 - 5","PPS","6.0","4.10","1.9","-","Non lead wire","12.0W embossed carrier taping (reel packing)","Not base on","Not installed"
"ECHU1H181GX5","Film Capacitors (Electronic Equipment Use)","Active","https://industrial.panasonic.com/cdbs/www-data/pdf/RDI0000/ABD0000C173.pdf","ECHU(X)","Surface mount type","DC","50.0","-55 to 125","0.000180","-2 - 2","PPS","2.0","1.25","0.9","-","Non lead wire","8.0W180A emboss taping (reel packing)","Not base on","Not installed"
"ECHU1H181JX5","Film Capacitors (Electronic Equipment Use)","Active","https://industrial.panasonic.com/cdbs/www-data/pdf/RDI0000/ABD0000C173.pdf","ECHU(X)","Surface mount type","DC","50.0","-55 to 125","0.000180","-5 - 5","PPS","2.0","1.25","0.9","-","Non lead wire","8.0W180A emboss taping (reel packing)","Not base on","Not installed"
