"Parts no","Product","Product status","Catalog / Datasheet","Series/Type","Body Type","Polarity Type","Rated Voltage (V)","Capacitance (µF)","Tolerance on Capacitance (%)","Category Temperature Range (°C)","Endurance (h)","Endurance@Temp.-1","Endurance@Temp.-2","Rated Ripple Current-1 (mArms)","Rated Ripple Current-1 (temp.) (°C)","Rated Ripple Current-1 (freq.) (kHz)","Rated Ripple Current-2","Rated Ripple Current-2 (freq.)","Rated Ripple Current-2 (temp.)","ESR (mΩ)","ESR Frequency (kHz)","Leakage Current [Max.] (µA)","Dissipation Factor [Max.]","Body Diameter","Body Length (mm)","Body Width (mm)","Body Height (mm)","Number of Terminals","Minimum Packaging Quantity (piece)","Size Code","Forming & Packaging Feature"
"ETCE680MFL","Conductive Polymer Tantalum Solid Capacitors (POSCAP)","Active","https://industrial.panasonic.com/cdbs/www-data/pdf/AAA8000/AAA8000C74.pdf","TC","Surface mount type (rectangular style)","Polar","2.5","680.0","-20 - 20","-55 - 125","1000","1000h@125°C","-","3100","45","100","-","-","-","15","100","170.0","0.10","-","7.30","4.30","2.80","-","2500","D3L","Embossed carrier taping (reel packing)"
"ETCF1000M5H","Conductive Polymer Tantalum Solid Capacitors (POSCAP)","Active","https://industrial.panasonic.com/cdbs/www-data/pdf/AAA8000/AAA8000C74.pdf","TC","Surface mount type (rectangular style)","Polar","2.5","1000.0","-20 - 20","-55 - 125","1000","1000h@125°C","-","6100","45","100","-","-","-","5","100","250.0","0.10","-","7.30","4.30","3.80","-","2000","D4","Embossed carrier taping (reel packing)"
"ETCF1000M6H","Conductive Polymer Tantalum Solid Capacitors (POSCAP)","Active","https://industrial.panasonic.com/cdbs/www-data/pdf/AAA8000/AAA8000C74.pdf","TC","Surface mount type (rectangular style)","Polar","2.5","1000.0","-20 - 20","-55 - 125","1000","1000h@125°C","-","5600","45","100","-","-","-","6","100","250.0","0.10","-","7.30","4.30","3.80","-","2000","D4","Embossed carrier taping (reel packing)"
"ETCF680M6L","Conductive Polymer Tantalum Solid Capacitors (POSCAP)","Active","https://industrial.panasonic.com/cdbs/www-data/pdf/AAA8000/AAA8000C74.pdf","TC","Surface mount type (rectangular style)","Polar","2.5","680.0","-20 - 20","-55 - 125","1000","1000h@125°C","-","4400","45","100","-","-","-","6","100","170.0","0.10","-","7.30","4.30","2.80","-","2500","D3L","Embossed carrier taping (reel packing)"
"ETCF680M7L","Conductive Polymer Tantalum Solid Capacitors (POSCAP)","Active","https://industrial.panasonic.com/cdbs/www-data/pdf/AAA8000/AAA8000C74.pdf","TC","Surface mount type (rectangular style)","Polar","2.5","680.0","-20 - 20","-55 - 125","1000","1000h@125°C","-","4400","45","100","-","-","-","7","100","170.0","0.10","-","7.30","4.30","2.80","-","2500","D3L","Embossed carrier taping (reel packing)"
"ETCF680ML","Conductive Polymer Tantalum Solid Capacitors (POSCAP)","Active","https://industrial.panasonic.com/cdbs/www-data/pdf/AAA8000/AAA8000C74.pdf","TC","Surface mount type (rectangular style)","Polar","2.5","680.0","-20 - 20","-55 - 125","1000","1000h@125°C","-","4400","45","100","-","-","-","10","100","170.0","0.10","-","7.30","4.30","2.80","-","2500","D3L","Embossed carrier taping (reel packing)"
"ETPE330M9GB","Conductive Polymer Tantalum Solid Capacitors (POSCAP)","Active","https://industrial.panasonic.com/cdbs/www-data/pdf/AAA8000/AAA8000C36.pdf","TPE","Surface mount type (rectangular style)","Polar","2.5","330.0","-20 - 20","-55 - 105","1000","1000h@105°C","-","3200","45","100","-","-","-","9","300","165.0","0.08","-","3.50","2.80","1.90","-","2000","B2","Embossed carrier taping (reel packing)"
"ETPE330MA9GB","Conductive Polymer Tantalum Solid Capacitors (POSCAP)","Active","https://industrial.panasonic.com/cdbs/www-data/pdf/AAA8000/AAA8000C36.pdf","TPE","Surface mount type (rectangular style)","Polar","2.5","330.0","-20 - 20","-55 - 105","1000","1000h@85°C","-","3200","45","100","-","-","-","9","300","165.0","0.08","-","3.50","2.80","1.90","-","2000","B2","Embossed carrier taping (reel packing)"
"ETPE330MFB","Conductive Polymer Tantalum Solid Capacitors (POSCAP)","Active","https://industrial.panasonic.com/cdbs/www-data/pdf/AAA8000/AAA8000C36.pdf","TPE","Surface mount type (rectangular style)","Polar","2.5","330.0","-20 - 20","-55 - 105","1000","1000h@105°C","-","2700","45","100","-","-","-","15","100","165.0","0.08","-","3.50","2.80","1.90","-","2000","B2","Embossed carrier taping (reel packing)"
"ETPE330MIB","Conductive Polymer Tantalum Solid Capacitors (POSCAP)","Active","https://industrial.panasonic.com/cdbs/www-data/pdf/AAA8000/AAA8000C36.pdf","TPE","Surface mount type (rectangular style)","Polar","2.5","330.0","-20 - 20","-55 - 105","1000","1000h@105°C","-","2450","45","100","-","-","-","18","100","165.0","0.08","-","3.50","2.80","1.90","-","2000","B2","Embossed carrier taping (reel packing)"
"ETPF1000M5H","Conductive Polymer Tantalum Solid Capacitors (POSCAP)","Active","https://industrial.panasonic.com/cdbs/www-data/pdf/AAA8000/AAA8000C38.pdf","TPF","Surface mount type (rectangular style)","Polar","2.5","1000.0","-20 - 20","-55 - 105","2000","2000h@105°C","-","6100","45","100","-","-","-","5","100","250.0","0.10","-","7.30","4.30","3.80","-","2000","D4","Embossed carrier taping (reel packing)"
"ETPF1000M6H","Conductive Polymer Tantalum Solid Capacitors (POSCAP)","Active","https://industrial.panasonic.com/cdbs/www-data/pdf/AAA8000/AAA8000C38.pdf","TPF","Surface mount type (rectangular style)","Polar","2.5","1000.0","-20 - 20","-55 - 105","2000","2000h@105°C","-","5600","45","100","-","-","-","6","100","250.0","0.10","-","7.30","4.30","3.80","-","2000","D4","Embossed carrier taping (reel packing)"
"ETPF680MPH","Conductive Polymer Tantalum Solid Capacitors (POSCAP)","Active","https://industrial.panasonic.com/cdbs/www-data/pdf/AAA8000/AAA8000C38.pdf","TPF","Surface mount type (rectangular style)","Polar","2.5","680.0","-20 - 20","-55 - 105","2000","2000h@105°C","-","2700","45","100","-","-","-","25","100","170.0","0.10","-","7.30","4.30","3.80","-","2000","D4","Embossed carrier taping (reel packing)"
"ETPS220MUD","Conductive Polymer Tantalum Solid Capacitors (POSCAP)","Active","https://industrial.panasonic.com/cdbs/www-data/pdf/AAA8000/ast-ind-126744.pdf","TPS","Surface mount type (rectangular style)","Polar","2.5","220.0","-20 - 20","-55 - 105","2000","2000h@105°C","-","1400","45","100","-","-","-","30","100","55.0","0.10","-","3.50","2.80","1.10","-","2500","B1S","Embossed carrier taping (reel packing)"
"ETPS330MUD","Conductive Polymer Tantalum Solid Capacitors (POSCAP)","Active","https://industrial.panasonic.com/cdbs/www-data/pdf/AAA8000/ast-ind-126744.pdf","TPS","Surface mount type (rectangular style)","Polar","2.5","330.0","-20 - 20","-55 - 105","2000","2000h@105°C","-","1400","45","100","-","-","-","30","100","82.5","0.10","-","3.50","2.80","1.10","-","2500","B1S","Embossed carrier taping (reel packing)"
"ETPSF270M6E","Conductive Polymer Tantalum Solid Capacitors (POSCAP)","Active","https://industrial.panasonic.com/cdbs/www-data/pdf/AAA8000/AAA8000C34.pdf","TPSF","Surface mount type (rectangular style)","Polar","2.5","270.0","-20 - 20","-55 - 105","1000","1000h@105°C","-","3200","45","100","-","-","-","6","500","135.0","0.08","-","3.50","2.80","1.90","-","2000","B2S","Embossed carrier taping (reel packing)"
