Parts no,Series,Rated Voltage (VDC),Rated Voltage (VAC),Capacitance (uF),Size Code,Height (mm),Length (mm),Width (mm),d min (mm),a min (mm),b min (mm)
SMDIC02100KA00KP00,IC,63,40,0.01,1812,3.0,4.8,3.3,0.5,1.2,3.5
SMDIC02100QA00KP00,IC,63,40,0.01,2220,3.5,5.7,5.1,0.5,1.2,4.0
SMDIC02150KA00KP00,IC,63,40,0.015,1812,3.0,4.8,3.3,0.5,1.2,3.5
SMDIC02150QA00KP00,IC,63,40,0.015,2220,3.5,5.7,5.1,0.5,1.2,4.0
SMDIC02220KA00KP00,IC,63,40,0.022,1812,3.0,4.8,3.3,0.5,1.2,3.5
SMDIC02220QA00KP00,IC,63,40,0.022,2220,3.5,5.7,5.1,0.5,1.2,4.0
SMDIC02330KA00KP00,IC,63,40,0.033,1812,3.0,4.8,3.3,0.5,1.2,3.5
SMDIC02330QA00KP00,IC,63,40,0.033,2220,3.5,5.7,5.1,0.5,1.2,4.0
SMDIC02330TA00KP00,IC,63,40,0.033,2824,3.0,7.2,6.1,0.5,1.2,4.0
SMDIC02470KA00KP00,IC,63,40,0.047,1812,3.0,4.8,3.3,0.5,1.2,3.5
SMDIC02470QA00KP00,IC,63,40,0.047,2220,3.5,5.7,5.1,0.5,1.2,4.0
SMDIC02470TA00KP00,IC,63,40,0.047,2824,3.0,7.2,6.1,0.5,1.2,4.0
SMDIC02680KA00KP00,IC,63,40,0.068,1812,3.0,4.8,3.3,0.5,1.2,3.5
SMDIC02680QA00KP00,IC,63,40,0.068,2220,3.5,5.7,5.1,0.5,1.2,4.0
SMDIC02680TA00KP00,IC,63,40,0.068,2824,3.0,7.2,6.1,0.5,1.2,4.0
SMDIC03100KA00KP00,IC,63,40,0.1,1812,3.0,4.8,3.3,0.5,1.2,3.5
SMDIC03100QA00KP00,IC,63,40,0.1,2220,3.5,5.7,5.1,0.5,1.2,4.0
SMDIC03100TA00KP00,IC,63,40,0.1,2824,3.0,7.2,6.1,0.5,1.2,4.0
SMDIC03150KB00KP00,IC,63,40,0.15,1812,4.0,4.8,3.3,0.5,1.2,3.5
SMDIC03150QA00KP00,IC,63,40,0.15,2220,3.5,5.7,5.1,0.5,1.2,4.0
SMDIC03150TA00KP00,IC,63,40,0.15,2824,3.0,7.2,6.1,0.5,1.2,4.0
SMDIC03220QB00KP00,IC,63,40,0.22,2220,4.5,5.7,5.1,0.5,1.2,4.0
SMDIC03220TB00KP00,IC,63,40,0.22,2824,5.0,7.2,6.1,0.5,1.2,4.0
SMDIC03330QB00KP00,IC,63,40,0.33,2220,4.5,5.7,5.1,0.5,1.2,4.0
SMDIC03330TB00KP00,IC,63,40,0.33,2824,5.0,7.2,6.1,0.5,1.2,4.0
SMDIC03330VA00KP00,IC,63,40,0.33,4030,5.0,10.2,7.6,0.5,2.5,6.0
SMDIC03470QB00KP00,IC,63,40,0.47,2220,4.5,5.7,5.1,0.5,1.2,4.0
SMDIC03470TB00KP00,IC,63,40,0.47,2824,5.0,7.2,6.1,0.5,1.2,4.0
SMDIC03470VA00KP00,IC,63,40,0.47,4030,5.0,10.2,7.6,0.5,2.5,6.0
SMDIC03680TB00KP00,IC,63,40,0.68,2824,5.0,7.2,6.1,0.5,1.2,4.0
SMDIC03680VA00KP00,IC,63,40,0.68,4030,5.0,10.2,7.6,0.5,2.5,6.0
SMDIC04100TB00KP00,IC,63,40,1.0,2824,5.0,7.2,6.1,0.5,1.2,4.0
SMDIC04100VA00KP00,IC,63,40,1.0,4030,5.0,10.2,7.6,0.5,2.5,6.0
SMDIC04100XA00KP00,IC,63,40,1.0,5040,6.0,12.7,10.2,0.7,2.5,6.0
SMDIC04150VA00KP00,IC,63,40,1.5,4030,5.0,10.2,7.6,0.5,2.5,6.0
SMDIC04150XA00KP00,IC,63,40,1.5,5040,6.0,12.7,10.2,0.7,2.5,6.0
SMDIC04220YA00KP00,IC,63,40,2.2,6054,7.0,15.3,13.7,0.7,2.5,6.0
SMDID02100KA00KP00,ID,100,63,0.01,1812,3.0,4.8,3.3,0.5,1.2,3.5
SMDID02100QA00KP00,ID,100,63,0.01,2220,3.5,5.7,5.1,0.5,1.2,4.0
SMDID02150KA00KP00,ID,100,63,0.015,1812,3.0,4.8,3.3,0.5,1.2,3.5
SMDID02150QA00KP00,ID,100,63,0.015,2220,3.5,5.7,5.1,0.5,1.2,4.0
SMDID02220KA00KP00,ID,100,63,0.022,1812,3.0,4.8,3.3,0.5,1.2,3.5
SMDID02220QA00KP00,ID,100,63,0.022,2220,3.5,5.7,5.1,0.5,1.2,4.0
SMDID02330KA00KP00,ID,100,63,0.033,1812,3.0,4.8,3.3,0.5,1.2,3.5
SMDID02330QA00KP00,ID,100,63,0.033,2220,3.5,5.7,5.1,0.5,1.2,4.0
SMDID02330TA00KP00,ID,100,63,0.033,2824,3.0,7.2,6.1,0.5,1.2,4.0
SMDID02470KA00KP00,ID,100,63,0.047,1812,3.0,4.8,3.3,0.5,1.2,3.5
SMDID02470QA00KP00,ID,100,63,0.047,2220,3.5,5.7,5.1,0.5,1.2,4.0
SMDID02470TA00KP00,ID,100,63,0.047,2824,3.0,7.2,6.1,0.5,1.2,4.0
SMDID02680QA00KP00,ID,100,63,0.068,2220,3.5,5.7,5.1,0.5,1.2,4.0
SMDID02680TA00KP00,ID,100,63,0.068,2824,3.0,7.2,6.1,0.5,1.2,4.0
SMDID03100QA00KP00,ID,100,63,0.1,2220,3.5,5.7,5.1,0.5,1.2,4.0
SMDID03100TA00KP00,ID,100,63,0.1,2824,3.0,7.2,6.1,0.5,1.2,4.0
SMDID03150TA00KP00,ID,100,63,0.15,2824,3.0,7.2,6.1,0.5,1.2,4.0
SMDID03220QB00KP00,ID,100,63,0.22,2220,4.5,5.7,5.1,0.5,1.2,4.0
SMDID03220TB00KP00,ID,100,63,0.22,2824,5.0,7.2,6.1,0.5,1.2,4.0
SMDID03330TB00KP00,ID,100,63,0.33,2824,5.0,7.2,6.1,0.5,1.2,4.0
SMDID03330VA00KP00,ID,100,63,0.33,4030,5.0,10.2,7.6,0.5,2.5,6.0
SMDID03470TB00KP00,ID,100,63,0.47,2824,5.0,7.2,6.1,0.5,1.2,4.0
SMDID03470VA00KP00,ID,100,63,0.47,4030,5.0,10.2,7.6,0.5,2.5,6.0
SMDID04100XA00KP00,ID,100,63,1.0,5040,6.0,12.7,10.2,0.7,2.5,6.0
SMDID04150YA00KP00,ID,100,63,1.5,6054,7.0,15.3,13.7,0.7,2.5,6.0
SMDID04220YA00KP00,ID,100,63,2.2,6054,7.0,15.3,13.7,0.7,2.5,6.0
SMDIF02100QA00KP00,IF,250,160,0.01,2220,3.5,5.7,5.1,0.5,1.2,4.0
SMDIF02150QA00KP00,IF,250,160,0.015,2220,3.5,5.7,5.1,0.5,1.2,4.0
SMDIF02220QA00KP00,IF,250,160,0.022,2220,3.5,5.7,5.1,0.5,1.2,4.0
SMDIF02220TA00KP00,IF,250,160,0.022,2824,3.0,7.2,6.1,0.5,1.2,4.0
SMDIF02330TA00KP00,IF,250,160,0.033,2824,3.0,7.2,6.1,0.5,1.2,4.0
SMDIF02330VA00KP00,IF,250,160,0.033,4030,5.0,10.2,7.6,0.5,2.5,6.0
SMDIF02470TB00KP00,IF,250,160,0.047,2824,5.0,7.2,6.1,0.5,1.2,4.0
SMDIF02470VA00KP00,IF,250,160,0.047,4030,5.0,10.2,7.6,0.5,2.5,6.0
SMDIF02680TB00KP00,IF,250,160,0.068,2824,5.0,7.2,6.1,0.5,1.2,4.0
SMDIF02680VA00KP00,IF,250,160,0.068,4030,5.0,10.2,7.6,0.5,2.5,6.0
SMDIF03100TB00KP00,IF,250,160,0.1,2824,5.0,7.2,6.1,0.5,1.2,4.0
SMDIF03100VA00KP00,IF,250,160,0.1,4030,5.0,10.2,7.6,0.5,2.5,6.0
SMDIF03100XA00KP00,IF,250,160,0.1,5040,6.0,12.7,10.2,0.7,2.5,6.0
SMDIF03150VA00KP00,IF,250,160,0.15,4030,5.0,10.2,7.6,0.5,2.5,6.0
SMDIF03150XA00KP00,IF,250,160,0.15,5040,6.0,12.7,10.2,0.7,2.5,6.0
SMDIF03150YA00KP00,IF,250,160,0.15,6054,7.0,15.3,13.7,0.7,2.5,6.0
SMDIF03220VA00KP00,IF,250,160,0.22,4030,5.0,10.2,7.6,0.5,2.5,6.0
SMDIF03220XA00KP00,IF,250,160,0.22,5040,6.0,12.7,10.2,0.7,2.5,6.0
SMDIF03220YA00KP00,IF,250,160,0.22,6054,7.0,15.3,13.7,0.7,2.5,6.0
SMDIF03330XA00KP00,IF,250,160,0.33,5040,6.0,12.7,10.2,0.7,2.5,6.0
SMDIF03330YA00KP00,IF,250,160,0.33,6054,7.0,15.3,13.7,0.7,2.5,6.0
SMDIF03470YA00KP00,IF,250,160,0.47,6054,7.0,15.3,13.7,0.7,2.5,6.0
SMDIG02220VA00KP00,IG,400,200,0.022,4030,5.0,10.2,7.6,0.5,2.5,6.0
SMDIG02220XA00KP00,IG,400,200,0.022,5040,6.0,12.7,10.2,0.7,2.5,6.0
SMDIG02330VA00KP00,IG,400,200,0.033,4030,5.0,10.2,7.6,0.5,2.5,6.0
SMDIG02330XA00KP00,IG,400,200,0.033,5040,6.0,12.7,10.2,0.7,2.5,6.0
SMDIG02470VA00KP00,IG,400,200,0.047,4030,5.0,10.2,7.6,0.5,2.5,6.0
SMDIG02470XA00KP00,IG,400,200,0.047,5040,6.0,12.7,10.2,0.7,2.5,6.0
SMDIG02680VA00KP00,IG,400,200,0.068,4030,5.0,10.2,7.6,0.5,2.5,6.0
SMDIG02680XA00KP00,IG,400,200,0.068,5040,6.0,12.7,10.2,0.7,2.5,6.0
SMDIG03100VA00KP00,IG,400,200,0.1,4030,5.0,10.2,7.6,0.5,2.5,6.0
SMDIG03100XA00KP00,IG,400,200,0.1,5040,6.0,12.7,10.2,0.7,2.5,6.0
SMDIG03100YA00KP00,IG,400,200,0.1,6054,7.0,15.3,13.7,0.7,2.5,6.0
SMDIG03150XA00KP00,IG,400,200,0.15,5040,6.0,12.7,10.2,0.7,2.5,6.0
SMDIG03150YA00KP00,IG,400,200,0.15,6054,7.0,15.3,13.7,0.7,2.5,6.0
SMDIG03220YA00KP00,IG,400,200,0.22,6054,7.0,15.3,13.7,0.7,2.5,6.0
SMDIG03330YA00KP00,IG,400,200,0.33,6054,7.0,15.3,13.7,0.7,2.5,6.0
SMDIJ02100XA00KP00,IJ,630,300,0.01,5040,6.0,12.7,10.2,0.7,2.5,6.0
SMDIJ02150XA00KP00,IJ,630,300,0.015,5040,6.0,12.7,10.2,0.7,2.5,6.0
SMDIJ02220XA00KP00,IJ,630,300,0.022,5040,6.0,12.7,10.2,0.7,2.5,6.0
SMDIJ02330XA00KP00,IJ,630,300,0.033,5040,6.0,12.7,10.2,0.7,2.5,6.0
SMDIJ02470XA00KP00,IJ,630,300,0.047,5040,6.0,12.7,10.2,0.7,2.5,6.0
SMDIJ02680YA00KP00,IJ,630,300,0.068,6054,7.0,15.3,13.7,0.7,2.5,6.0
SMDIO12100XA00KP00,IO,1000,400,0.01,5040,6.0,12.7,10.2,0.7,2.5,6.0
SMDIO12150XA00KP00,IO,1000,400,0.015,5040,6.0,12.7,10.2,0.7,2.5,6.0
SMDIO12220YA00KP00,IO,1000,400,0.022,6054,7.0,15.3,13.7,0.7,2.5,6.0
SMDIO12330YA00KP00,IO,1000,400,0.033,6054,7.0,15.3,13.7,0.7,2.5,6.0
