"Part Number","Series","Package","Watts (W)","Uni / Bi-Directional","VR (Vstandoff)","MIN VBR@IT  (V)","I PP 8x20µs (A)","I PP 10x1000µs (A)","Agency Approvals" 
SMAJ9.0CA,SMAJ,"DO-214AC",400,"",9,10,"",26,"",
SMAJ9.0A,SMAJ,"DO-214AC",400,"",9,10,"",26,"",
SMAJ8.5CA,SMAJ,"DO-214AC",400,"",8.5,9.44,"",27.8,"",
SMAJ8.5A,SMAJ,"DO-214AC",400,"",8.5,9.44,"",27.8,"",
SMAJ78CA,SMAJ,"DO-214AC",400,"",78,86.7,"",3.2,"",
SMAJ8.0A,SMAJ,"DO-214AC",400,"",8,8.89,"",29.4,"",
SMAJ78A,SMAJ,"DO-214AC",400,"",78,86.7,"",3.2,"",
SMAJ75CA,SMAJ,"DO-214AC",400,"",75,83.3,"",3.3,"",
SMAJ75A,SMAJ,"DO-214AC",400,"",75,83.3,"",3.3,"",
SMAJ70CA,SMAJ,"DO-214AC",400,"",70,77.8,"",3.5,"",
SMAJ7.5A,SMAJ,"DO-214AC",400,"",7.5,8.33,"",31,"",
SMAJ7.0A,SMAJ,"DO-214AC",400,"",7,7.78,"",33.3,"",
SMAJ64CA,SMAJ,"DO-214AC",400,"",64,71.1,"",3.9,"",
SMAJ6.5CA,SMAJ,"DO-214AC",400,"",6.5,7.22,"",35.7,"",
SMAJ60CA,SMAJ,"DO-214AC",400,"",60,66.7,"",4.1,"",
SMAJ6.0A,SMAJ,"DO-214AC",400,"",6,6.67,"",38.8,"",
SMAJ58CA,SMAJ,"DO-214AC",400,"",58,64.4,"",4.3,"",
SMAJ54A,SMAJ,"DO-214AC",400,"",54,60,"",4.6,"",
SMAJ5.0CA,SMAJ,"DO-214AC",400,"",5,6.4,"",43.5,"",
SMAJ48CA,SMAJ,"DO-214AC",400,"",48,53.3,"",5.2,"",
SMAJ36A,SMAJ,"DO-214AC",400,"",36,40,"",6.9,"",
SMAJ33CA,SMAJ,"DO-214AC",400,"",33,36.7,"",7.5,"",
SMAJ30A,SMAJ,"DO-214AC",400,"",30,33.3,"",8.3,"",
SMAJ28A,SMAJ,"DO-214AC",400,"",28,31.1,"",8.8,"",
SMAJ26CA,SMAJ,"DO-214AC",400,"",26,28.9,"",9.5,"",
SMAJ24CA,SMAJ,"DO-214AC",400,"",24,26.7,"",10.3,"",
SMAJ18CA,SMAJ,"DO-214AC",400,"",18,20,"",13.7,"",
SMAJ20CA,SMAJ,"DO-214AC",400,"",20,22.2,"",12.3,"",
SMAJ200CA,SMAJ,"DO-214AC",400,"",200,224,"",1.2,"",
SMAJ24A,SMAJ,"DO-214AC",400,"",24,26.7,"",10.3,"",
SMAJ220A,SMAJ,"DO-214AC",400,"",220,246,"",1.1,"",
SMAJ200A,SMAJ,"DO-214AC",400,"",200,224,"",1.2,"",
SMAJ20A,SMAJ,"DO-214AC",400,"",20,22.2,"",12.3,"",
SMAJ18A,SMAJ,"DO-214AC",400,"",18,20,"",13.7,"",
SMAJ16A,SMAJ,"DO-214AC",400,"",16,17.8,"",15.4,"",
SMAJ160CA,SMAJ,"DO-214AC",400,"",160,178,"",1.5,"",
SMAJ150A,SMAJ,"DO-214AC",400,"",150,167,"",1.6,"",
SMAJ15A,SMAJ,"DO-214AC",400,"",15,16.7,"",16.4,"",
SMAJ14CA,SMAJ,"DO-214AC",400,"",14,15.6,"",17.2,"",
SMAJ14A,SMAJ,"DO-214AC",400,"",14,15.6,"",17.2,"",
SMAJ13CA,SMAJ,"DO-214AC",400,"",13,14.4,"",18.6,"",
SMAJ130CA,SMAJ,"DO-214AC",400,"",130,144,"",1.9,"",
SMAJ120A,SMAJ,"DO-214AC",400,"",120,133,"",2.1,"",
SMAJ11A,SMAJ,"DO-214AC",400,"",11,12.2,"",22,"",
SMAJ12A,SMAJ,"DO-214AC",400,"",12,13.3,"",20.1,"",
SMAJ120CA,SMAJ,"DO-214AC",400,"",120,133,"",2.1,"",
SMAJ110CA,SMAJ,"DO-214AC",400,"",110,122,"",2.3,"",
SMAJ110A,SMAJ,"DO-214AC",400,"",110,122,"",2.3,"",
SMAJ100A,SMAJ,"DO-214AC",400,"",100,111,"",2.5,"",
SMAJ60A,SMAJ,"DO-214AC",400,"",60,66.7,"",4.1,"",
SMAJ90A,SMAJ,"DO-214AC",400,"",90,100,"",2.7,"",
SMAJ85CA,SMAJ,"DO-214AC",400,"",85,94.4,"",2.9,"",
SMAJ90CA,SMAJ,"DO-214AC",400,"",90,100,"",2.7,"",
SMAJ85A,SMAJ,"DO-214AC",400,"",85,94.4,"",2.9,"",
SMAJ6.0CA,SMAJ,"DO-214AC",400,"",6,6.67,"",38.8,"",
SMAJ8.0CA,SMAJ,"DO-214AC",400,"",8,8.89,"",29.4,"",
SMAJ7.0CA,SMAJ,"DO-214AC",400,"",7,7.78,"",33.3,"",
SMAJ70A,SMAJ,"DO-214AC",400,"",70,77.8,"",3.5,"",
SMAJ7.5CA,SMAJ,"DO-214AC",400,"",7.5,8.33,"",31,"",
SMAJ54CA,SMAJ,"DO-214AC",400,"",54,60,"",4.6,"",
SMAJ6.5A,SMAJ,"DO-214AC",400,"",6.5,7.22,"",35.7,"",
SMAJ51CA,SMAJ,"DO-214AC",400,"",51,56.7,"",4.9,"",
SMAJ51A,SMAJ,"DO-214AC",400,"",51,56.7,"",4.9,"",
SMAJ5.0A,SMAJ,"DO-214AC",400,"",5,6.4,"",43.5,"",
SMAJ48A,SMAJ,"DO-214AC",400,"",48,53.3,"",5.2,"",
SMAJ45CA,SMAJ,"DO-214AC",400,"",45,50,"",5.5,"",
SMAJ10A,SMAJ,"DO-214AC",400,"",10,11.1,"",23.5,"",
SMAJ45A,SMAJ,"DO-214AC",400,"",45,50,"",5.5,"",
SMAJ180CA,SMAJ,"DO-214AC",400,"",180,201,"",1.4,"",
SMAJ43CA,SMAJ,"DO-214AC",400,"",43,47.8,"",5.8,"",
SMAJ17CA,SMAJ,"DO-214AC",400,"",17,18.9,"",14.5,"",
SMAJ43A,SMAJ,"DO-214AC",400,"",43,47.8,"",5.8,"",
SMAJ40CA,SMAJ,"DO-214AC",400,"",40,44.4,"",6.2,"",
SMAJ40A,SMAJ,"DO-214AC",400,"",40,44.4,"",6.2,"",
SMAJ36CA,SMAJ,"DO-214AC",400,"",36,40,"",6.9,"",
SMAJ17A,SMAJ,"DO-214AC",400,"",17,18.9,"",14.5,"",
SMAJ33A,SMAJ,"DO-214AC",400,"",33,36.7,"",7.5,"",
SMAJ30CA,SMAJ,"DO-214AC",400,"",30,33.3,"",8.3,"",
SMAJ188CA,SMAJ,"DO-214AC",400,"",188,209,"",1.4,"",
SMAJ28CA,SMAJ,"DO-214AC",400,"",28,31.1,"",8.8,"",
SMAJ26A,SMAJ,"DO-214AC",400,"",26,28.9,"",9.5,"",
SMAJ22CA,SMAJ,"DO-214AC",400,"",22,24.4,"",11.3,"",
SMAJ250A,SMAJ,"DO-214AC",400,"",250,279,"",1,"",
SMAJ170CA,SMAJ,"DO-214AC",400,"",170,189,"",1.5,"",
SMAJ22A,SMAJ,"DO-214AC",400,"",22,24.4,"",11.3,"",
SMAJ188A,SMAJ,"DO-214AC",400,"",188,209,"",1.4,"",
SMAJ150CA,SMAJ,"DO-214AC",400,"",150,167,"",1.6,"",
SMAJ170A,SMAJ,"DO-214AC",400,"",170,189,"",1.5,"",
SMAJ180A,SMAJ,"DO-214AC",400,"",180,201,"",1.4,"",
SMAJ16CA,SMAJ,"DO-214AC",400,"",16,17.8,"",15.4,"",
SMAJ160A,SMAJ,"DO-214AC",400,"",160,178,"",1.5,"",
SMAJ10CA,SMAJ,"DO-214AC",400,"",10,11.1,"",23.5,"",
SMAJ130A,SMAJ,"DO-214AC",400,"",130,144,"",1.9,"",
SMAJ13A,SMAJ,"DO-214AC",400,"",13,14.4,"",18.6,"",
SMAJ11CA,SMAJ,"DO-214AC",400,"",11,12.2,"",22,"",
SMAJ100CA,SMAJ,"DO-214AC",400,"",100,111,"",2.5,"",
SMAJ12CA,SMAJ,"DO-214AC",400,"",12,13.3,"",20.1,"",
SMAJ60A-E,SMAJ,"DO-214AC",400,"Unidirectional",60,66.7,"",4.1,"",
SMAJ64A,SMAJ,"DO-214AC",400,"",64,71.1,"",3.9,"",
SMAJ58A,SMAJ,"DO-214AC",400,"",58,64.4,"",4.3,"",
SMAJ15CA,SMAJ,"DO-214AC",400,"",15,16.7,"",16.4,"",
SMAJ12A-E,SMAJ,"DO-214AC",400,"Unidirectional",12,13.3,"",20.1,"",
SMAJ188CA-E,SMAJ,"DO-214AC",400,"Bidirectional",188,209,"",1.4,"",
SMAJ90CA-E,SMAJ,"DO-214AC",400,"Bidirectional",90,100,"",2.7,"",
SMAJ90A-E,SMAJ,"DO-214AC",400,"Unidirectional",90,100,"",2.7,"",
SMAJ9.0A-E,SMAJ,"DO-214AC",400,"Unidirectional",9,10,"",26,"",
SMAJ9.0CA-E,SMAJ,"DO-214AC",400,"Bidirectional",9,10,"",26,"",
SMAJ85CA-E,SMAJ,"DO-214AC",400,"Bidirectional",85,94.4,"",2.9,"",
SMAJ85A-E,SMAJ,"DO-214AC",400,"Unidirectional",85,94.4,"",2.9,"",
SMAJ8.5CA-E,SMAJ,"DO-214AC",400,"Bidirectional",8.5,9.44,"",27.8,"",
SMAJ8.5A-E,SMAJ,"DO-214AC",400,"Unidirectional",8.5,9.44,"",27.8,"",
SMAJ8.0CA-E,SMAJ,"DO-214AC",400,"Bidirectional",8,8.89,"",29.4,"",
SMAJ8.0A-E,SMAJ,"DO-214AC",400,"Unidirectional",8,8.89,"",29.4,"",
SMAJ78CA-E,SMAJ,"DO-214AC",400,"Bidirectional",78,86.7,"",3.2,"",
SMAJ78A-E,SMAJ,"DO-214AC",400,"Unidirectional",78,86.7,"",3.2,"",
SMAJ75A-E,SMAJ,"DO-214AC",400,"Unidirectional",75,83.3,"",3.3,"",
SMAJ75CA-E,SMAJ,"DO-214AC",400,"Bidirectional",75,83.3,"",3.3,"",
SMAJ70CA-E,SMAJ,"DO-214AC",400,"Bidirectional",70,77.8,"",3.5,"",
SMAJ70A-E,SMAJ,"DO-214AC",400,"Unidirectional",70,77.8,"",3.5,"",
SMAJ7.5CA-E,SMAJ,"DO-214AC",400,"Bidirectional",7.5,8.33,"",31,"",
SMAJ7.5A-E,SMAJ,"DO-214AC",400,"Unidirectional",7.5,8.33,"",31,"",
SMAJ7.0CA-E,SMAJ,"DO-214AC",400,"Bidirectional",7,7.78,"",33.3,"",
SMAJ64CA-E,SMAJ,"DO-214AC",400,"Bidirectional",64,71.1,"",3.9,"",
SMAJ7.0A-E,SMAJ,"DO-214AC",400,"Unidirectional",7,7.78,"",33.3,"",
SMAJ64A-E,SMAJ,"DO-214AC",400,"Unidirectional",64,71.1,"",3.9,"",
SMAJ60CA-E,SMAJ,"DO-214AC",400,"Bidirectional",60,66.7,"",4.1,"",
SMAJ6.5CA-E,SMAJ,"DO-214AC",400,"Bidirectional",6.5,7.22,"",35.7,"",
SMAJ6.0A-E,SMAJ,"DO-214AC",400,"Unidirectional",6,6.67,"",38.8,"",
SMAJ6.5A-E,SMAJ,"DO-214AC",400,"Unidirectional",6.5,7.22,"",35.7,"",
SMAJ6.0CA-E,SMAJ,"DO-214AC",400,"Bidirectional",6,6.67,"",38.8,"",
SMAJ58CA-E,SMAJ,"DO-214AC",400,"Bidirectional",58,64.4,"",4.3,"",
SMAJ54CA-E,SMAJ,"DO-214AC",400,"Bidirectional",54,60,"",4.6,"",
SMAJ58A-E,SMAJ,"DO-214AC",400,"Unidirectional",58,64.4,"",4.3,"",
SMAJ54A-E,SMAJ,"DO-214AC",400,"Unidirectional",54,60,"",4.6,"",
SMAJ51CA-E,SMAJ,"DO-214AC",400,"Bidirectional",51,56.7,"",4.9,"",
SMAJ51A-E,SMAJ,"DO-214AC",400,"Unidirectional",51,56.7,"",4.9,"",
SMAJ5.0CA-E,SMAJ,"DO-214AC",400,"Bidirectional",5,6.4,"",43.5,"",
SMAJ5.0A-E,SMAJ,"DO-214AC",400,"Unidirectional",5,6.4,"",43.5,"",
SMAJ48CA-E,SMAJ,"DO-214AC",400,"Bidirectional",48,53.3,"",5.2,"",
SMAJ48A-E,SMAJ,"DO-214AC",400,"Unidirectional",48,53.3,"",5.2,"",
SMAJ45CA-E,SMAJ,"DO-214AC",400,"Bidirectional",45,50,"",5.5,"",
SMAJ45A-E,SMAJ,"DO-214AC",400,"Unidirectional",45,50,"",5.5,"",
SMAJ43CA-E,SMAJ,"DO-214AC",400,"Bidirectional",43,47.8,"",5.8,"",
SMAJ40CA-E,SMAJ,"DO-214AC",400,"Bidirectional",40,44.4,"",6.2,"",
SMAJ40A-E,SMAJ,"DO-214AC",400,"Unidirectional",40,44.4,"",6.2,"",
SMAJ43A-E,SMAJ,"DO-214AC",400,"Unidirectional",43,47.8,"",5.8,"",
SMAJ36CA-E,SMAJ,"DO-214AC",400,"Bidirectional",36,40,"",6.9,"",
SMAJ36A-E,SMAJ,"DO-214AC",400,"Unidirectional",36,40,"",6.9,"",
SMAJ33A-E,SMAJ,"DO-214AC",400,"Unidirectional",33,36.7,"",7.5,"",
SMAJ30CA-E,SMAJ,"DO-214AC",400,"Bidirectional",30,33.3,"",8.3,"",
SMAJ33CA-E,SMAJ,"DO-214AC",400,"Bidirectional",33,36.7,"",7.5,"",
SMAJ30A-E,SMAJ,"DO-214AC",400,"Unidirectional",30,33.3,"",8.3,"",
SMAJ28CA-E,SMAJ,"DO-214AC",400,"Bidirectional",28,31.1,"",8.8,"",
SMAJ28A-E,SMAJ,"DO-214AC",400,"Unidirectional",28,31.1,"",8.8,"",
SMAJ26CA-E,SMAJ,"DO-214AC",400,"Bidirectional",26,28.9,"",9.5,"",
SMAJ26A-E,SMAJ,"DO-214AC",400,"Unidirectional",26,28.9,"",9.5,"",
SMAJ250A-E,SMAJ,"DO-214AC",400,"Unidirectional",250,279,"",1,"",
SMAJ24CA-E,SMAJ,"DO-214AC",400,"Bidirectional",24,26.7,"",10.3,"",
SMAJ24A-E,SMAJ,"DO-214AC",400,"Unidirectional",24,26.7,"",10.3,"",
SMAJ22CA-E,SMAJ,"DO-214AC",400,"Bidirectional",22,24.4,"",11.3,"",
SMAJ22A-E,SMAJ,"DO-214AC",400,"Unidirectional",22,24.4,"",11.3,"",
SMAJ220A-E,SMAJ,"DO-214AC",400,"Unidirectional",220,246,"",1.1,"",
SMAJ20CA-E,SMAJ,"DO-214AC",400,"Bidirectional",20,22.2,"",12.3,"",
SMAJ20A-E,SMAJ,"DO-214AC",400,"Unidirectional",20,22.2,"",12.3,"",
SMAJ200CA-E,SMAJ,"DO-214AC",400,"Bidirectional",200,224,"",1.2,"",
SMAJ200A-E,SMAJ,"DO-214AC",400,"Unidirectional",200,224,"",1.2,"",
SMAJ18CA-E,SMAJ,"DO-214AC",400,"Bidirectional",18,20,"",13.7,"",
SMAJ18A-E,SMAJ,"DO-214AC",400,"Unidirectional",18,20,"",13.7,"",
SMAJ188A-E,SMAJ,"DO-214AC",400,"Unidirectional",188,209,"",1.4,"",
SMAJ17CA-E,SMAJ,"DO-214AC",400,"Bidirectional",17,18.9,"",14.5,"",
SMAJ180A-E,SMAJ,"DO-214AC",400,"Unidirectional",180,201,"",1.4,"",
SMAJ180CA-E,SMAJ,"DO-214AC",400,"Bidirectional",180,201,"",1.4,"",
SMAJ17A-E,SMAJ,"DO-214AC",400,"Unidirectional",17,18.9,"",14.5,"",
SMAJ170CA-E,SMAJ,"DO-214AC",400,"Bidirectional",170,189,"",1.5,"",
SMAJ170A-E,SMAJ,"DO-214AC",400,"Unidirectional",170,189,"",1.5,"",
SMAJ16CA-E,SMAJ,"DO-214AC",400,"Bidirectional",16,17.8,"",15.4,"",
SMAJ16A-E,SMAJ,"DO-214AC",400,"Unidirectional",16,17.8,"",15.4,"",
SMAJ160CA-E,SMAJ,"DO-214AC",400,"Bidirectional",160,178,"",1.5,"",
SMAJ160A-E,SMAJ,"DO-214AC",400,"Unidirectional",160,178,"",1.5,"",
SMAJ15CA-E,SMAJ,"DO-214AC",400,"Bidirectional",15,16.7,"",16.4,"",
SMAJ15A-E,SMAJ,"DO-214AC",400,"Unidirectional",15,16.7,"",16.4,"",
SMAJ150CA-E,SMAJ,"DO-214AC",400,"Bidirectional",150,167,"",1.6,"",
SMAJ150A-E,SMAJ,"DO-214AC",400,"Unidirectional",150,167,"",1.6,"",
SMAJ14CA-E,SMAJ,"DO-214AC",400,"Bidirectional",14,15.6,"",17.2,"",
SMAJ14A-E,SMAJ,"DO-214AC",400,"Unidirectional",14,15.6,"",17.2,"",
SMAJ13A-E,SMAJ,"DO-214AC",400,"Unidirectional",13,14.4,"",18.6,"",
SMAJ13CA-E,SMAJ,"DO-214AC",400,"Bidirectional",13,14.4,"",18.6,"",
SMAJ130CA-E,SMAJ,"DO-214AC",400,"Bidirectional",130,144,"",1.9,"",
SMAJ130A-E,SMAJ,"DO-214AC",400,"Unidirectional",130,144,"",1.9,"",
SMAJ11CA-E,SMAJ,"DO-214AC",400,"Bidirectional",11,12.2,"",22,"",
SMAJ12CA-E,SMAJ,"DO-214AC",400,"Bidirectional",12,13.3,"",20.1,"",
SMAJ120A-E,SMAJ,"DO-214AC",400,"Unidirectional",120,133,"",2.1,"",
SMAJ120CA-E,SMAJ,"DO-214AC",400,"Bidirectional",120,133,"",2.1,"",
SMAJ10CA-E,SMAJ,"DO-214AC",400,"Bidirectional",10,11.1,"",23.5,"",
SMAJ11A-E,SMAJ,"DO-214AC",400,"Unidirectional",11,12.2,"",22,"",
SMAJ110CA-E,SMAJ,"DO-214AC",400,"Bidirectional",110,122,"",2.3,"",
SMAJ110A-E,SMAJ,"DO-214AC",400,"Unidirectional",110,122,"",2.3,"",
SMAJ10A-E,SMAJ,"DO-214AC",400,"Unidirectional",10,11.1,"",23.5,"",
SMAJ100CA-E,SMAJ,"DO-214AC",400,"Bidirectional",100,111,"",2.5,"",
SMAJ100A-E,SMAJ,"DO-214AC",400,"Unidirectional",100,111,"",2.5,"",
SMBJ90A,SMBJ,"DO-214AA",600,"",90,100,"",4.1,"UR",
SMBJ90CA-E,SMBJ,"DO-214AA",600,"",90,100,"",4.1,"",
SMBJ9.0CA,SMBJ,"DO-214AA",600,"",9,10,"",39,"UR",
SMBJ85CA,SMBJ,"DO-214AA",600,"",85,94.4,"",4.4,"UR",
SMBJ85A-E,SMBJ,"DO-214AA",600,"",85,94.4,"",4.4,"",
SMBJ8.5CA-E,SMBJ,"DO-214AA",600,"",8.5,9.44,"",41.7,"",
SMBJ8.5A,SMBJ,"DO-214AA",600,"",8.5,9.44,"",41.7,"UR",
SMBJ8.5CA,SMBJ,"DO-214AA",600,"",8.5,9.44,"",41.7,"UR",
SMBJ8.0A-E,SMBJ,"DO-214AA",600,"",8,8.89,"",44.2,"",
SMBJ8.0A,SMBJ,"DO-214AA",600,"",8,8.89,"",44.2,"UR",
SMBJ78CA,SMBJ,"DO-214AA",600,"",78,86.7,"",4.8,"UR",
SMBJ78A,SMBJ,"DO-214AA",600,"",78,86.7,"",4.8,"UR",
SMBJ75CA-E,SMBJ,"DO-214AA",600,"",75,83.3,"",5,"",
SMBJ75CA,SMBJ,"DO-214AA",600,"",75,83.3,"",5,"UR",
SMBJ75A-E,SMBJ,"DO-214AA",600,"",75,83.3,"",5,"",
SMBJ75A,SMBJ,"DO-214AA",600,"",75,83.3,"",5,"UR",
SMBJ70CA,SMBJ,"DO-214AA",600,"",70,77.8,"",5.3,"",
SMBJ7.5CA,SMBJ,"DO-214AA",600,"",7.5,8.33,"",46.6,"UR",
SMBJ7.5CA-E,SMBJ,"DO-214AA",600,"",7.5,8.33,"",46.6,"",
SMBJ7.5A,SMBJ,"DO-214AA",600,"",7.5,8.33,"",46.6,"UR",
SMBJ7.0CA,SMBJ,"DO-214AA",600,"",7,7.78,"",50,"UR",
SMBJ7.0A,SMBJ,"DO-214AA",600,"",7,7.78,"",50,"UR",
SMBJ64CA-E,SMBJ,"DO-214AA",600,"",64,71.1,"",5.9,"",
SMBJ64CA,SMBJ,"DO-214AA",600,"",64,71.1,"",5.9,"UR",
SMBJ64A-E,SMBJ,"DO-214AA",600,"",64,71.1,"",5.9,"",
SMBJ60CA-E,SMBJ,"DO-214AA",600,"",60,66.7,"",6.2,"",
SMBJ60A,SMBJ,"DO-214AA",600,"",60,66.7,"",6.2,"UR",
SMBJ6.5A-E,SMBJ,"DO-214AA",600,"",6.5,7.22,"",53.6,"",
SMBJ58CA-E,SMBJ,"DO-214AA",600,"",58,64.4,"",6.5,"",
SMBJ54A,SMBJ,"DO-214AA",600,"",54,60,"",6.9,"UR",
SMBJ54CA,SMBJ,"DO-214AA",600,"",54,60,"",6.9,"UR",
SMBJ51CA-E,SMBJ,"DO-214AA",600,"",51,56.7,"",7.3,"",
SMBJ51A-E,SMBJ,"DO-214AA",600,"",51,56.7,"",7.3,"",
SMBJ5.0CA-E,SMBJ,"DO-214AA",600,"",5,6.4,"",65.3,"",
SMBJ48A-E,SMBJ,"DO-214AA",600,"",48,53.3,"",7.8,"",
SMBJ48A,SMBJ,"DO-214AA",600,"",48,53.3,"",7.8,"UR",
SMBJ5.0A,SMBJ,"DO-214AA",600,"",5,6.4,"",65.3,"UR",
SMBJ45CA-E,SMBJ,"DO-214AA",600,"",45,50,"",8.3,"",
SMBJ45A-E,SMBJ,"DO-214AA",600,"",45,50,"",8.3,"",
SMBJ45A,SMBJ,"DO-214AA",600,"",45,50,"",8.3,"UR",
SMBJ43CA-E,SMBJ,"DO-214AA",600,"",43,47.8,"",8.7,"",
SMBJ43CA,SMBJ,"DO-214AA",600,"",43,47.8,"",8.7,"UR",
SMBJ40CA,SMBJ,"DO-214AA",600,"",40,44.4,"",9.3,"UR",
SMBJ40A,SMBJ,"DO-214AA",600,"",40,44.4,"",9.3,"UR",
SMBJ36CA,SMBJ,"DO-214AA",600,"",36,40,"",10.4,"UR",
SMBJ33CA-E,SMBJ,"DO-214AA",600,"",33,36.7,"",11.3,"",
SMBJ30CA,SMBJ,"DO-214AA",600,"",30,33.3,"",12.4,"UR",
SMBJ30A-E,SMBJ,"DO-214AA",600,"",30,33.3,"",12.4,"",
SMBJ26CA,SMBJ,"DO-214AA",600,"",26,28.9,"",14.3,"UR",
SMBJ26A,SMBJ,"DO-214AA",600,"",26,28.9,"",14.3,"UR",
SMBJ250CA-E,SMBJ,"DO-214AA",600,"",250,279,"",1.5,"",
SMBJ24CA,SMBJ,"DO-214AA",600,"",24,26.7,"",15.5,"UR",
SMBJ22CA,SMBJ,"DO-214AA",600,"",22,24.4,"",16.9,"UR",
SMBJ22A-E,SMBJ,"DO-214AA",600,"",22,24.4,"",16.9,"",
SMBJ220CA-E,SMBJ,"DO-214AA",600,"",220,246,"",1.7,"",
SMBJ200CA,SMBJ,"DO-214AA",600,"",200,224,"",1.9,"UR",
SMBJ220A,SMBJ,"DO-214AA",600,"",220,246,"",1.7,"UR",
SMBJ20A-E,SMBJ,"DO-214AA",600,"",20,22.2,"",18.6,"",
SMBJ200A,SMBJ,"DO-214AA",600,"",200,224,"",1.9,"UR",
SMBJ188CA-E,SMBJ,"DO-214AA",600,"",188,209,"",2,"",
SMBJ180CA,SMBJ,"DO-214AA",600,"",180,201,"",2.1,"UR",
SMBJ188A,SMBJ,"DO-214AA",600,"",188,209,"",2,"UR",
SMBJ180A-E,SMBJ,"DO-214AA",600,"",180,201,"",2.1,"",
SMBJ170CA-E,SMBJ,"DO-214AA",600,"",170,189,"",2.2,"",
SMBJ17CA-E,SMBJ,"DO-214AA",600,"",17,18.9,"",21.8,"",
SMBJ17CA,SMBJ,"DO-214AA",600,"",17,18.9,"",21.8,"UR",
SMBJ170CA,SMBJ,"DO-214AA",600,"",170,189,"",2.2,"UR",
SMBJ17A,SMBJ,"DO-214AA",600,"",17,18.9,"",21.8,"UR",
SMBJ170A-E,SMBJ,"DO-214AA",600,"",170,189,"",2.2,"",
SMBJ16CA-E,SMBJ,"DO-214AA",600,"",16,17.8,"",23.1,"",
SMBJ16A,SMBJ,"DO-214AA",600,"",16,17.8,"",23.1,"UR",
SMBJ160CA-E,SMBJ,"DO-214AA",600,"",160,178,"",2.3,"",
SMBJ160A-E,SMBJ,"DO-214AA",600,"",160,178,"",2.3,"",
SMBJ160A,SMBJ,"DO-214AA",600,"",160,178,"",2.3,"UR",
SMBJ15A-E,SMBJ,"DO-214AA",600,"",15,16.7,"",24.6,"",
SMBJ15A,SMBJ,"DO-214AA",600,"",15,16.7,"",24.6,"UR",
SMBJ150CA-E,SMBJ,"DO-214AA",600,"",150,167,"",2.5,"",
SMBJ14CA-E,SMBJ,"DO-214AA",600,"",14,15.6,"",25.9,"",
SMBJ13CA-E,SMBJ,"DO-214AA",600,"",13,14.4,"",28,"",
SMBJ13CA,SMBJ,"DO-214AA",600,"",13,14.4,"",28,"UR",
SMBJ13A-E,SMBJ,"DO-214AA",600,"",13,14.4,"",28,"",
SMBJ130A,SMBJ,"DO-214AA",600,"",130,144,"",2.9,"UR",
SMBJ120CA-E,SMBJ,"DO-214AA",600,"",120,133,"",3.1,"",
SMBJ120A,SMBJ,"DO-214AA",600,"",120,133,"",3.1,"UR",
SMBJ11CA,SMBJ,"DO-214AA",600,"",11,12.2,"",33,"UR",
SMBJ11A-E,SMBJ,"DO-214AA",600,"",11,12.2,"",33,"",
SMBJ100CA,SMBJ,"DO-214AA",600,"",100,111,"",3.7,"UR",
SMBJ100A-E,SMBJ,"DO-214AA",600,"",100,111,"",3.7,"",
SMBJ110CA-E,SMBJ,"DO-214AA",600,"",110,122,"",3.4,"",
SMBJ110A,SMBJ,"DO-214AA",600,"",110,122,"",3.4,"UR",
SMBJ100A,SMBJ,"DO-214AA",600,"",100,111,"",3.7,"UR",
SMBJ10A,SMBJ,"DO-214AA",600,"",10,11.1,"",35.3,"UR",
SMAJ400A,SMAJ,"DO-214AC",600,"",400,447,"",1,"",
SMAJ350A,SMAJ,"DO-214AC",600,"",350,391,"",1.1,"",
SMAJ300A,SMAJ,"DO-214AC",600,"",300,335,"",1.3,"",
SMAJ220CA,SMAJ,"DO-214AC",600,"",220,246,"",1.7,"",
SMBJ90CA,SMBJ,"DO-214AA",600,"",90,100,"",4.1,"UR",
SMBJ9.0A,SMBJ,"DO-214AA",600,"",9,10,"",39,"UR",
SMBJ85A,SMBJ,"DO-214AA",600,"",85,94.4,"",4.4,"UR",
SMBJ8.0CA,SMBJ,"DO-214AA",600,"",8,8.89,"",44.2,"UR",
SMBJ70A,SMBJ,"DO-214AA",600,"",70,77.8,"",5.3,"UR",
SMBJ64A,SMBJ,"DO-214AA",600,"",64,71.1,"",5.9,"UR",
SMBJ60CA,SMBJ,"DO-214AA",600,"",60,66.7,"",6.2,"UR",
SMBJ6.5CA,SMBJ,"DO-214AA",600,"",6.5,7.22,"",53.6,"",
SMBJ6.5A,SMBJ,"DO-214AA",600,"",6.5,7.22,"",53.6,"",
SMBJ6.0CA,SMBJ,"DO-214AA",600,"",6,6.67,"",58.3,"UR",
SMBJ6.0A,SMBJ,"DO-214AA",600,"",6,6.67,"",58.3,"UR",
SMBJ58CA,SMBJ,"DO-214AA",600,"",58,64.4,"",6.5,"",
SMBJ58A,SMBJ,"DO-214AA",600,"",58,64.4,"",6.5,"UR",
SMBJ51CA,SMBJ,"DO-214AA",600,"",51,56.7,"",7.3,"UR",
SMBJ5.0CA,SMBJ,"DO-214AA",600,"",5,6.4,"",65.3,"UR",
SMBJ45CA,SMBJ,"DO-214AA",600,"",45,50,"",8.3,"UR",
SMBJ43A,SMBJ,"DO-214AA",600,"",43,47.8,"",8.7,"UR",
SMBJ33A,SMBJ,"DO-214AA",600,"",33,36.7,"",11.3,"UR",
SMBJ28CA,SMBJ,"DO-214AA",600,"",28,31.1,"",13.3,"UR",
SMBJ28A,SMBJ,"DO-214AA",600,"",28,31.1,"",13.3,"UR",
SMBJ250A,SMBJ,"DO-214AA",600,"",250,279,"",1.5,"UR",
SMBJ250CA,SMBJ,"DO-214AA",600,"",250,279,"",1.5,"UR",
SMBJ22A,SMBJ,"DO-214AA",600,"",22,24.4,"",16.9,"UR",
SMBJ220CA,SMBJ,"DO-214AA",600,"",220,246,"",1.7,"UR",
SMBJ20A,SMBJ,"DO-214AA",600,"",20,22.2,"",18.6,"UR",
SMBJ20CA,SMBJ,"DO-214AA",600,"",20,22.2,"",18.6,"UR",
SMBJ18A,SMBJ,"DO-214AA",600,"",18,20,"",20.6,"UR",
SMBJ188CA,SMBJ,"DO-214AA",600,"",188,209,"",2,"UR",
SMBJ180A,SMBJ,"DO-214AA",600,"",180,201,"",2.1,"UR",
SMBJ170A,SMBJ,"DO-214AA",600,"",170,189,"",2.2,"UR",
SMBJ16CA,SMBJ,"DO-214AA",600,"",16,17.8,"",23.1,"UR",
SMBJ150A,SMBJ,"DO-214AA",600,"",150,167,"",2.5,"UR",
SMBJ160CA,SMBJ,"DO-214AA",600,"",160,178,"",2.3,"UR",
SMBJ15CA,SMBJ,"DO-214AA",600,"",15,16.7,"",24.6,"UR",
SMBJ150CA,SMBJ,"DO-214AA",600,"",150,167,"",2.5,"UR",
SMBJ14CA,SMBJ,"DO-214AA",600,"",14,15.6,"",25.9,"UR",
SMBJ130CA,SMBJ,"DO-214AA",600,"",130,144,"",2.9,"UR",
SMBJ13A,SMBJ,"DO-214AA",600,"",13,14.4,"",28,"UR",
SMBJ12CA,SMBJ,"DO-214AA",600,"",12,13.3,"",30.2,"UR",
SMBJ12A,SMBJ,"DO-214AA",600,"",12,13.3,"",30.2,"UR",
SMBJ120CA,SMBJ,"DO-214AA",600,"",120,133,"",3.1,"UR",
SMBJ11A,SMBJ,"DO-214AA",600,"",11,12.2,"",33,"UR",
SMBJ110CA,SMBJ,"DO-214AA",600,"",110,122,"",3.4,"UR",
SMBJ10CA,SMBJ,"DO-214AA",600,"",10,11.1,"",35.3,"UR",
SMAJ440CA,SMAJ,"DO-214AC",600,"",440,492,"",0.9,"",
SMAJ440A,SMAJ,"DO-214AC",600,"",440,492,"",0.9,"",
SMAJ400CA,SMAJ,"DO-214AC",600,"",400,447,"",1,"",
SMAJ350CA,SMAJ,"DO-214AC",600,"",350,391,"",1.1,"",
SMAJ300CA,SMAJ,"DO-214AC",600,"",300,335,"",1.3,"",
SMAJ250CA,SMAJ,"DO-214AC",600,"",250,279,"",1.5,"",
SMBJ36A,SMBJ,"DO-214AA",600,"",36,40,"",10.4,"UR",
SMBJ24A,SMBJ,"DO-214AA",600,"",24,26.7,"",15.5,"UR",
SMBJ90A-E,SMBJ,"DO-214AA",600,"",90,100,"",4.1,"",
SMBJ85CA-E,SMBJ,"DO-214AA",600,"",85,94.4,"",4.4,"",
SMBJ70CA-E,SMBJ,"DO-214AA",600,"",70,77.8,"",5.3,"",
SMBJ70A-E,SMBJ,"DO-214AA",600,"",70,77.8,"",5.3,"",
SMBJ7.0CA-E,SMBJ,"DO-214AA",600,"",7,7.78,"",50,"",
SMBJ7.0A-E,SMBJ,"DO-214AA",600,"",7,7.78,"",50,"",
SMBJ6.0CA-E,SMBJ,"DO-214AA",600,"",6,6.67,"",58.3,"",
SMBJ54CA-E,SMBJ,"DO-214AA",600,"",54,60,"",6.9,"",
SMBJ54A-E,SMBJ,"DO-214AA",600,"",54,60,"",6.9,"",
SMBJ51A,SMBJ,"DO-214AA",600,"",51,56.7,"",7.3,"UR",
SMBJ5.0A-E,SMBJ,"DO-214AA",600,"",5,6.4,"",65.3,"",
SMBJ43A-E,SMBJ,"DO-214AA",600,"",43,47.8,"",8.7,"",
SMBJ40CA-E,SMBJ,"DO-214AA",600,"",40,44.4,"",9.3,"",
SMBJ33CA,SMBJ,"DO-214AA",600,"",33,36.7,"",11.3,"UR",
SMBJ26CA-E,SMBJ,"DO-214AA",600,"",26,28.9,"",14.3,"",
SMBJ30CA-E,SMBJ,"DO-214AA",600,"",30,33.3,"",12.4,"",
SMBJ28CA-E,SMBJ,"DO-214AA",600,"",28,31.1,"",13.3,"",
SMBJ24A-E,SMBJ,"DO-214AA",600,"",24,26.7,"",15.5,"",
SMBJ22CA-E,SMBJ,"DO-214AA",600,"",22,24.4,"",16.9,"",
SMBJ220A-E,SMBJ,"DO-214AA",600,"",220,246,"",1.7,"",
SMBJ18A-E,SMBJ,"DO-214AA",600,"",18,20,"",20.6,"",
SMBJ18CA,SMBJ,"DO-214AA",600,"",18,20,"",20.6,"UR",
SMBJ16A-E,SMBJ,"DO-214AA",600,"",16,17.8,"",23.1,"",
SMBJ14A-E,SMBJ,"DO-214AA",600,"",14,15.6,"",25.9,"",
SMBJ130CA-E,SMBJ,"DO-214AA",600,"",130,144,"",2.9,"",
SMBJ130A-E,SMBJ,"DO-214AA",600,"",130,144,"",2.9,"",
SMBJ12A-E,SMBJ,"DO-214AA",600,"",12,13.3,"",30.2,"",
SMBJ120A-E,SMBJ,"DO-214AA",600,"",120,133,"",3.1,"",
SMBJ9.0CA-E,SMBJ,"DO-214AA",600,"",9,10,"",39,"",
SMBJ9.0A-E,SMBJ,"DO-214AA",600,"",9,10,"",39,"",
SMBJ8.5A-E,SMBJ,"DO-214AA",600,"",8.5,9.44,"",41.7,"",
SMBJ78CA-E,SMBJ,"DO-214AA",600,"",78,86.7,"",4.8,"",
SMBJ7.5A-E,SMBJ,"DO-214AA",600,"",7.5,8.33,"",46.6,"",
SMBJ60A-E,SMBJ,"DO-214AA",600,"",60,66.7,"",6.2,"",
SMBJ48CA,SMBJ,"DO-214AA",600,"",48,53.3,"",7.8,"UR",
SMBJ36CA-E,SMBJ,"DO-214AA",600,"",36,40,"",10.4,"",
SMBJ36A-E,SMBJ,"DO-214AA",600,"",36,40,"",10.4,"",
SMBJ30A,SMBJ,"DO-214AA",600,"",30,33.3,"",12.4,"UR",
SMBJ26A-E,SMBJ,"DO-214AA",600,"",26,28.9,"",14.3,"",
SMBJ200CA-E,SMBJ,"DO-214AA",600,"",200,224,"",1.9,"",
SMBJ18CA-E,SMBJ,"DO-214AA",600,"",18,20,"",20.6,"",
SMBJ180CA-E,SMBJ,"DO-214AA",600,"",180,201,"",2.1,"",
SMBJ188A-E,SMBJ,"DO-214AA",600,"",188,209,"",2,"",
SMBJ150A-E,SMBJ,"DO-214AA",600,"",150,167,"",2.5,"",
SMBJ14A,SMBJ,"DO-214AA",600,"",14,15.6,"",25.9,"UR",
SMBJ110A-E,SMBJ,"DO-214AA",600,"",110,122,"",3.4,"",
SMBJ10CA-E,SMBJ,"DO-214AA",600,"",10,11.1,"",35.3,"",
SMBJ100CA-E,SMBJ,"DO-214AA",600,"",100,111,"",3.7,"",
SMBJ10A-E,SMBJ,"DO-214AA",600,"",10,11.1,"",35.3,"",
SMBJ58A-E,SMBJ,"DO-214AA",600,"",58,64.4,"",6.5,"",
SMBJ8.0CA-E,SMBJ,"DO-214AA",600,"",8,8.89,"",44.2,"",
SMBJ78A-E,SMBJ,"DO-214AA",600,"",78,86.7,"",4.8,"",
SMBJ6.5CA-E,SMBJ,"DO-214AA",600,"",6.5,7.22,"",53.6,"",
SMBJ40A-E,SMBJ,"DO-214AA",600,"",40,44.4,"",9.3,"",
SMBJ28A-E,SMBJ,"DO-214AA",600,"",28,31.1,"",13.3,"",
SMBJ20CA-E,SMBJ,"DO-214AA",600,"",20,22.2,"",18.6,"",
SMBJ17A-E,SMBJ,"DO-214AA",600,"",17,18.9,"",21.8,"",
SMBJ12CA-E,SMBJ,"DO-214AA",600,"",12,13.3,"",30.2,"",
SMBJ6.0A-E,SMBJ,"DO-214AA",600,"",6,6.67,"",58.3,"",
SMBJ48CA-E,SMBJ,"DO-214AA",600,"",48,53.3,"",7.8,"",
SMBJ33A-E,SMBJ,"DO-214AA",600,"",33,36.7,"",11.3,"",
SMBJ250A-E,SMBJ,"DO-214AA",600,"",250,279,"",1.5,"",
SMBJ24CA-E,SMBJ,"DO-214AA",600,"",24,26.7,"",15.5,"",
SMBJ200A-E,SMBJ,"DO-214AA",600,"",200,224,"",1.9,"",
SMBJ15CA-E,SMBJ,"DO-214AA",600,"",15,16.7,"",24.6,"",
SMBJ11CA-E,SMBJ,"DO-214AA",600,"",11,12.2,"",33,"",
SMBJ440CA,SMBJ,"DO-214AA",800,"",440,492,"",1.1,"UR",
SMBJ440A,SMBJ,"DO-214AA",800,"",440,492,"",1.1,"UR",
SMBJ400CA,SMBJ,"DO-214AA",800,"",400,447,"",1.3,"UR",
SMBJ350A,SMBJ,"DO-214AA",800,"",350,391,"",1.5,"UR",
SMBJ400A,SMBJ,"DO-214AA",800,"",400,447,"",1.3,"UR",
SMBJ350CA,SMBJ,"DO-214AA",800,"",350,391,"",1.5,"UR",
SMBJ300CA,SMBJ,"DO-214AA",800,"",300,335,"",1.7,"UR",
SMBJ300A,SMBJ,"DO-214AA",800,"",300,335,"",1.7,"UR",
SMCJ90CA,SMCJ,"DO-214AB",1500,"Bidirectional",90,100,56.7,10.3,"UR",
SMCJ9.0A,SMCJ,"DO-214AB",1500,"Unidirectional",9,10,535.7,97.4,"",
SMCJ9.0A-E,SMCJ,"DO-214AB",1500,"",9,10,"",97.4,"",
SMCJ85A-E,SMCJ,"DO-214AB",1500,"",85,94.4,"",11,"",
SMCJ85A,SMCJ,"DO-214AB",1500,"Unidirectional",85,94.4,60.5,11,"UR",
SMCJ8.5CA,SMCJ,"DO-214AB",1500,"Bidirectional",8.5,9.44,573.1,104.2,"",
SMCJ8.5A-E,SMCJ,"DO-214AB",1500,"",8.5,9.44,"",104.2,"",
SMCJ8.0A-E,SMCJ,"DO-214AB",1500,"",8,8.89,"",110.3,"",
SMCJ8.0A,SMCJ,"DO-214AB",1500,"Unidirectional",8,8.89,606.7,110.3,"",
SMCJ78CA-E,SMCJ,"DO-214AB",1500,"",78,86.7,"",11.9,"",
SMCJ78A,SMCJ,"DO-214AB",1500,"Unidirectional",78,86.7,65.5,11.9,"",
SMCJ75CA-E,SMCJ,"DO-214AB",1500,"",75,83.3,"",12.4,"",
SMCJ75A-E,SMCJ,"DO-214AB",1500,"",75,83.3,"",12.4,"",
SMCJ70CA,SMCJ,"DO-214AB",1500,"Bidirectional",70,77.8,73.2,13.3,"",
SMCJ70CA-E,SMCJ,"DO-214AB",1500,"",70,77.8,"",13.3,"",
SMCJ70A-E,SMCJ,"DO-214AB",1500,"",70,77.8,"",13.3,"",
SMCJ70A,SMCJ,"DO-214AB",1500,"Unidirectional",70,77.8,73.2,13.3,"",
SMCJ7.5CA,SMCJ,"DO-214AB",1500,"Bidirectional",7.5,8.33,639.7,116.3,"",
SMCJ7.5A,SMCJ,"DO-214AB",1500,"Unidirectional",7.5,8.33,639.7,116.3,"",
SMCJ7.0CA-E,SMCJ,"DO-214AB",1500,"",7,7.78,"",125,"",
SMCJ7.0CA,SMCJ,"DO-214AB",1500,"Bidirectional",7,7.78,687.5,125,"UR",
SMCJ7.0A,SMCJ,"DO-214AB",1500,"Unidirectional",7,7.78,687.5,125,"UR",
SMCJ7.0A-E,SMCJ,"DO-214AB",1500,"",7,7.78,"",125,"",
SMCJ64CA,SMCJ,"DO-214AB",1500,"Bidirectional",64,71.1,80.3,14.6,"UR",
SMCJ60CA-E,SMCJ,"DO-214AB",1500,"",60,66.7,"",15.5,"",
SMCJ60A-E,SMCJ,"DO-214AB",1500,"",60,66.7,"",15.5,"",
SMCJ6.5CA,SMCJ,"DO-214AB",1500,"Bidirectional",6.5,7.22,737,134,"UR",
SMCJ6.0A-E,SMCJ,"DO-214AB",1500,"",6,6.67,"",145.7,"",
SMCJ6.0A,SMCJ,"DO-214AB",1500,"Unidirectional",6,6.67,801.4,145.7,"UR",
SMCJ58CA-E,SMCJ,"DO-214AB",1500,"",58,64.4,"",16.1,"",
SMCJ58A-E,SMCJ,"DO-214AB",1500,"",58,64.4,"",16.1,"",
SMCJ54CA-E,SMCJ,"DO-214AB",1500,"",54,60,"",17.3,"",
SMCJ54A-E,SMCJ,"DO-214AB",1500,"",54,60,"",17.3,"",
SMCJ51CA,SMCJ,"DO-214AB",1500,"Bidirectional",51,56.7,100.1,18.2,"UR",
SMCJ51A-E,SMCJ,"DO-214AB",1500,"",51,56.7,"",18.2,"",
SMCJ51A,SMCJ,"DO-214AB",1500,"Unidirectional",51,56.7,100.1,18.2,"UR",
SMCJ5.0CA,SMCJ,"DO-214AB",1500,"Bidirectional",5,6.4,896.5,163,"UR",
SMCJ5.0A-E,SMCJ,"DO-214AB",1500,"",5,6.4,"",163,"",
SMCJ5.0A,SMCJ,"DO-214AB",1500,"Unidirectional",5,6.4,896.5,163,"UR",
SMCJ48CA,SMCJ,"DO-214AB",1500,"Bidirectional",48,53.3,106.7,19.4,"UR",
SMCJ45CA-E,SMCJ,"DO-214AB",1500,"",45,50,"",20.6,"",
SMCJ45CA,SMCJ,"DO-214AB",1500,"Bidirectional",45,50,113.3,20.6,"UR",
SMCJ43CA-E,SMCJ,"DO-214AB",1500,"",43,47.8,"",21.7,"",
SMCJ43A-E,SMCJ,"DO-214AB",1500,"",43,47.8,"",21.7,"",
SMCJ43A,SMCJ,"DO-214AB",1500,"Unidirectional",43,47.8,119.4,21.7,"UR",
SMCJ40A-E,SMCJ,"DO-214AB",1500,"",40,44.4,"",23.3,"",
SMCJ40A,SMCJ,"DO-214AB",1500,"Unidirectional",40,44.4,128.2,23.3,"",
SMCJ36CA-E,SMCJ,"DO-214AB",1500,"",36,40,"",25.9,"",
SMCJ36A-E,SMCJ,"DO-214AB",1500,"",36,40,"",25.9,"",
SMCJ33CA,SMCJ,"DO-214AB",1500,"Bidirectional",33,36.7,155.1,28.2,"UR",
SMCJ30CA-E,SMCJ,"DO-214AB",1500,"",30,33.3,"",31,"",
SMCJ30CA,SMCJ,"DO-214AB",1500,"Bidirectional",30,33.3,170.5,31,"UR",
SMCJ28A-E,SMCJ,"DO-214AB",1500,"",28,31.1,"",33.1,"",
SMCJ28A,SMCJ,"DO-214AB",1500,"Unidirectional",28,31.1,182.1,33.1,"UR",
SMCJ26A-E,SMCJ,"DO-214AB",1500,"",26,28.9,"",35.7,"",
SMCJ250CA,SMCJ,"DO-214AB",1500,"Bidirectional",250,279,20.4,3.7,"UR",
SMCJ26A,SMCJ,"DO-214AB",1500,"Unidirectional",26,28.9,196.4,35.7,"UR",
SMCJ24CA,SMCJ,"DO-214AB",1500,"Bidirectional",24,26.7,212.3,38.6,"UR",
SMCJ24A-E,SMCJ,"DO-214AB",1500,"",24,26.7,"",38.6,"",
SMCJ24A,SMCJ,"DO-214AB",1500,"Unidirectional",24,26.7,212.3,38.6,"UR",
SMCJ22CA-E,SMCJ,"DO-214AB",1500,"",22,24.4,"",42.3,"",
SMCJ220CA-E,SMCJ,"DO-214AB",1500,"",220,246,"",4.2,"",
SMCJ22CA,SMCJ,"DO-214AB",1500,"Bidirectional",22,24.4,232.7,42.3,"UR",
SMCJ22A,SMCJ,"DO-214AB",1500,"Unidirectional",22,24.4,232.7,42.3,"",
SMCJ20CA,SMCJ,"DO-214AB",1500,"Bidirectional",20,22.2,254.7,46.3,"",
SMCJ220A,SMCJ,"DO-214AB",1500,"Unidirectional",220,246,23.1,4.2,"UR",
SMCJ220A-E,SMCJ,"DO-214AB",1500,"",220,246,"",4.2,"",
SMCJ22A-E,SMCJ,"DO-214AB",1500,"",22,24.4,"",42.3,"",
SMCJ200CA-E,SMCJ,"DO-214AB",1500,"",200,224,"",4.6,"",
SMCJ200A-E,SMCJ,"DO-214AB",1500,"",200,224,"",4.6,"",
SMCJ18CA-E,SMCJ,"DO-214AB",1500,"",18,20,"",51.4,"",
SMCJ18A-E,SMCJ,"DO-214AB",1500,"",18,20,"",51.4,"",
SMCJ18A,SMCJ,"DO-214AB",1500,"Unidirectional",18,20,282.7,51.4,"",
SMCJ180CA,SMCJ,"DO-214AB",1500,"Bidirectional",180,201,28.1,5.1,"UR",
SMCJ17CA-E,SMCJ,"DO-214AB",1500,"",17,18.9,"",54.4,"",
SMCJ17A-E,SMCJ,"DO-214AB",1500,"",17,18.9,"",54.4,"",
SMCJ170CA-E,SMCJ,"DO-214AB",1500,"",170,189,"",5.5,"",
SMCJ170CA,SMCJ,"DO-214AB",1500,"Bidirectional",170,189,30.3,5.5,"UR",
SMCJ170A,SMCJ,"DO-214AB",1500,"Unidirectional",170,189,30.3,5.5,"UR",
SMCJ16CA,SMCJ,"DO-214AB",1500,"Bidirectional",16,17.8,317.4,57.7,"",
SMCJ160CA,SMCJ,"DO-214AB",1500,"Bidirectional",160,178,31.9,5.8,"UR",
SMCJ160A-E,SMCJ,"DO-214AB",1500,"",160,178,"",5.8,"",
SMCJ160A,SMCJ,"DO-214AB",1500,"Unidirectional",160,178,31.9,5.8,"UR",
SMCJ15CA-E,SMCJ,"DO-214AB",1500,"",15,16.7,"",61.5,"",
SMCJ15CA,SMCJ,"DO-214AB",1500,"Bidirectional",15,16.7,338.3,61.5,"",
SMCJ15A-E,SMCJ,"DO-214AB",1500,"",15,16.7,"",61.5,"",
SMCJ150CA-E,SMCJ,"DO-214AB",1500,"",150,167,"",6.2,"",
SMCJ150CA,SMCJ,"DO-214AB",1500,"Bidirectional",150,167,34.1,6.2,"UR",
SMCJ150A-E,SMCJ,"DO-214AB",1500,"",150,167,"",6.2,"",
SMCJ14CA,SMCJ,"DO-214AB",1500,"Bidirectional",14,15.6,355.9,64.7,"",
SMCJ150A,SMCJ,"DO-214AB",1500,"Unidirectional",150,167,34.1,6.2,"UR",
SMCJ14CA-E,SMCJ,"DO-214AB",1500,"",14,15.6,"",64.7,"",
SMCJ14A,SMCJ,"DO-214AB",1500,"Unidirectional",14,15.6,355.9,64.7,"",
SMCJ13CA,SMCJ,"DO-214AB",1500,"Bidirectional",13,14.4,383.9,69.8,"",
SMCJ130A-E,SMCJ,"DO-214AB",1500,"",130,144,"",7.2,"",
SMCJ130CA-E,SMCJ,"DO-214AB",1500,"",130,144,"",7.2,"",
SMCJ130A,SMCJ,"DO-214AB",1500,"Unidirectional",130,144,39.6,7.2,"UR",
SMCJ12A-E,SMCJ,"DO-214AB",1500,"",12,13.3,"",75.4,"",
SMCJ12CA,SMCJ,"DO-214AB",1500,"Bidirectional",12,13.3,414.7,75.4,"",
SMCJ12A,SMCJ,"DO-214AB",1500,"Unidirectional",12,13.3,414.7,75.4,"",
SMCJ120CA,SMCJ,"DO-214AB",1500,"Bidirectional",120,133,42.9,7.8,"UR",
SMCJ11CA-E,SMCJ,"DO-214AB",1500,"",11,12.2,"",82.5,"",
SMCJ11A,SMCJ,"DO-214AB",1500,"Unidirectional",11,12.2,453.8,82.5,"",
SMCJ110CA,SMCJ,"DO-214AB",1500,"Bidirectional",110,122,46.8,8.5,"UR",
SMCJ110CA-E,SMCJ,"DO-214AB",1500,"",110,122,"",8.5,"",
SMCJ10CA,SMCJ,"DO-214AB",1500,"Bidirectional",10,11.1,485.7,88.3,"",
SMCJ10A,SMCJ,"DO-214AB",1500,"Unidirectional",10,11.1,485.7,88.3,"",
SMCJ10A-E,SMCJ,"DO-214AB",1500,"",10,11.1,"",88.3,"",
SMCJ100CA-E,SMCJ,"DO-214AB",1500,"",100,111,"",9.3,"",
SMCJ100A,SMCJ,"DO-214AB",1500,"Unidirectional",100,111,51.2,9.3,"UR",
SMCJ75CA,SMCJ,"DO-214AB",1500,"Bidirectional",75,83.3,68.2,12.4,"",
SMCJ45A,SMCJ,"DO-214AB",1500,"Unidirectional",45,50,113.3,20.6,"UR",
SMCJ43CA,SMCJ,"DO-214AB",1500,"Bidirectional",43,47.8,119.4,21.7,"UR",
SMCJ78CA,SMCJ,"DO-214AB",1500,"Bidirectional",78,86.7,65.5,11.9,"",
SMCJ75A,SMCJ,"DO-214AB",1500,"Unidirectional",75,83.3,68.2,12.4,"",
SMCJ20A,SMCJ,"DO-214AB",1500,"Unidirectional",20,22.2,254.7,46.3,"",
SMCJ6.0CA,SMCJ,"DO-214AB",1500,"Bidirectional",6,6.67,801.4,145.7,"UR",
SMCJ54CA,SMCJ,"DO-214AB",1500,"Bidirectional",54,60,95.2,17.3,"UR",
SMCJ58CA,SMCJ,"DO-214AB",1500,"Bidirectional",58,64.4,88.6,16.1,"UR",
SMCJ17CA,SMCJ,"DO-214AB",1500,"Bidirectional",17,18.9,299.2,54.4,"",
SMCJ180A,SMCJ,"DO-214AB",1500,"Unidirectional",180,201,28.1,5.1,"UR",
SMCJ17A,SMCJ,"DO-214AB",1500,"Unidirectional",17,18.9,299.2,54.4,"",
SMCJ60CA,SMCJ,"DO-214AB",1500,"Bidirectional",60,66.7,85.3,15.5,"UR",
SMCJ26CA,SMCJ,"DO-214AB",1500,"Bidirectional",26,28.9,196.4,35.7,"UR",
SMCJ54A,SMCJ,"DO-214AB",1500,"Unidirectional",54,60,95.2,17.3,"UR",
SMCJ220CA,SMCJ,"DO-214AB",1500,"Bidirectional",220,246,23.1,4.2,"UR",
SMCJ130CA,SMCJ,"DO-214AB",1500,"Bidirectional",130,144,39.6,7.2,"UR",
SMCJ11CA,SMCJ,"DO-214AB",1500,"Bidirectional",11,12.2,453.8,82.5,"",
SMCJ100CA,SMCJ,"DO-214AB",1500,"Bidirectional",100,111,51.2,9.3,"UR",
SMCJ90A,SMCJ,"DO-214AB",1500,"Unidirectional",90,100,56.7,10.3,"",
SMCJ85CA-E,SMCJ,"DO-214AB",1500,"",85,94.4,"",11,"",
SMCJ85CA,SMCJ,"DO-214AB",1500,"Bidirectional",85,94.4,60.5,11,"UR",
SMCJ7.5CA-E,SMCJ,"DO-214AB",1500,"",7.5,8.33,"",116.3,"",
SMCJ64CA-E,SMCJ,"DO-214AB",1500,"",64,71.1,"",14.6,"",
SMCJ60A,SMCJ,"DO-214AB",1500,"Unidirectional",60,66.7,85.3,15.5,"UR",
SMCJ6.5A,SMCJ,"DO-214AB",1500,"Unidirectional",6.5,7.22,737,134,"UR",
SMCJ6.5A-E,SMCJ,"DO-214AB",1500,"",6.5,7.22,"",134,"",
SMCJ58A,SMCJ,"DO-214AB",1500,"Unidirectional",58,64.4,88.6,16.1,"UR",
SMCJ6.0CA-E,SMCJ,"DO-214AB",1500,"",6,6.67,"",145.7,"",
SMCJ5.0CA-E,SMCJ,"DO-214AB",1500,"",5,6.4,"",163,"",
SMCJ48CA-E,SMCJ,"DO-214AB",1500,"",48,53.3,"",19.4,"",
SMCJ36CA,SMCJ,"DO-214AB",1500,"Bidirectional",36,40,142.5,25.9,"UR",
SMCJ40CA,SMCJ,"DO-214AB",1500,"Bidirectional",40,44.4,128.2,23.3,"UR",
SMCJ36A,SMCJ,"DO-214AB",1500,"Unidirectional",36,40,142.5,25.9,"UR",
SMCJ33CA-E,SMCJ,"DO-214AB",1500,"",33,36.7,"",28.2,"",
SMCJ33A-E,SMCJ,"DO-214AB",1500,"",33,36.7,"",28.2,"",
SMCJ33A,SMCJ,"DO-214AB",1500,"Unidirectional",33,36.7,155.1,28.2,"UR",
SMCJ30A-E,SMCJ,"DO-214AB",1500,"",30,33.3,"",31,"",
SMCJ30A,SMCJ,"DO-214AB",1500,"Unidirectional",30,33.3,170.5,31,"UR",
SMCJ28CA-E,SMCJ,"DO-214AB",1500,"",28,31.1,"",33.1,"",
SMCJ20CA-E,SMCJ,"DO-214AB",1500,"",20,22.2,"",46.3,"",
SMCJ250CA-E,SMCJ,"DO-214AB",1500,"",250,279,"",3.7,"",
SMCJ250A-E,SMCJ,"DO-214AB",1500,"",250,279,"",3.7,"",
SMCJ24CA-E,SMCJ,"DO-214AB",1500,"",24,26.7,"",38.6,"",
SMCJ200A,SMCJ,"DO-214AB",1500,"Unidirectional",200,224,25.3,4.6,"UR",
SMCJ180CA-E,SMCJ,"DO-214AB",1500,"",180,201,"",5.1,"",
SMCJ180A-E,SMCJ,"DO-214AB",1500,"",180,201,"",5.1,"",
SMCJ16CA-E,SMCJ,"DO-214AB",1500,"",16,17.8,"",57.7,"",
SMCJ16A-E,SMCJ,"DO-214AB",1500,"",16,17.8,"",57.7,"",
SMCJ14A-E,SMCJ,"DO-214AB",1500,"",14,15.6,"",64.7,"",
SMCJ13A-E,SMCJ,"DO-214AB",1500,"",13,14.4,"",69.8,"",
SMCJ13A,SMCJ,"DO-214AB",1500,"Unidirectional",13,14.4,383.9,69.8,"",
SMCJ11A-E,SMCJ,"DO-214AB",1500,"",11,12.2,"",82.5,"",
SMCJ110A,SMCJ,"DO-214AB",1500,"Unidirectional",110,122,46.8,8.5,"UR",
SMCJ9.0CA-E,SMCJ,"DO-214AB",1500,"",9,10,"",97.4,"",
SMCJ9.0CA,SMCJ,"DO-214AB",1500,"Bidirectional",9,10,535.7,97.4,"",
SMCJ8.5CA-E,SMCJ,"DO-214AB",1500,"",8.5,9.44,"",104.2,"",
SMCJ8.5A,SMCJ,"DO-214AB",1500,"Unidirectional",8.5,9.44,573.1,104.2,"",
SMCJ8.0CA-E,SMCJ,"DO-214AB",1500,"",8,8.89,"",110.3,"",
SMCJ8.0CA,SMCJ,"DO-214AB",1500,"Bidirectional",8,8.89,606.7,110.3,"",
SMCJ7.5A-E,SMCJ,"DO-214AB",1500,"",7.5,8.33,"",116.3,"",
SMCJ64A,SMCJ,"DO-214AB",1500,"Unidirectional",64,71.1,80.3,14.6,"UR",
SMCJ6.5CA-E,SMCJ,"DO-214AB",1500,"",6.5,7.22,"",134,"",
SMCJ48A,SMCJ,"DO-214AB",1500,"Unidirectional",48,53.3,106.7,19.4,"UR",
SMCJ28CA,SMCJ,"DO-214AB",1500,"Bidirectional",28,31.1,182.1,33.1,"UR",
SMCJ26CA-E,SMCJ,"DO-214AB",1500,"",26,28.9,"",35.7,"",
SMCJ250A,SMCJ,"DO-214AB",1500,"Unidirectional",250,279,20.4,3.7,"UR",
SMCJ200CA,SMCJ,"DO-214AB",1500,"Bidirectional",200,224,25.3,4.6,"UR",
SMCJ18CA,SMCJ,"DO-214AB",1500,"Bidirectional",18,20,282.7,51.4,"",
SMCJ170A-E,SMCJ,"DO-214AB",1500,"",170,189,"",5.5,"",
SMCJ16A,SMCJ,"DO-214AB",1500,"Unidirectional",16,17.8,317.4,57.7,"",
SMCJ160CA-E,SMCJ,"DO-214AB",1500,"",160,178,"",5.8,"",
SMCJ15A,SMCJ,"DO-214AB",1500,"Unidirectional",15,16.7,338.3,61.5,"",
SMCJ110A-E,SMCJ,"DO-214AB",1500,"",110,122,"",8.5,"",
SMCJ10CA-E,SMCJ,"DO-214AB",1500,"",10,11.1,"",88.3,"",
SMCJ90CA-E,SMCJ,"DO-214AB",1500,"",90,100,"",10.3,"",
SMCJ48A-E,SMCJ,"DO-214AB",1500,"",48,53.3,"",19.4,"",
SMCJ45A-E,SMCJ,"DO-214AB",1500,"",45,50,"",20.6,"",
SMCJ20A-E,SMCJ,"DO-214AB",1500,"",20,22.2,"",46.3,"",
SMCJ12CA-E,SMCJ,"DO-214AB",1500,"",12,13.3,"",75.4,"",
SMCJ120A-E,SMCJ,"DO-214AB",1500,"",120,133,"",7.8,"",
SMCJ90A-E,SMCJ,"DO-214AB",1500,"",90,100,"",10.3,"",
SMCJ78A-E,SMCJ,"DO-214AB",1500,"",78,86.7,"",11.9,"",
SMCJ64A-E,SMCJ,"DO-214AB",1500,"",64,71.1,"",14.6,"",
SMCJ51CA-E,SMCJ,"DO-214AB",1500,"",51,56.7,"",18.2,"",
SMCJ40CA-E,SMCJ,"DO-214AB",1500,"",40,44.4,"",23.3,"",
SMCJ13CA-E,SMCJ,"DO-214AB",1500,"",13,14.4,"",69.8,"",
SMCJ120CA-E,SMCJ,"DO-214AB",1500,"",120,133,"",7.8,"",
SMCJ100A-E,SMCJ,"DO-214AB",1500,"",100,111,"",9.3,"",
SMCJ120A,SMCJ,"DO-214AB",1500,"Unidirectional",120,133,42.9,7.8,"UR",
SMCJ440A,SMCJ,"DO-214AB",2000,"Unidirectional",440,492,15.4,2.8,"UR",
SMCJ400CA,SMCJ,"DO-214AB",2000,"Bidirectional",400,447,16.5,3,"UR",
SMCJ400A,SMCJ,"DO-214AB",2000,"Unidirectional",400,447,16.5,3,"UR",
SMCJ350A,SMCJ,"DO-214AB",2000,"Unidirectional",350,391,19.3,3.5,"UR",
SMCJ440CA,SMCJ,"DO-214AB",2000,"Bidirectional",440,492,15.4,2.8,"UR",
SMCJ350CA,SMCJ,"DO-214AB",2000,"Bidirectional",350,391,19.3,3.5,"UR",
SMCJ300A,SMCJ,"DO-214AB",2000,"Unidirectional",300,335,22.6,4.1,"UR",
SMCJ300CA,SMCJ,"DO-214AB",2000,"Bidirectional",300,335,22.6,4.1,"UR",
