Product,Current - Hold (A),Current - Trip (A),Current - Max (A),Voltage (VDC),Resistance - Initial (Ohm),Resistance - Post Trip (Ohm)
0ZCJ0005FF2E,0.05,0.15,10,60,3.6,50
0ZCJ0010FF2E,0.1,0.25,10,60,1.6,15
0ZCJ0012FF2E,0.12,0.39,10,48,1.4,6.5
0ZCJ0016FF2E,0.16,0.45,10,48,1.1,5
0ZCJ0020FF2E,0.2,0.4,10,30,0.6,2.5
0ZCJ0025AF2E,0.25,0.5,40,24,0.55,2.3
0ZCJ0025FF2E,0.25,0.5,100,16,0.55,2.3
0ZCJ0035AF2E,0.35,0.75,40,30,0.3,1.2
0ZCJ0035FF2G,0.35,0.75,40,16,0.3,1.2
0ZCJ0050AF2E,0.5,1,100,24,0.15,0.75
0ZCJ0050FF2G,0.5,1,100,8,0.15,0.7
0ZCJ0075AF2E,0.75,1.5,100,16,0.09,0.29
0ZCJ0075FF2E,0.75,1.5,100,8,0.09,0.29
0ZCJ0100FF2E,1,1.8,100,6,0.055,0.21
0ZCJ0110AF2C,1.1,2.2,100,16,0.04,0.18
0ZCJ0110FF2E,1.1,2.2,100,8,0.04,0.18
0ZCJ0150FF2C,1.5,3,100,8,0.04,0.12
0ZCJ0200FF2C,2,3.5,100,6,0.08,0.08
