"Part Number","Product Status","Specific Applications","Characteristic","Recommended Applications","Appearance","Size code in mm(inch)","Thickness(max.)","Inductance","Rated Current (Temperature Rise) / Max.","Rated Current (Temperature Rise) / Typ.","Rated Current (L Change) / Max.","Rated Current (L Change) / Typ.","DC Resistance(max.)","Self-resonant frequency(min.)","Maximum operating temperature","Applicable circuit classification","Series","Brand","Rated Current","Downloadable"
"LQW2UAS12NG0C#","In Production","CE×Consumer equipment,IeT×Industrial equipment except for transportation & facility & energy equipment,MeS×Medical equipment [GHTF A/B/C] except for implant & surgery & auto injector","Up to 85℃,Wire wound type (Non mag),Tight,Reflow soldering,ComplieswithRoHS,ComplieswithREACH","Consumer equipment","Appearance","2520/1008","2.03mm","12nH ±2%","1,000mA",,,,"0.09Ω","3,300MHz","85℃","High frequency circuits","LQW2UAS_0C","Murata",,
"LQW2UAS12NJ0C#","In Production","CE×Consumer equipment,IeT×Industrial equipment except for transportation & facility & energy equipment,MeS×Medical equipment [GHTF A/B/C] except for implant & surgery & auto injector","Up to 85℃,Wire wound type (Non mag),Reflow soldering,ComplieswithRoHS,ComplieswithREACH","Consumer equipment","Appearance","2520/1008","2.03mm","12nH ±5%","1,000mA",,,,"0.09Ω","3,300MHz","85℃","High frequency circuits","LQW2UAS_0C","Murata",,
"LQW2UAS18NG0C#","In Production","CE×Consumer equipment,IeT×Industrial equipment except for transportation & facility & energy equipment,MeS×Medical equipment [GHTF A/B/C] except for implant & surgery & auto injector","Up to 85℃,Wire wound type (Non mag),Tight,Reflow soldering,ComplieswithRoHS,ComplieswithREACH","Consumer equipment","Appearance","2520/1008","2.03mm","18nH ±2%","1,000mA",,,,"0.11Ω","2,500MHz","85℃","High frequency circuits","LQW2UAS_0C","Murata",,
"LQW2UAS18NJ0C#","In Production","CE×Consumer equipment,IeT×Industrial equipment except for transportation & facility & energy equipment,MeS×Medical equipment [GHTF A/B/C] except for implant & surgery & auto injector","Up to 85℃,Wire wound type (Non mag),Reflow soldering,ComplieswithRoHS,ComplieswithREACH","Consumer equipment","Appearance","2520/1008","2.03mm","18nH ±5%","1,000mA",,,,"0.11Ω","2,500MHz","85℃","High frequency circuits","LQW2UAS_0C","Murata",,
"LQW2UAS1R0F0C#","In Production","CE×Consumer equipment,IeT×Industrial equipment except for transportation & facility & energy equipment,MeS×Medical equipment [GHTF A/B/C] except for implant & surgery & auto injector","Up to 85℃,Wire wound type (Non mag),Tight,Reflow soldering,ComplieswithRoHS,ComplieswithREACH","Consumer equipment","Appearance","2520/1008","2.03mm","1,000nH ±1%","370mA",,,,"1.75Ω","290MHz","85℃","High frequency circuits","LQW2UAS_0C","Murata",,
"LQW2UAS1R0G0C#","In Production","CE×Consumer equipment,IeT×Industrial equipment except for transportation & facility & energy equipment,MeS×Medical equipment [GHTF A/B/C] except for implant & surgery & auto injector","Up to 85℃,Wire wound type (Non mag),Tight,Reflow soldering,ComplieswithRoHS,ComplieswithREACH","Consumer equipment","Appearance","2520/1008","2.03mm","1,000nH ±2%","370mA",,,,"1.75Ω","290MHz","85℃","High frequency circuits","LQW2UAS_0C","Murata",,
"LQW2UAS1R0J0C#","In Production","CE×Consumer equipment,IeT×Industrial equipment except for transportation & facility & energy equipment,MeS×Medical equipment [GHTF A/B/C] except for implant & surgery & auto injector","Up to 85℃,Wire wound type (Non mag),Reflow soldering,ComplieswithRoHS,ComplieswithREACH","Consumer equipment","Appearance","2520/1008","2.03mm","1,000nH ±5%","370mA",,,,"1.75Ω","290MHz","85℃","High frequency circuits","LQW2UAS_0C","Murata",,
"LQW2UAS1R2F0C#","In Production","CE×Consumer equipment,IeT×Industrial equipment except for transportation & facility & energy equipment,MeS×Medical equipment [GHTF A/B/C] except for implant & surgery & auto injector","Up to 85℃,Wire wound type (Non mag),Tight,Reflow soldering,ComplieswithRoHS,ComplieswithREACH","Consumer equipment","Appearance","2520/1008","2.03mm","1,200nH ±1%","310mA",,,,"2Ω","210MHz","85℃","High frequency circuits","LQW2UAS_0C","Murata",,
"LQW2UAS1R2G0C#","In Production","CE×Consumer equipment,IeT×Industrial equipment except for transportation & facility & energy equipment,MeS×Medical equipment [GHTF A/B/C] except for implant & surgery & auto injector","Up to 85℃,Wire wound type (Non mag),Tight,Reflow soldering,ComplieswithRoHS,ComplieswithREACH","Consumer equipment","Appearance","2520/1008","2.03mm","1,200nH ±2%","310mA",,,,"2Ω","210MHz","85℃","High frequency circuits","LQW2UAS_0C","Murata",,
"LQW2UAS1R2J0C#","In Production","CE×Consumer equipment,IeT×Industrial equipment except for transportation & facility & energy equipment,MeS×Medical equipment [GHTF A/B/C] except for implant & surgery & auto injector","Up to 85℃,Wire wound type (Non mag),Reflow soldering,ComplieswithRoHS,ComplieswithREACH","Consumer equipment","Appearance","2520/1008","2.03mm","1,200nH ±5%","310mA",,,,"2Ω","210MHz","85℃","High frequency circuits","LQW2UAS_0C","Murata",,
"LQW2UAS1R5G0C#","In Production","CE×Consumer equipment,IeT×Industrial equipment except for transportation & facility & energy equipment,MeS×Medical equipment [GHTF A/B/C] except for implant & surgery & auto injector","Up to 85℃,Wire wound type (Non mag),Tight,Reflow soldering,ComplieswithRoHS,ComplieswithREACH","Consumer equipment","Appearance","2520/1008","2.03mm","1,500nH ±2%","330mA",,,,"2.3Ω","120MHz","85℃","High frequency circuits","LQW2UAS_0C","Murata",,
"LQW2UAS1R5J0C#","In Production","CE×Consumer equipment,IeT×Industrial equipment except for transportation & facility & energy equipment,MeS×Medical equipment [GHTF A/B/C] except for implant & surgery & auto injector","Up to 85℃,Wire wound type (Non mag),Reflow soldering,ComplieswithRoHS,ComplieswithREACH","Consumer equipment","Appearance","2520/1008","2.03mm","1,500nH ±5%","330mA",,,,"2.3Ω","120MHz","85℃","High frequency circuits","LQW2UAS_0C","Murata",,
"LQW2UAS1R8G0C#","In Production","CE×Consumer equipment,IeT×Industrial equipment except for transportation & facility & energy equipment,MeS×Medical equipment [GHTF A/B/C] except for implant & surgery & auto injector","Up to 85℃,Wire wound type (Non mag),Tight,Reflow soldering,ComplieswithRoHS,ComplieswithREACH","Consumer equipment","Appearance","2520/1008","2.03mm","1,800nH ±2%","300mA",,,,"2.6Ω","140MHz","85℃","High frequency circuits","LQW2UAS_0C","Murata",,
"LQW2UAS1R8J0C#","In Production","CE×Consumer equipment,IeT×Industrial equipment except for transportation & facility & energy equipment,MeS×Medical equipment [GHTF A/B/C] except for implant & surgery & auto injector","Up to 85℃,Wire wound type (Non mag),Reflow soldering,ComplieswithRoHS,ComplieswithREACH","Consumer equipment","Appearance","2520/1008","2.03mm","1,800nH ±5%","300mA",,,,"2.6Ω","140MHz","85℃","High frequency circuits","LQW2UAS_0C","Murata",,
"LQW2UAS22NF0C#","In Production","CE×Consumer equipment,IeT×Industrial equipment except for transportation & facility & energy equipment,MeS×Medical equipment [GHTF A/B/C] except for implant & surgery & auto injector","Up to 85℃,Wire wound type (Non mag),Tight,Reflow soldering,ComplieswithRoHS,ComplieswithREACH","Consumer equipment","Appearance","2520/1008","2.03mm","22nH ±1%","1,000mA",,,,"0.12Ω","2,400MHz","85℃","High frequency circuits","LQW2UAS_0C","Murata",,
"LQW2UAS22NG0C#","In Production","CE×Consumer equipment,IeT×Industrial equipment except for transportation & facility & energy equipment,MeS×Medical equipment [GHTF A/B/C] except for implant & surgery & auto injector","Up to 85℃,Wire wound type (Non mag),Tight,Reflow soldering,ComplieswithRoHS,ComplieswithREACH","Consumer equipment","Appearance","2520/1008","2.03mm","22nH ±2%","1,000mA",,,,"0.12Ω","2,400MHz","85℃","High frequency circuits","LQW2UAS_0C","Murata",,
"LQW2UAS22NJ0C#","In Production","CE×Consumer equipment,IeT×Industrial equipment except for transportation & facility & energy equipment,MeS×Medical equipment [GHTF A/B/C] except for implant & surgery & auto injector","Up to 85℃,Wire wound type (Non mag),Reflow soldering,ComplieswithRoHS,ComplieswithREACH","Consumer equipment","Appearance","2520/1008","2.03mm","22nH ±5%","1,000mA",,,,"0.12Ω","2,400MHz","85℃","High frequency circuits","LQW2UAS_0C","Murata",,
"LQW2UAS27NG0C#","In Production","CE×Consumer equipment,IeT×Industrial equipment except for transportation & facility & energy equipment,MeS×Medical equipment [GHTF A/B/C] except for implant & surgery & auto injector","Up to 85℃,Wire wound type (Non mag),Tight,Reflow soldering,ComplieswithRoHS,ComplieswithREACH","Consumer equipment","Appearance","2520/1008","2.03mm","27nH ±2%","1,000mA",,,,"0.13Ω","1,600MHz","85℃","High frequency circuits","LQW2UAS_0C","Murata",,
"LQW2UAS27NJ0C#","In Production","CE×Consumer equipment,IeT×Industrial equipment except for transportation & facility & energy equipment,MeS×Medical equipment [GHTF A/B/C] except for implant & surgery & auto injector","Up to 85℃,Wire wound type (Non mag),Reflow soldering,ComplieswithRoHS,ComplieswithREACH","Consumer equipment","Appearance","2520/1008","2.03mm","27nH ±5%","1,000mA",,,,"0.13Ω","1,600MHz","85℃","High frequency circuits","LQW2UAS_0C","Murata",,
"LQW2UAS2R2G0C#","In Production","CE×Consumer equipment,IeT×Industrial equipment except for transportation & facility & energy equipment,MeS×Medical equipment [GHTF A/B/C] except for implant & surgery & auto injector","Up to 85℃,Wire wound type (Non mag),Tight,Reflow soldering,ComplieswithRoHS,ComplieswithREACH","Consumer equipment","Appearance","2520/1008","2.03mm","2,200nH ±2%","280mA",,,,"2.8Ω","130MHz","85℃","High frequency circuits","LQW2UAS_0C","Murata",,
"LQW2UAS2R2J0C#","In Production","CE×Consumer equipment,IeT×Industrial equipment except for transportation & facility & energy equipment,MeS×Medical equipment [GHTF A/B/C] except for implant & surgery & auto injector","Up to 85℃,Wire wound type (Non mag),Reflow soldering,ComplieswithRoHS,ComplieswithREACH","Consumer equipment","Appearance","2520/1008","2.03mm","2,200nH ±5%","280mA",,,,"2.8Ω","130MHz","85℃","High frequency circuits","LQW2UAS_0C","Murata",,
"LQW2UAS2R7G0C#","In Production","CE×Consumer equipment,IeT×Industrial equipment except for transportation & facility & energy equipment,MeS×Medical equipment [GHTF A/B/C] except for implant & surgery & auto injector","Up to 85℃,Wire wound type (Non mag),Tight,Reflow soldering,ComplieswithRoHS,ComplieswithREACH","Consumer equipment","Appearance","2520/1008","2.03mm","2,700nH ±2%","290mA",,,,"3.2Ω","110MHz","85℃","High frequency circuits","LQW2UAS_0C","Murata",,
"LQW2UAS2R7J0C#","In Production","CE×Consumer equipment,IeT×Industrial equipment except for transportation & facility & energy equipment,MeS×Medical equipment [GHTF A/B/C] except for implant & surgery & auto injector","Up to 85℃,Wire wound type (Non mag),Reflow soldering,ComplieswithRoHS,ComplieswithREACH","Consumer equipment","Appearance","2520/1008","2.03mm","2,700nH ±5%","290mA",,,,"3.2Ω","110MHz","85℃","High frequency circuits","LQW2UAS_0C","Murata",,
"LQW2UAS33NF0C#","In Production","CE×Consumer equipment,IeT×Industrial equipment except for transportation & facility & energy equipment,MeS×Medical equipment [GHTF A/B/C] except for implant & surgery & auto injector","Up to 85℃,Wire wound type (Non mag),Tight,Reflow soldering,ComplieswithRoHS,ComplieswithREACH","Consumer equipment","Appearance","2520/1008","2.03mm","33nH ±1%","1,000mA",,,,"0.14Ω","1,600MHz","85℃","High frequency circuits","LQW2UAS_0C","Murata",,
"LQW2UAS33NG0C#","In Production","CE×Consumer equipment,IeT×Industrial equipment except for transportation & facility & energy equipment,MeS×Medical equipment [GHTF A/B/C] except for implant & surgery & auto injector","Up to 85℃,Wire wound type (Non mag),Tight,Reflow soldering,ComplieswithRoHS,ComplieswithREACH","Consumer equipment","Appearance","2520/1008","2.03mm","33nH ±2%","1,000mA",,,,"0.14Ω","1,600MHz","85℃","High frequency circuits","LQW2UAS_0C","Murata",,
"LQW2UAS33NJ0C#","In Production","CE×Consumer equipment,IeT×Industrial equipment except for transportation & facility & energy equipment,MeS×Medical equipment [GHTF A/B/C] except for implant & surgery & auto injector","Up to 85℃,Wire wound type (Non mag),Reflow soldering,ComplieswithRoHS,ComplieswithREACH","Consumer equipment","Appearance","2520/1008","2.03mm","33nH ±5%","1,000mA",,,,"0.14Ω","1,600MHz","85℃","High frequency circuits","LQW2UAS_0C","Murata",,
"LQW2UAS39NF0C#","In Production","CE×Consumer equipment,IeT×Industrial equipment except for transportation & facility & energy equipment,MeS×Medical equipment [GHTF A/B/C] except for implant & surgery & auto injector","Up to 85℃,Wire wound type (Non mag),Tight,Reflow soldering,ComplieswithRoHS,ComplieswithREACH","Consumer equipment","Appearance","2520/1008","2.03mm","39nH ±1%","1,000mA",,,,"0.15Ω","1,500MHz","85℃","High frequency circuits","LQW2UAS_0C","Murata",,
"LQW2UAS39NG0C#","In Production","CE×Consumer equipment,IeT×Industrial equipment except for transportation & facility & energy equipment,MeS×Medical equipment [GHTF A/B/C] except for implant & surgery & auto injector","Up to 85℃,Wire wound type (Non mag),Tight,Reflow soldering,ComplieswithRoHS,ComplieswithREACH","Consumer equipment","Appearance","2520/1008","2.03mm","39nH ±2%","1,000mA",,,,"0.15Ω","1,500MHz","85℃","High frequency circuits","LQW2UAS_0C","Murata",,
"LQW2UAS39NJ0C#","In Production","CE×Consumer equipment,IeT×Industrial equipment except for transportation & facility & energy equipment,MeS×Medical equipment [GHTF A/B/C] except for implant & surgery & auto injector","Up to 85℃,Wire wound type (Non mag),Reflow soldering,ComplieswithRoHS,ComplieswithREACH","Consumer equipment","Appearance","2520/1008","2.03mm","39nH ±5%","1,000mA",,,,"0.15Ω","1,500MHz","85℃","High frequency circuits","LQW2UAS_0C","Murata",,
"LQW2UAS3R3G0C#","In Production","CE×Consumer equipment,IeT×Industrial equipment except for transportation & facility & energy equipment,MeS×Medical equipment [GHTF A/B/C] except for implant & surgery & auto injector","Up to 85℃,Wire wound type (Non mag),Tight,Reflow soldering,ComplieswithRoHS,ComplieswithREACH","Consumer equipment","Appearance","2520/1008","2.03mm","3,300nH ±2%","290mA",,,,"3.4Ω","90MHz","85℃","High frequency circuits","LQW2UAS_0C","Murata",,
"LQW2UAS3R3J0C#","In Production","CE×Consumer equipment,IeT×Industrial equipment except for transportation & facility & energy equipment,MeS×Medical equipment [GHTF A/B/C] except for implant & surgery & auto injector","Up to 85℃,Wire wound type (Non mag),Reflow soldering,ComplieswithRoHS,ComplieswithREACH","Consumer equipment","Appearance","2520/1008","2.03mm","3,300nH ±5%","290mA",,,,"3.4Ω","90MHz","85℃","High frequency circuits","LQW2UAS_0C","Murata",,
"LQW2UAS3R9G0C#","In Production","CE×Consumer equipment,IeT×Industrial equipment except for transportation & facility & energy equipment,MeS×Medical equipment [GHTF A/B/C] except for implant & surgery & auto injector","Up to 85℃,Wire wound type (Non mag),Tight,Reflow soldering,ComplieswithRoHS,ComplieswithREACH","Consumer equipment","Appearance","2520/1008","2.03mm","3,900nH ±2%","260mA",,,,"3.6Ω","70MHz","85℃","High frequency circuits","LQW2UAS_0C","Murata",,
"LQW2UAS3R9J0C#","In Production","CE×Consumer equipment,IeT×Industrial equipment except for transportation & facility & energy equipment,MeS×Medical equipment [GHTF A/B/C] except for implant & surgery & auto injector","Up to 85℃,Wire wound type (Non mag),Reflow soldering,ComplieswithRoHS,ComplieswithREACH","Consumer equipment","Appearance","2520/1008","2.03mm","3,900nH ±5%","260mA",,,,"3.6Ω","70MHz","85℃","High frequency circuits","LQW2UAS_0C","Murata",,
"LQW2UAS47NF0C#","In Production","CE×Consumer equipment,IeT×Industrial equipment except for transportation & facility & energy equipment,MeS×Medical equipment [GHTF A/B/C] except for implant & surgery & auto injector","Up to 85℃,Wire wound type (Non mag),Tight,Reflow soldering,ComplieswithRoHS,ComplieswithREACH","Consumer equipment","Appearance","2520/1008","2.03mm","47nH ±1%","1,000mA",,,,"0.16Ω","1,500MHz","85℃","High frequency circuits","LQW2UAS_0C","Murata",,
"LQW2UAS47NG0C#","In Production","CE×Consumer equipment,IeT×Industrial equipment except for transportation & facility & energy equipment,MeS×Medical equipment [GHTF A/B/C] except for implant & surgery & auto injector","Up to 85℃,Wire wound type (Non mag),Tight,Reflow soldering,ComplieswithRoHS,ComplieswithREACH","Consumer equipment","Appearance","2520/1008","2.03mm","47nH ±2%","1,000mA",,,,"0.16Ω","1,500MHz","85℃","High frequency circuits","LQW2UAS_0C","Murata",,
"LQW2UAS47NJ0C#","In Production","CE×Consumer equipment,IeT×Industrial equipment except for transportation & facility & energy equipment,MeS×Medical equipment [GHTF A/B/C] except for implant & surgery & auto injector","Up to 85℃,Wire wound type (Non mag),Reflow soldering,ComplieswithRoHS,ComplieswithREACH","Consumer equipment","Appearance","2520/1008","2.03mm","47nH ±5%","1,000mA",,,,"0.16Ω","1,500MHz","85℃","High frequency circuits","LQW2UAS_0C","Murata",,
"LQW2UAS4R7G0C#","In Production","CE×Consumer equipment,IeT×Industrial equipment except for transportation & facility & energy equipment,MeS×Medical equipment [GHTF A/B/C] except for implant & surgery & auto injector","Up to 85℃,Wire wound type (Non mag),Tight,Reflow soldering,ComplieswithRoHS,ComplieswithREACH","Consumer equipment","Appearance","2520/1008","2.03mm","4,700nH ±2%","260mA",,,,"4Ω","60MHz","85℃","High frequency circuits","LQW2UAS_0C","Murata",,
"LQW2UAS4R7J0C#","In Production","CE×Consumer equipment,IeT×Industrial equipment except for transportation & facility & energy equipment,MeS×Medical equipment [GHTF A/B/C] except for implant & surgery & auto injector","Up to 85℃,Wire wound type (Non mag),Reflow soldering,ComplieswithRoHS,ComplieswithREACH","Consumer equipment","Appearance","2520/1008","2.03mm","4,700nH ±5%","260mA",,,,"4Ω","60MHz","85℃","High frequency circuits","LQW2UAS_0C","Murata",,
"LQW2UAS56NF0C#","In Production","CE×Consumer equipment,IeT×Industrial equipment except for transportation & facility & energy equipment,MeS×Medical equipment [GHTF A/B/C] except for implant & surgery & auto injector","Up to 85℃,Wire wound type (Non mag),Tight,Reflow soldering,ComplieswithRoHS,ComplieswithREACH","Consumer equipment","Appearance","2520/1008","2.03mm","56nH ±1%","1,000mA",,,,"0.18Ω","1,300MHz","85℃","High frequency circuits","LQW2UAS_0C","Murata",,
"LQW2UAS56NG0C#","In Production","CE×Consumer equipment,IeT×Industrial equipment except for transportation & facility & energy equipment,MeS×Medical equipment [GHTF A/B/C] except for implant & surgery & auto injector","Up to 85℃,Wire wound type (Non mag),Tight,Reflow soldering,ComplieswithRoHS,ComplieswithREACH","Consumer equipment","Appearance","2520/1008","2.03mm","56nH ±2%","1,000mA",,,,"0.18Ω","1,300MHz","85℃","High frequency circuits","LQW2UAS_0C","Murata",,
"LQW2UAS56NJ0C#","In Production","CE×Consumer equipment,IeT×Industrial equipment except for transportation & facility & energy equipment,MeS×Medical equipment [GHTF A/B/C] except for implant & surgery & auto injector","Up to 85℃,Wire wound type (Non mag),Reflow soldering,ComplieswithRoHS,ComplieswithREACH","Consumer equipment","Appearance","2520/1008","2.03mm","56nH ±5%","1,000mA",,,,"0.18Ω","1,300MHz","85℃","High frequency circuits","LQW2UAS_0C","Murata",,
"LQW2UAS5R6J0C#","In Production","CE×Consumer equipment,IeT×Industrial equipment except for transportation & facility & energy equipment,MeS×Medical equipment [GHTF A/B/C] except for implant & surgery & auto injector","Up to 85℃,Wire wound type (Non mag),Reflow soldering,ComplieswithRoHS,ComplieswithREACH","Consumer equipment","Appearance","2520/1008","2.03mm","5,600nH ±5%","240mA",,,,"4Ω","20MHz","85℃","High frequency circuits","LQW2UAS_0C","Murata",,
"LQW2UAS68NF0C#","In Production","CE×Consumer equipment,IeT×Industrial equipment except for transportation & facility & energy equipment,MeS×Medical equipment [GHTF A/B/C] except for implant & surgery & auto injector","Up to 85℃,Wire wound type (Non mag),Tight,Reflow soldering,ComplieswithRoHS,ComplieswithREACH","Consumer equipment","Appearance","2520/1008","2.03mm","68nH ±1%","1,000mA",,,,"0.2Ω","1,300MHz","85℃","High frequency circuits","LQW2UAS_0C","Murata",,
"LQW2UAS68NG0C#","In Production","CE×Consumer equipment,IeT×Industrial equipment except for transportation & facility & energy equipment,MeS×Medical equipment [GHTF A/B/C] except for implant & surgery & auto injector","Up to 85℃,Wire wound type (Non mag),Tight,Reflow soldering,ComplieswithRoHS,ComplieswithREACH","Consumer equipment","Appearance","2520/1008","2.03mm","68nH ±2%","1,000mA",,,,"0.2Ω","1,300MHz","85℃","High frequency circuits","LQW2UAS_0C","Murata",,
"LQW2UAS68NJ0C#","In Production","CE×Consumer equipment,IeT×Industrial equipment except for transportation & facility & energy equipment,MeS×Medical equipment [GHTF A/B/C] except for implant & surgery & auto injector","Up to 85℃,Wire wound type (Non mag),Reflow soldering,ComplieswithRoHS,ComplieswithREACH","Consumer equipment","Appearance","2520/1008","2.03mm","68nH ±5%","1,000mA",,,,"0.2Ω","1,300MHz","85℃","High frequency circuits","LQW2UAS_0C","Murata",,
"LQW2UAS6R8J0C#","In Production","CE×Consumer equipment,IeT×Industrial equipment except for transportation & facility & energy equipment,MeS×Medical equipment [GHTF A/B/C] except for implant & surgery & auto injector","Up to 85℃,Wire wound type (Non mag),Reflow soldering,ComplieswithRoHS,ComplieswithREACH","Consumer equipment","Appearance","2520/1008","2.03mm","6,800nH ±5%","200mA",,,,"4.9Ω","40MHz","85℃","High frequency circuits","LQW2UAS_0C","Murata",,
"LQW2UAS82NF0C#","In Production","CE×Consumer equipment,IeT×Industrial equipment except for transportation & facility & energy equipment,MeS×Medical equipment [GHTF A/B/C] except for implant & surgery & auto injector","Up to 85℃,Wire wound type (Non mag),Tight,Reflow soldering,ComplieswithRoHS,ComplieswithREACH","Consumer equipment","Appearance","2520/1008","2.03mm","82nH ±1%","1,000mA",,,,"0.22Ω","1,000MHz","85℃","High frequency circuits","LQW2UAS_0C","Murata",,
"LQW2UAS82NG0C#","In Production","CE×Consumer equipment,IeT×Industrial equipment except for transportation & facility & energy equipment,MeS×Medical equipment [GHTF A/B/C] except for implant & surgery & auto injector","Up to 85℃,Wire wound type (Non mag),Tight,Reflow soldering,ComplieswithRoHS,ComplieswithREACH","Consumer equipment","Appearance","2520/1008","2.03mm","82nH ±2%","1,000mA",,,,"0.22Ω","1,000MHz","85℃","High frequency circuits","LQW2UAS_0C","Murata",,
"LQW2UAS82NJ0C#","In Production","CE×Consumer equipment,IeT×Industrial equipment except for transportation & facility & energy equipment,MeS×Medical equipment [GHTF A/B/C] except for implant & surgery & auto injector","Up to 85℃,Wire wound type (Non mag),Reflow soldering,ComplieswithRoHS,ComplieswithREACH","Consumer equipment","Appearance","2520/1008","2.03mm","82nH ±5%","1,000mA",,,,"0.22Ω","1,000MHz","85℃","High frequency circuits","LQW2UAS_0C","Murata",,
"LQW2UAS8R2J0C#","In Production","CE×Consumer equipment,IeT×Industrial equipment except for transportation & facility & energy equipment,MeS×Medical equipment [GHTF A/B/C] except for implant & surgery & auto injector","Up to 85℃,Wire wound type (Non mag),Reflow soldering,ComplieswithRoHS,ComplieswithREACH","Consumer equipment","Appearance","2520/1008","2.03mm","8,200nH ±5%","170mA",,,,"6Ω","25MHz","85℃","High frequency circuits","LQW2UAS_0C","Murata",,
"LQW2UASR10F0C#","In Production","CE×Consumer equipment,IeT×Industrial equipment except for transportation & facility & energy equipment,MeS×Medical equipment [GHTF A/B/C] except for implant & surgery & auto injector","Up to 85℃,Wire wound type (Non mag),Tight,Reflow soldering,ComplieswithRoHS,ComplieswithREACH","Consumer equipment","Appearance","2520/1008","2.03mm","100nH ±1%","650mA",,,,"0.56Ω","1,000MHz","85℃","High frequency circuits","LQW2UAS_0C","Murata",,
"LQW2UASR10G0C#","In Production","CE×Consumer equipment,IeT×Industrial equipment except for transportation & facility & energy equipment,MeS×Medical equipment [GHTF A/B/C] except for implant & surgery & auto injector","Up to 85℃,Wire wound type (Non mag),Tight,Reflow soldering,ComplieswithRoHS,ComplieswithREACH","Consumer equipment","Appearance","2520/1008","2.03mm","100nH ±2%","650mA",,,,"0.56Ω","1,000MHz","85℃","High frequency circuits","LQW2UAS_0C","Murata",,
"LQW2UASR10J0C#","In Production","CE×Consumer equipment,IeT×Industrial equipment except for transportation & facility & energy equipment,MeS×Medical equipment [GHTF A/B/C] except for implant & surgery & auto injector","Up to 85℃,Wire wound type (Non mag),Reflow soldering,ComplieswithRoHS,ComplieswithREACH","Consumer equipment","Appearance","2520/1008","2.03mm","100nH ±5%","650mA",,,,"0.56Ω","1,000MHz","85℃","High frequency circuits","LQW2UAS_0C","Murata",,
"LQW2UASR12F0C#","In Production","CE×Consumer equipment,IeT×Industrial equipment except for transportation & facility & energy equipment,MeS×Medical equipment [GHTF A/B/C] except for implant & surgery & auto injector","Up to 85℃,Wire wound type (Non mag),Tight,Reflow soldering,ComplieswithRoHS,ComplieswithREACH","Consumer equipment","Appearance","2520/1008","2.03mm","120nH ±1%","650mA",,,,"0.63Ω","950MHz","85℃","High frequency circuits","LQW2UAS_0C","Murata",,
"LQW2UASR12G0C#","In Production","CE×Consumer equipment,IeT×Industrial equipment except for transportation & facility & energy equipment,MeS×Medical equipment [GHTF A/B/C] except for implant & surgery & auto injector","Up to 85℃,Wire wound type (Non mag),Tight,Reflow soldering,ComplieswithRoHS,ComplieswithREACH","Consumer equipment","Appearance","2520/1008","2.03mm","120nH ±2%","650mA",,,,"0.63Ω","950MHz","85℃","High frequency circuits","LQW2UAS_0C","Murata",,
"LQW2UASR12J0C#","In Production","CE×Consumer equipment,IeT×Industrial equipment except for transportation & facility & energy equipment,MeS×Medical equipment [GHTF A/B/C] except for implant & surgery & auto injector","Up to 85℃,Wire wound type (Non mag),Reflow soldering,ComplieswithRoHS,ComplieswithREACH","Consumer equipment","Appearance","2520/1008","2.03mm","120nH ±5%","650mA",,,,"0.63Ω","950MHz","85℃","High frequency circuits","LQW2UAS_0C","Murata",,
"LQW2UASR15F0C#","In Production","CE×Consumer equipment,IeT×Industrial equipment except for transportation & facility & energy equipment,MeS×Medical equipment [GHTF A/B/C] except for implant & surgery & auto injector","Up to 85℃,Wire wound type (Non mag),Tight,Reflow soldering,ComplieswithRoHS,ComplieswithREACH","Consumer equipment","Appearance","2520/1008","2.03mm","150nH ±1%","580mA",,,,"0.7Ω","850MHz","85℃","High frequency circuits","LQW2UAS_0C","Murata",,
"LQW2UASR15G0C#","In Production","CE×Consumer equipment,IeT×Industrial equipment except for transportation & facility & energy equipment,MeS×Medical equipment [GHTF A/B/C] except for implant & surgery & auto injector","Up to 85℃,Wire wound type (Non mag),Tight,Reflow soldering,ComplieswithRoHS,ComplieswithREACH","Consumer equipment","Appearance","2520/1008","2.03mm","150nH ±2%","580mA",,,,"0.7Ω","850MHz","85℃","High frequency circuits","LQW2UAS_0C","Murata",,
"LQW2UASR15J0C#","In Production","CE×Consumer equipment,IeT×Industrial equipment except for transportation & facility & energy equipment,MeS×Medical equipment [GHTF A/B/C] except for implant & surgery & auto injector","Up to 85℃,Wire wound type (Non mag),Reflow soldering,ComplieswithRoHS,ComplieswithREACH","Consumer equipment","Appearance","2520/1008","2.03mm","150nH ±5%","580mA",,,,"0.7Ω","850MHz","85℃","High frequency circuits","LQW2UAS_0C","Murata",,
"LQW2UASR18F0C#","In Production","CE×Consumer equipment,IeT×Industrial equipment except for transportation & facility & energy equipment,MeS×Medical equipment [GHTF A/B/C] except for implant & surgery & auto injector","Up to 85℃,Wire wound type (Non mag),Tight,Reflow soldering,ComplieswithRoHS,ComplieswithREACH","Consumer equipment","Appearance","2520/1008","2.03mm","180nH ±1%","620mA",,,,"0.77Ω","750MHz","85℃","High frequency circuits","LQW2UAS_0C","Murata",,
"LQW2UASR18G0C#","In Production","CE×Consumer equipment,IeT×Industrial equipment except for transportation & facility & energy equipment,MeS×Medical equipment [GHTF A/B/C] except for implant & surgery & auto injector","Up to 85℃,Wire wound type (Non mag),Tight,Reflow soldering,ComplieswithRoHS,ComplieswithREACH","Consumer equipment","Appearance","2520/1008","2.03mm","180nH ±2%","620mA",,,,"0.77Ω","750MHz","85℃","High frequency circuits","LQW2UAS_0C","Murata",,
"LQW2UASR18J0C#","In Production","CE×Consumer equipment,IeT×Industrial equipment except for transportation & facility & energy equipment,MeS×Medical equipment [GHTF A/B/C] except for implant & surgery & auto injector","Up to 85℃,Wire wound type (Non mag),Reflow soldering,ComplieswithRoHS,ComplieswithREACH","Consumer equipment","Appearance","2520/1008","2.03mm","180nH ±5%","620mA",,,,"0.77Ω","750MHz","85℃","High frequency circuits","LQW2UAS_0C","Murata",,
"LQW2UASR22F0C#","In Production","CE×Consumer equipment,IeT×Industrial equipment except for transportation & facility & energy equipment,MeS×Medical equipment [GHTF A/B/C] except for implant & surgery & auto injector","Up to 85℃,Wire wound type (Non mag),Tight,Reflow soldering,ComplieswithRoHS,ComplieswithREACH","Consumer equipment","Appearance","2520/1008","2.03mm","220nH ±1%","500mA",,,,"0.84Ω","700MHz","85℃","High frequency circuits","LQW2UAS_0C","Murata",,
"LQW2UASR22G0C#","In Production","CE×Consumer equipment,IeT×Industrial equipment except for transportation & facility & energy equipment,MeS×Medical equipment [GHTF A/B/C] except for implant & surgery & auto injector","Up to 85℃,Wire wound type (Non mag),Tight,Reflow soldering,ComplieswithRoHS,ComplieswithREACH","Consumer equipment","Appearance","2520/1008","2.03mm","220nH ±2%","500mA",,,,"0.84Ω","700MHz","85℃","High frequency circuits","LQW2UAS_0C","Murata",,
"LQW2UASR22J0C#","In Production","CE×Consumer equipment,IeT×Industrial equipment except for transportation & facility & energy equipment,MeS×Medical equipment [GHTF A/B/C] except for implant & surgery & auto injector","Up to 85℃,Wire wound type (Non mag),Reflow soldering,ComplieswithRoHS,ComplieswithREACH","Consumer equipment","Appearance","2520/1008","2.03mm","220nH ±5%","500mA",,,,"0.84Ω","700MHz","85℃","High frequency circuits","LQW2UAS_0C","Murata",,
"LQW2UASR27F0C#","In Production","CE×Consumer equipment,IeT×Industrial equipment except for transportation & facility & energy equipment,MeS×Medical equipment [GHTF A/B/C] except for implant & surgery & auto injector","Up to 85℃,Wire wound type (Non mag),Tight,Reflow soldering,ComplieswithRoHS,ComplieswithREACH","Consumer equipment","Appearance","2520/1008","2.03mm","270nH ±1%","500mA",,,,"0.91Ω","600MHz","85℃","High frequency circuits","LQW2UAS_0C","Murata",,
"LQW2UASR27G0C#","In Production","CE×Consumer equipment,IeT×Industrial equipment except for transportation & facility & energy equipment,MeS×Medical equipment [GHTF A/B/C] except for implant & surgery & auto injector","Up to 85℃,Wire wound type (Non mag),Tight,Reflow soldering,ComplieswithRoHS,ComplieswithREACH","Consumer equipment","Appearance","2520/1008","2.03mm","270nH ±2%","500mA",,,,"0.91Ω","600MHz","85℃","High frequency circuits","LQW2UAS_0C","Murata",,
"LQW2UASR27J0C#","In Production","CE×Consumer equipment,IeT×Industrial equipment except for transportation & facility & energy equipment,MeS×Medical equipment [GHTF A/B/C] except for implant & surgery & auto injector","Up to 85℃,Wire wound type (Non mag),Reflow soldering,ComplieswithRoHS,ComplieswithREACH","Consumer equipment","Appearance","2520/1008","2.03mm","270nH ±5%","500mA",,,,"0.91Ω","600MHz","85℃","High frequency circuits","LQW2UAS_0C","Murata",,
"LQW2UASR33F0C#","In Production","CE×Consumer equipment,IeT×Industrial equipment except for transportation & facility & energy equipment,MeS×Medical equipment [GHTF A/B/C] except for implant & surgery & auto injector","Up to 85℃,Wire wound type (Non mag),Tight,Reflow soldering,ComplieswithRoHS,ComplieswithREACH","Consumer equipment","Appearance","2520/1008","2.03mm","330nH ±1%","450mA",,,,"1.05Ω","570MHz","85℃","High frequency circuits","LQW2UAS_0C","Murata",,
"LQW2UASR33G0C#","In Production","CE×Consumer equipment,IeT×Industrial equipment except for transportation & facility & energy equipment,MeS×Medical equipment [GHTF A/B/C] except for implant & surgery & auto injector","Up to 85℃,Wire wound type (Non mag),Tight,Reflow soldering,ComplieswithRoHS,ComplieswithREACH","Consumer equipment","Appearance","2520/1008","2.03mm","330nH ±2%","450mA",,,,"1.05Ω","570MHz","85℃","High frequency circuits","LQW2UAS_0C","Murata",,
"LQW2UASR33J0C#","In Production","CE×Consumer equipment,IeT×Industrial equipment except for transportation & facility & energy equipment,MeS×Medical equipment [GHTF A/B/C] except for implant & surgery & auto injector","Up to 85℃,Wire wound type (Non mag),Reflow soldering,ComplieswithRoHS,ComplieswithREACH","Consumer equipment","Appearance","2520/1008","2.03mm","330nH ±5%","450mA",,,,"1.05Ω","570MHz","85℃","High frequency circuits","LQW2UAS_0C","Murata",,
"LQW2UASR39F0C#","In Production","CE×Consumer equipment,IeT×Industrial equipment except for transportation & facility & energy equipment,MeS×Medical equipment [GHTF A/B/C] except for implant & surgery & auto injector","Up to 85℃,Wire wound type (Non mag),Tight,Reflow soldering,ComplieswithRoHS,ComplieswithREACH","Consumer equipment","Appearance","2520/1008","2.03mm","390nH ±1%","470mA",,,,"1.12Ω","500MHz","85℃","High frequency circuits","LQW2UAS_0C","Murata",,
"LQW2UASR39G0C#","In Production","CE×Consumer equipment,IeT×Industrial equipment except for transportation & facility & energy equipment,MeS×Medical equipment [GHTF A/B/C] except for implant & surgery & auto injector","Up to 85℃,Wire wound type (Non mag),Tight,Reflow soldering,ComplieswithRoHS,ComplieswithREACH","Consumer equipment","Appearance","2520/1008","2.03mm","390nH ±2%","470mA",,,,"1.12Ω","500MHz","85℃","High frequency circuits","LQW2UAS_0C","Murata",,
"LQW2UASR39J0C#","In Production","CE×Consumer equipment,IeT×Industrial equipment except for transportation & facility & energy equipment,MeS×Medical equipment [GHTF A/B/C] except for implant & surgery & auto injector","Up to 85℃,Wire wound type (Non mag),Reflow soldering,ComplieswithRoHS,ComplieswithREACH","Consumer equipment","Appearance","2520/1008","2.03mm","390nH ±5%","470mA",,,,"1.12Ω","500MHz","85℃","High frequency circuits","LQW2UAS_0C","Murata",,
"LQW2UASR47F0C#","In Production","CE×Consumer equipment,IeT×Industrial equipment except for transportation & facility & energy equipment,MeS×Medical equipment [GHTF A/B/C] except for implant & surgery & auto injector","Up to 85℃,Wire wound type (Non mag),Tight,Reflow soldering,ComplieswithRoHS,ComplieswithREACH","Consumer equipment","Appearance","2520/1008","2.03mm","470nH ±1%","470mA",,,,"1.19Ω","450MHz","85℃","High frequency circuits","LQW2UAS_0C","Murata",,
"LQW2UASR47G0C#","In Production","CE×Consumer equipment,IeT×Industrial equipment except for transportation & facility & energy equipment,MeS×Medical equipment [GHTF A/B/C] except for implant & surgery & auto injector","Up to 85℃,Wire wound type (Non mag),Tight,Reflow soldering,ComplieswithRoHS,ComplieswithREACH","Consumer equipment","Appearance","2520/1008","2.03mm","470nH ±2%","470mA",,,,"1.19Ω","450MHz","85℃","High frequency circuits","LQW2UAS_0C","Murata",,
"LQW2UASR47J0C#","In Production","CE×Consumer equipment,IeT×Industrial equipment except for transportation & facility & energy equipment,MeS×Medical equipment [GHTF A/B/C] except for implant & surgery & auto injector","Up to 85℃,Wire wound type (Non mag),Reflow soldering,ComplieswithRoHS,ComplieswithREACH","Consumer equipment","Appearance","2520/1008","2.03mm","470nH ±5%","470mA",,,,"1.19Ω","450MHz","85℃","High frequency circuits","LQW2UAS_0C","Murata",,
"LQW2UASR56F0C#","In Production","CE×Consumer equipment,IeT×Industrial equipment except for transportation & facility & energy equipment,MeS×Medical equipment [GHTF A/B/C] except for implant & surgery & auto injector","Up to 85℃,Wire wound type (Non mag),Tight,Reflow soldering,ComplieswithRoHS,ComplieswithREACH","Consumer equipment","Appearance","2520/1008","2.03mm","560nH ±1%","400mA",,,,"1.33Ω","415MHz","85℃","High frequency circuits","LQW2UAS_0C","Murata",,
"LQW2UASR56G0C#","In Production","CE×Consumer equipment,IeT×Industrial equipment except for transportation & facility & energy equipment,MeS×Medical equipment [GHTF A/B/C] except for implant & surgery & auto injector","Up to 85℃,Wire wound type (Non mag),Tight,Reflow soldering,ComplieswithRoHS,ComplieswithREACH","Consumer equipment","Appearance","2520/1008","2.03mm","560nH ±2%","400mA",,,,"1.33Ω","415MHz","85℃","High frequency circuits","LQW2UAS_0C","Murata",,
"LQW2UASR56J0C#","In Production","CE×Consumer equipment,IeT×Industrial equipment except for transportation & facility & energy equipment,MeS×Medical equipment [GHTF A/B/C] except for implant & surgery & auto injector","Up to 85℃,Wire wound type (Non mag),Reflow soldering,ComplieswithRoHS,ComplieswithREACH","Consumer equipment","Appearance","2520/1008","2.03mm","560nH ±5%","400mA",,,,"1.33Ω","415MHz","85℃","High frequency circuits","LQW2UAS_0C","Murata",,
"LQW2UASR62F0C#","In Production","CE×Consumer equipment,IeT×Industrial equipment except for transportation & facility & energy equipment,MeS×Medical equipment [GHTF A/B/C] except for implant & surgery & auto injector","Up to 85℃,Wire wound type (Non mag),Tight,Reflow soldering,ComplieswithRoHS,ComplieswithREACH","Consumer equipment","Appearance","2520/1008","2.03mm","620nH ±1%","300mA",,,,"1.4Ω","375MHz","85℃","High frequency circuits","LQW2UAS_0C","Murata",,
"LQW2UASR62G0C#","In Production","CE×Consumer equipment,IeT×Industrial equipment except for transportation & facility & energy equipment,MeS×Medical equipment [GHTF A/B/C] except for implant & surgery & auto injector","Up to 85℃,Wire wound type (Non mag),Tight,Reflow soldering,ComplieswithRoHS,ComplieswithREACH","Consumer equipment","Appearance","2520/1008","2.03mm","620nH ±2%","300mA",,,,"1.4Ω","375MHz","85℃","High frequency circuits","LQW2UAS_0C","Murata",,
"LQW2UASR62J0C#","In Production","CE×Consumer equipment,IeT×Industrial equipment except for transportation & facility & energy equipment,MeS×Medical equipment [GHTF A/B/C] except for implant & surgery & auto injector","Up to 85℃,Wire wound type (Non mag),Reflow soldering,ComplieswithRoHS,ComplieswithREACH","Consumer equipment","Appearance","2520/1008","2.03mm","620nH ±5%","300mA",,,,"1.4Ω","375MHz","85℃","High frequency circuits","LQW2UAS_0C","Murata",,
"LQW2UASR68F0C#","In Production","CE×Consumer equipment,IeT×Industrial equipment except for transportation & facility & energy equipment,MeS×Medical equipment [GHTF A/B/C] except for implant & surgery & auto injector","Up to 85℃,Wire wound type (Non mag),Tight,Reflow soldering,ComplieswithRoHS,ComplieswithREACH","Consumer equipment","Appearance","2520/1008","2.03mm","680nH ±1%","400mA",,,,"1.47Ω","375MHz","85℃","High frequency circuits","LQW2UAS_0C","Murata",,
"LQW2UASR68G0C#","In Production","CE×Consumer equipment,IeT×Industrial equipment except for transportation & facility & energy equipment,MeS×Medical equipment [GHTF A/B/C] except for implant & surgery & auto injector","Up to 85℃,Wire wound type (Non mag),Tight,Reflow soldering,ComplieswithRoHS,ComplieswithREACH","Consumer equipment","Appearance","2520/1008","2.03mm","680nH ±2%","400mA",,,,"1.47Ω","375MHz","85℃","High frequency circuits","LQW2UAS_0C","Murata",,
"LQW2UASR68J0C#","In Production","CE×Consumer equipment,IeT×Industrial equipment except for transportation & facility & energy equipment,MeS×Medical equipment [GHTF A/B/C] except for implant & surgery & auto injector","Up to 85℃,Wire wound type (Non mag),Reflow soldering,ComplieswithRoHS,ComplieswithREACH","Consumer equipment","Appearance","2520/1008","2.03mm","680nH ±5%","400mA",,,,"1.47Ω","375MHz","85℃","High frequency circuits","LQW2UAS_0C","Murata",,
"LQW2UASR75F0C#","In Production","CE×Consumer equipment,IeT×Industrial equipment except for transportation & facility & energy equipment,MeS×Medical equipment [GHTF A/B/C] except for implant & surgery & auto injector","Up to 85℃,Wire wound type (Non mag),Tight,Reflow soldering,ComplieswithRoHS,ComplieswithREACH","Consumer equipment","Appearance","2520/1008","2.03mm","750nH ±1%","360mA",,,,"1.54Ω","360MHz","85℃","High frequency circuits","LQW2UAS_0C","Murata",,
"LQW2UASR75G0C#","In Production","CE×Consumer equipment,IeT×Industrial equipment except for transportation & facility & energy equipment,MeS×Medical equipment [GHTF A/B/C] except for implant & surgery & auto injector","Up to 85℃,Wire wound type (Non mag),Tight,Reflow soldering,ComplieswithRoHS,ComplieswithREACH","Consumer equipment","Appearance","2520/1008","2.03mm","750nH ±2%","360mA",,,,"1.54Ω","360MHz","85℃","High frequency circuits","LQW2UAS_0C","Murata",,
"LQW2UASR75J0C#","In Production","CE×Consumer equipment,IeT×Industrial equipment except for transportation & facility & energy equipment,MeS×Medical equipment [GHTF A/B/C] except for implant & surgery & auto injector","Up to 85℃,Wire wound type (Non mag),Reflow soldering,ComplieswithRoHS,ComplieswithREACH","Consumer equipment","Appearance","2520/1008","2.03mm","750nH ±5%","360mA",,,,"1.54Ω","360MHz","85℃","High frequency circuits","LQW2UAS_0C","Murata",,
"LQW2UASR82F0C#","In Production","CE×Consumer equipment,IeT×Industrial equipment except for transportation & facility & energy equipment,MeS×Medical equipment [GHTF A/B/C] except for implant & surgery & auto injector","Up to 85℃,Wire wound type (Non mag),Tight,Reflow soldering,ComplieswithRoHS,ComplieswithREACH","Consumer equipment","Appearance","2520/1008","2.03mm","820nH ±1%","400mA",,,,"1.61Ω","350MHz","85℃","High frequency circuits","LQW2UAS_0C","Murata",,
"LQW2UASR82G0C#","In Production","CE×Consumer equipment,IeT×Industrial equipment except for transportation & facility & energy equipment,MeS×Medical equipment [GHTF A/B/C] except for implant & surgery & auto injector","Up to 85℃,Wire wound type (Non mag),Tight,Reflow soldering,ComplieswithRoHS,ComplieswithREACH","Consumer equipment","Appearance","2520/1008","2.03mm","820nH ±2%","400mA",,,,"1.61Ω","350MHz","85℃","High frequency circuits","LQW2UAS_0C","Murata",,
"LQW2UASR82J0C#","In Production","CE×Consumer equipment,IeT×Industrial equipment except for transportation & facility & energy equipment,MeS×Medical equipment [GHTF A/B/C] except for implant & surgery & auto injector","Up to 85℃,Wire wound type (Non mag),Reflow soldering,ComplieswithRoHS,ComplieswithREACH","Consumer equipment","Appearance","2520/1008","2.03mm","820nH ±5%","400mA",,,,"1.61Ω","350MHz","85℃","High frequency circuits","LQW2UAS_0C","Murata",,
"LQW2UASR91F0C#","In Production","CE×Consumer equipment,IeT×Industrial equipment except for transportation & facility & energy equipment,MeS×Medical equipment [GHTF A/B/C] except for implant & surgery & auto injector","Up to 85℃,Wire wound type (Non mag),Tight,Reflow soldering,ComplieswithRoHS,ComplieswithREACH","Consumer equipment","Appearance","2520/1008","2.03mm","910nH ±1%","380mA",,,,"1.68Ω","320MHz","85℃","High frequency circuits","LQW2UAS_0C","Murata",,
"LQW2UASR91G0C#","In Production","CE×Consumer equipment,IeT×Industrial equipment except for transportation & facility & energy equipment,MeS×Medical equipment [GHTF A/B/C] except for implant & surgery & auto injector","Up to 85℃,Wire wound type (Non mag),Tight,Reflow soldering,ComplieswithRoHS,ComplieswithREACH","Consumer equipment","Appearance","2520/1008","2.03mm","910nH ±2%","380mA",,,,"1.68Ω","320MHz","85℃","High frequency circuits","LQW2UAS_0C","Murata",,
"LQW2UASR91J0C#","In Production","CE×Consumer equipment,IeT×Industrial equipment except for transportation & facility & energy equipment,MeS×Medical equipment [GHTF A/B/C] except for implant & surgery & auto injector","Up to 85℃,Wire wound type (Non mag),Reflow soldering,ComplieswithRoHS,ComplieswithREACH","Consumer equipment","Appearance","2520/1008","2.03mm","910nH ±5%","380mA",,,,"1.68Ω","320MHz","85℃","High frequency circuits","LQW2UAS_0C","Murata",,
