"Part Number","Manufacturer","Case","Series","Value Token","Inductance (H)","Inductance Display","Tolerance (%)","Rated Current (A)","Saturation Current (A)","DCR (mOhm)","DCR Grade","SRF (MHz)","Temp Min (C)","Temp Max (C)"
"IHLP1212BZER1R2M11","Vishay","1212","BZ","1u2","0.0000012000","1.2µH","20","5","4","27","Max","65MHz","-55","125"
"IHLP1212BZER1R5M11","Vishay","1212","BZ","1u5","0.0000015000","1.5µH","20","3.8","4","32","Max","70MHz","-55","125"
"IHLP1212BZER1R0M11","Vishay","1212","BZ","1u","0.0000010000","1µH","20","5","4.5","24","Max","75MHz","-55","125"
"IHLP1212AEER1R0M11","Vishay","1212","AE","1u","0.0000010000","1µH","20","3.9","5.3","33","Max","-","-55","125"
"IHLP1212BZERR22M11","Vishay","1212","BZ","220n","0.0000002200","220nH","20","6.5","7.5","11.4","Max","245MHz","-55","125"
"IHLP1212AEERR22M11","Vishay","1212","AE","220n","0.0000002200","220nH","20","8.5","9","11.4","Max","-","-55","125"
"IHLP1212BZER2R2M11","Vishay","1212","BZ","2u2","0.0000022000","2.2µH","20","3","3.3","46","Max","55MHz","-55","125"
"IHLP1212ABERR33M11","Vishay","1212","AB","330n","0.0000003300","330nH","20","7.2","8.7","14.3","Max","175MHz","-55","125"
"IHLP1212AEERR33M11","Vishay","1212","AE","330n","0.0000003300","330nH","20","7.8","7","13.8","Max","-","-55","125"
"IHLP1212BZERR36M11","Vishay","1212","BZ","360n","0.0000003600","360nH","20","6.3","6.5","13.8","Max","170MHz","-55","125"
"IHLP1212BZER3R3M11","Vishay","1212","BZ","3u3","0.0000033000","3.3µH","20","2.7","3.3","61","Max","45MHz","-55","125"
"IHLP1212AEERR47M11","Vishay","1212","AE","470n","0.0000004700","470nH","20","6.7","6.7","15","Max","-","-55","125"
"IHLP1212BZERR56M11","Vishay","1212","BZ","560n","0.0000005600","560nH","20","5.5","5.5","19.4","Max","110MHz","-55","125"
"IHLP1212ABERR56M11","Vishay","1212","AB","560n","0.0000005600","560nH","20","5.1","6.7","22","Max","135MHz","-55","125"
"IHLP1212BZERR68M11","Vishay","1212","BZ","680n","0.0000006800","680nH","20","5.5","5","20.4","Max","105MHz","-55","125"
"IHLP1212AEERR82M11","Vishay","1212","AE","820n","0.0000008200","820nH","20","4.9","5.5","26","Max","-","-55","125"
"IHLP1212BZERR88M11","Vishay","1212","BZ","880n","0.0000008800","880nH","20","5.5","4.5","22","Max","85MHz","-55","125"
"IHLP1616ABER1R0M11","Vishay","1616","AB","1u","0.0000010000","1µH","20","4.2","4.5","47","Max","71MHz","-55","125"
"IHLP1616ABER1R0M01","Vishay","1616","AB","1u","0.0000010000","1µH","20","4","7","52.5","Max","64MHz","-55","125"
"IHLP1616BZER1R0M11","Vishay","1616","BZ","1u","0.0000010000","1µH","20","4.5","5","27","Max","64MHz","-55","125"
"IHLP1616BZER1R0M01","Vishay","1616","BZ","1u","0.0000010000","1µH","20","3.75","8.5","37","Max","90MHz","-55","125"
"IHLP1616BZERR22M01","Vishay","1616","BZ","220n","0.0000002200","220nH","20","13","24","8","Max","151MHz","-55","125"
"IHLP1616ABERR22M01","Vishay","1616","AB","220n","0.0000002200","220nH","20","8.5","20","12","Max","183MHz","-55","125"
"IHLP1616BZER2R2M01","Vishay","1616","BZ","2u2","0.0000022000","2.2µH","20","2.85","6","90","Max","39MHz","-55","125"
"IHLP1616ABER2R2M11","Vishay","1616","AB","2u2","0.0000022000","2.2µH","20","2.75","3","83.5","Max","49MHz","-55","125"
"IHLP1616BZER2R2M11","Vishay","1616","BZ","2u2","0.0000022000","2.2µH","20","3.25","3.25","68","Max","40MHz","-55","125"
"IHLP1616ABERR47M01","Vishay","1616","AB","470n","0.0000004700","470nH","20","5","13","22","Max","101MHz","-55","125"
"IHLP1616BZER4R7M11","Vishay","1616","BZ","4u7","0.0000047000","4.7µH","20","1.7","1.75","105","Max","29MHz","-55","125"
"IHLP2020BZERR10M01","Vishay","2020","BZ","100n","0.0000001000","100nH","20","17","45","3.9","Max","239MHz","-55","125"
"IHLP2020BZERR10M11","Vishay","2020","BZ","100n","0.0000001000","100nH","20","21","25","2.9","Max","266MHz","-55","125"
"IHLP2020ABERR10M01","Vishay","2020","AB","100n","0.0000001000","100nH","20","13.5","35","4.6","Max","256MHz","-55","125"
"IHLP2020CZERR10M11","Vishay","2020","CZ","100n","0.0000001000","100nH","20","21","25","2.9","Max","333MHz","-55","125"
"IHLP2020CZERR10M01","Vishay","2020","CZ","100n","0.0000001000","100nH","20","23","27","3.16","Max","-","-55","125"
"IHLP2020BZER100M01","Vishay","2020","BZ","10u","0.0000100000","10µH","20","2.3","4","199","Max","20MHz","-55","125"
"IHLP2020CZER100M01","Vishay","2020","CZ","10u","0.0000100000","10µH","20","2.5","4","158","Max","-","-55","125"
"IHLP2020CZER100M11","Vishay","2020","CZ","10u","0.0000100000","10µH","20","2.75","2.25","131.9","Max","17MHz","-55","125"
"IHLP2020BZER100M11","Vishay","2020","BZ","10u","0.0000100000","10µH","20","2.2","2","182.8","Max","17MHz","-55","125"
"IHLP2020CZER1R5M11","Vishay","2020","CZ","1u5","0.0000015000","1.5µH","20","7.5","7","18.5","Max","39MHz","-55","125"
"IHLP2020CZER1R5M01","Vishay","2020","CZ","1u5","0.0000015000","1.5µH","20","7.2","11","20.7","Max","-","-55","125"
"IHLP2020CZER1R0M01","Vishay","2020","CZ","1u","0.0000010000","1µH","20","9.2","12","13.7","Max","-","-55","125"
"IHLP2020CZER1R0M11","Vishay","2020","CZ","1u","0.0000010000","1µH","20","10","6.5","11","Max","66MHz","-55","125"
"IHLP2020BZER1R0M01","Vishay","2020","BZ","1u","0.0000010000","1µH","20","7","16","20","Max","62MHz","-55","125"
"IHLP2020BZER1R0M11","Vishay","2020","BZ","1u","0.0000010000","1µH","20","7.5","7","18.1","Max","66MHz","-55","125"
"IHLP2020ABER1R0M01","Vishay","2020","AB","1u","0.0000010000","1µH","20","4.4","10.2","46.5","Max","64MHz","-55","125"
"IHLP2020BZERR22M01","Vishay","2020","BZ","220n","0.0000002200","220nH","20","15","22","5.2","Max","145MHz","-55","125"
"IHLP2020BZERR22M11","Vishay","2020","BZ","220n","0.0000002200","220nH","20","17","13","4.5","Max","146MHz","-55","125"
"IHLP2020CZERR22M01","Vishay","2020","CZ","220n","0.0000002200","220nH","20","15.5","21","4.52","Max","-","-55","125"
"IHLP2020CZERR22M11","Vishay","2020","CZ","220n","0.0000002200","220nH","20","21","14.5","3.9","Max","146MHz","-55","125"
"IHLP2020CZER220M11","Vishay","2020","CZ","22u","0.0000220000","22µH","20","1.9","1.7","270","Max","10MHz","-55","125"
"IHLP2020CZER2R2M11","Vishay","2020","CZ","2u2","0.0000022000","2.2µH","20","6.75","5.5","25","Max","41MHz","-55","125"
"IHLP2020CZER2R2M01","Vishay","2020","CZ","2u2","0.0000022000","2.2µH","20","5.8","10","29.2","Max","-","-55","125"
"IHLP2020BZER2R2M01","Vishay","2020","BZ","2u2","0.0000022000","2.2µH","20","4.2","9.5","50.1","Max","39MHz","-55","125"
"IHLP2020ABER2R2M01","Vishay","2020","AB","2u2","0.0000022000","2.2µH","20","3.4","6","77.3","Max","47MHz","-55","125"
"IHLP2020BZER2R2M11","Vishay","2020","BZ","2u2","0.0000022000","2.2µH","20","5","5.5","37.7","Max","41MHz","-55","125"
"IHLP2020BZERR33M11","Vishay","2020","BZ","330n","0.0000003300","330nH","20","13","7.5","5.9","Max","108MHz","-55","125"
"IHLP2020CZERR33M11","Vishay","2020","CZ","330n","0.0000003300","330nH","20","16.5","9","5","Max","112MHz","-55","125"
"IHLP2020BZERR33M01","Vishay","2020","BZ","330n","0.0000003300","330nH","20","12","25","8.2","Max","125MHz","-55","125"
"IHLP2020CZERR33M01","Vishay","2020","CZ","330n","0.0000003300","330nH","20","13.7","19","5.56","Max","-","-55","125"
"IHLP2020CZER3R3M01","Vishay","2020","CZ","3u3","0.0000033000","3.3µH","20","5","8.5","54.7","Max","-","-55","125"
"IHLP2020CZER3R3M11","Vishay","2020","CZ","3u3","0.0000033000","3.3µH","20","5.5","7","40.4","Max","29MHz","-55","125"
"IHLP2020BZER3R3M11","Vishay","2020","BZ","3u3","0.0000033000","3.3µH","20","4.1","4.7","57.8","Max","29MHz","-55","125"
"IHLP2020BZER3R3M01","Vishay","2020","BZ","3u3","0.0000033000","3.3µH","20","3.3","8.5","85.5","Max","30MHz","-55","125"
"IHLP2020ABER3R3M01","Vishay","2020","AB","3u3","0.0000033000","3.3µH","20","2.8","5","103","Max","33MHz","-55","125"
"IHLP2020BZERR47M11","Vishay","2020","BZ","470n","0.0000004700","470nH","20","12.5","8","7.7","Max","83MHz","-55","125"
"IHLP2020BZERR47M01","Vishay","2020","BZ","470n","0.0000004700","470nH","20","11.5","21","9.4","Max","98MHz","-55","125"
"IHLP2020CZERR47M11","Vishay","2020","CZ","470n","0.0000004700","470nH","20","14","9","6","Max","83MHz","-55","125"
"IHLP2020CZERR47M01","Vishay","2020","CZ","470n","0.0000004700","470nH","20","12.2","16","7.04","Max","-","-55","125"
"IHLP2020ABERR47M01","Vishay","2020","AB","470n","0.0000004700","470nH","20","6.5","18","19.2","Max","108MHz","-55","125"
"IHLP2020CZER4R7M11","Vishay","2020","CZ","4u7","0.0000047000","4.7µH","20","4.5","5.2","60","Max","27MHz","-55","125"
"IHLP2020BZER4R7M11","Vishay","2020","BZ","4u7","0.0000047000","4.7µH","20","3.2","3","81.3","Max","27MHz","-55","125"
"IHLP2020CZER4R7M01","Vishay","2020","CZ","4u7","0.0000047000","4.7µH","20","3.5","8.2","77.5","Max","-","-55","125"
"IHLP2020BZER4R7M01","Vishay","2020","BZ","4u7","0.0000047000","4.7µH","20","2.8","5","116.6","Max","28MHz","-55","125"
"IHLP2020ABER4R7M01","Vishay","2020","AB","4u7","0.0000047000","4.7µH","20","2.2","4.4","168","Max","30MHz","-55","125"
"IHLP2020CZER5R6M11","Vishay","2020","CZ","5u6","0.0000056000","5.6µH","20","4.25","3.5","70.6","Max","23MHz","-55","125"
"IHLP2020BZER5R6M01","Vishay","2020","BZ","5u6","0.0000056000","5.6µH","20","2.5","4.5","122","Max","24MHz","-55","125"
"IHLP2020BZER5R6M11","Vishay","2020","BZ","5u6","0.0000056000","5.6µH","20","3","2.2","92","Max","24MHz","-55","125"
"IHLP2020CZER5R6M01","Vishay","2020","CZ","5u6","0.0000056000","5.6µH","20","3","4.1","108","Max","-","-55","125"
"IHLP2020BZERR68M01","Vishay","2020","BZ","680n","0.0000006800","680nH","20","10","15","12.4","Max","77MHz","-55","125"
"IHLP2020CZERR68M01","Vishay","2020","CZ","680n","0.0000006800","680nH","20","10.2","13.5","8.96","Max","-","-55","125"
"IHLP2020BZER6R8M01","Vishay","2020","BZ","6u8","0.0000068000","6.8µH","20","2.4","4.3","150","Max","21MHz","-55","125"
"IHLP2020CZERR82M01","Vishay","2020","CZ","820n","0.0000008200","820nH","20","9.3","13","11.9","Max","-","-55","125"
"IHLP2525CZERR10M01","Vishay","2525","CZ","100n","0.0000001000","100nH","20","32.5","60","1.7","Max","-","-55","125"
"IHLP2525CZER100M01","Vishay","2525","CZ","10u","0.0000100000","10µH","20","3","7","105","Max","-","-55","125"
"IHLP2525BDER100M01","Vishay","2525","BD","10u","0.0000100000","10µH","20","2.5","7","129","Max","-","-55","125"
"IHLP2525EZER100M01","Vishay","2525","EZ","10u","0.0000100000","10µH","20","4.5","4.5","71.3","Max","-","-55","125"
"IHLP2525CZER1R5M01","Vishay","2525","CZ","1u5","0.0000015000","1.5µH","20","9","18","15","Max","-","-55","125"
"IHLP2525CZER1R0M01","Vishay","2525","CZ","1u","0.0000010000","1µH","20","11","22","10","Max","-","-55","125"
"IHLP2525EZER1R0M01","Vishay","2525","EZ","1u","0.0000010000","1µH","20","13","15","6.5","Max","-","-55","125"
"IHLP2525CZERR20M01","Vishay","2525","CZ","200n","0.0000002000","200nH","20","24","41","3","Max","-","-55","125"
"IHLP2525CZERR22M01","Vishay","2525","CZ","220n","0.0000002200","220nH","20","23","40","2.8","Max","-","-55","125"
"IHLP2525CZER220M11","Vishay","2525","CZ","22u","0.0000220000","22µH","20","2.9","2.5","135","Max","-","-55","125"
"IHLP2525CZER2R2M01","Vishay","2525","CZ","2u2","0.0000022000","2.2µH","20","8","14","20","Max","-","-55","125"
"IHLP2525CZERR33M01","Vishay","2525","CZ","330n","0.0000003300","330nH","20","20","30","3.9","Max","-","-55","125"
"IHLP2525BDER3R3M01","Vishay","2525","BD","3u3","0.0000033000","3.3µH","20","5","13","51.6","Max","-","-55","125"
"IHLP2525EZER3R3M01","Vishay","2525","EZ","3u3","0.0000033000","3.3µH","20","8","8","20.9","Max","-","-55","125"
"IHLP2525CZER3R3M01","Vishay","2525","CZ","3u3","0.0000033000","3.3µH","20","6","13.5","30","Max","-","-55","125"
"IHLP2525CZERR47M01","Vishay","2525","CZ","470n","0.0000004700","470nH","20","17.5","26","4.2","Max","-","-55","125"
"IHLP2525CZER4R7M01","Vishay","2525","CZ","4u7","0.0000047000","4.7µH","20","5.5","10","40","Max","-","-55","125"
"IHLP2525BDER4R7M01","Vishay","2525","BD","4u7","0.0000047000","4.7µH","20","4.5","10","63","Max","-","-55","125"
"IHLP2525CZERR68M01","Vishay","2525","CZ","680n","0.0000006800","680nH","20","15.5","25","5.5","Max","-","-55","125"
"IHLP2525CZER6R8M01","Vishay","2525","CZ","6u8","0.0000068000","6.8µH","20","4.5","8","60","Max","-","-55","125"
"IHLP2525CZERR82M01","Vishay","2525","CZ","820n","0.0000008200","820nH","20","13","24","8","Max","-","-55","125"
"IHLP2525CZER8R2M01","Vishay","2525","CZ","8u2","0.0000082000","8.2µH","20","4","7.5","68","Max","-","-55","125"
