"Part Number","Product Status","Specific Applications","Recommended Applications","Appearance","Size code in mm(inch)","Thickness(max.)","Common Mode Impedance (at 10MHz)","Common Mode Impedance (at 100MHz)","Common Mode Impedance (at 1GHz)","Common Mode Inductance","Rated Current","Derating of Rated Current","DC Resistance(max.)","Rated Voltage","Maximum operating temperature","Operating Temperature Range(Self-temperature rise ","Shape","Number of Circuit","Common Mode Insertion Loss Characteristic","Brand","Downloadable"
"DLW5BTM101SQ2#","In Production","CE×Consumer equipment,IeT×Industrial equipment except for transportation & facility & energy equipment,MeS×Medical equipment [GHTF A/B/C] except for implant & surgery & auto injector","Consumer equipment","Appearance","5050/2020","2.5mm","10Ω Min.","100Ω Typ.",,,"6A","Yes (Over 60℃)/*For details, please check the derating diagram.","0.013Ω","50Vdc","85℃","NO","SMD","1",,"Murata",
"DLW5BTM101TQ2#","In Production","CE×Consumer equipment,IeT×Industrial equipment except for transportation & facility & energy equipment,MeS×Medical equipment [GHTF A/B/C] except for implant & surgery & auto injector","Consumer equipment","Appearance","5050/2020","2.5mm","10Ω Min.","100Ω Typ.",,,"6A","Yes (Over 85℃)/*For details, please check the derating diagram.","0.013Ω","100Vdc","105℃","NO","SMD","1",,"Murata",
"DLW5BTM102SQ2#","In Production","CE×Consumer equipment,IeT×Industrial equipment except for transportation & facility & energy equipment,MeS×Medical equipment [GHTF A/B/C] except for implant & surgery & auto injector","Consumer equipment","Appearance","5050/2020","2.5mm","60Ω Min.","1,000Ω Typ.",,,"2A","No","0.034Ω","50Vdc","85℃","NO","SMD","1",,"Murata",
"DLW5BTM102TQ2#","In Production","CE×Consumer equipment,IeT×Industrial equipment except for transportation & facility & energy equipment,MeS×Medical equipment [GHTF A/B/C] except for implant & surgery & auto injector","Consumer equipment","Appearance","5050/2020","2.5mm","60Ω Min.","1,000Ω Typ.",,,"2.5A","Yes (Over 85℃)/*For details, please check the derating diagram.","0.034Ω","100Vdc","105℃","NO","SMD","1",,"Murata",
"DLW5BTM142SQ2#","In Production","CE×Consumer equipment,IeT×Industrial equipment except for transportation & facility & energy equipment,MeS×Medical equipment [GHTF A/B/C] except for implant & surgery & auto injector","Consumer equipment","Appearance","5050/2020","2.5mm","100Ω Min.","1,400Ω Typ.",,,"1.5A","No","0.056Ω","50Vdc","85℃","NO","SMD","1",,"Murata",
"DLW5BTM142TQ2#","In Production","CE×Consumer equipment,IeT×Industrial equipment except for transportation & facility & energy equipment,MeS×Medical equipment [GHTF A/B/C] except for implant & surgery & auto injector","Consumer equipment","Appearance","5050/2020","2.5mm","100Ω Min.","1,400Ω Typ.",,,"2A","Yes (Over 85℃)/*For details, please check the derating diagram.","0.056Ω","100Vdc","105℃","NO","SMD","1",,"Murata",
"DLW5BTM251SQ2#","In Production","CE×Consumer equipment,IeT×Industrial equipment except for transportation & facility & energy equipment,MeS×Medical equipment [GHTF A/B/C] except for implant & surgery & auto injector","Consumer equipment","Appearance","5050/2020","2.5mm","20Ω Min.","250Ω Typ.",,,"5A","Yes (Over 60℃)/*For details, please check the derating diagram.","0.02Ω","50Vdc","85℃","NO","SMD","1",,"Murata",
"DLW5BTM251TQ2#","In Production","CE×Consumer equipment,IeT×Industrial equipment except for transportation & facility & energy equipment,MeS×Medical equipment [GHTF A/B/C] except for implant & surgery & auto injector","Consumer equipment","Appearance","5050/2020","2.5mm","20Ω Min.","250Ω Typ.",,,"5A","Yes (Over 85℃)/*For details, please check the derating diagram.","0.02Ω","100Vdc","105℃","NO","SMD","1",,"Murata",
"DLW5BTM501SQ2#","In Production","CE×Consumer equipment,IeT×Industrial equipment except for transportation & facility & energy equipment,MeS×Medical equipment [GHTF A/B/C] except for implant & surgery & auto injector","Consumer equipment","Appearance","5050/2020","2.5mm","30Ω Min.","500Ω Typ.",,,"4A","Yes (Over 65℃)/*For details, please check the derating diagram.","0.027Ω","50Vdc","85℃","NO","SMD","1",,"Murata",
"DLW5BTM501TQ2#","In Production","CE×Consumer equipment,IeT×Industrial equipment except for transportation & facility & energy equipment,MeS×Medical equipment [GHTF A/B/C] except for implant & surgery & auto injector","Consumer equipment","Appearance","5050/2020","2.5mm","30Ω Min.","500Ω Typ.",,,"4A","Yes (Over 85℃)/*For details, please check the derating diagram.","0.027Ω","100Vdc","105℃","NO","SMD","1",,"Murata",
