Datasheet,Image,DK Part #,Mfr Part #,Mfr,Supplier,Description,Stock,Price,@ qty,Min Qty, Package,Series,Product Status,"Resistance","Tolerance","Power (Watts)","Composition","Features","Temperature Coefficient","Operating Temperature","Package / Case","Supplier Device Package","Size / Dimension","Height - Seated (Max)","Number of Terminations","Failure Rate","Ratings","URL"
"https://www.koaspeer.com/pdfs/UR73.pdf","//mm.digikey.com/Volume0/opasdata/d220001/medias/images/322/2019%3B%3BUR73D-0805%282012%29-2x1%2C25x0%2C81.JPG","2019-UR73D2ATTD10L0FTR-ND,2019-UR73D2ATTD10L0FCT-ND,2019-UR73D2ATTD10L0FDKR-ND","UR73D2ATTD10L0F","KOA Speer Electronics, Inc.","KOA Speer Electronics, Inc.","RES 10M OHM 1% 1/3W 0805","22,463","0.59","0","1","Tape & Reel (TR),Cut Tape (CT),Digi-Reel®","UR73","Active","10 mOhms","±1%","0.333W, 1/3W","Thick Film","Current Sense","±250ppm/°C","-55°C ~ 125°C","0805 (2012 Metric)","0805","0.079"" L x 0.049"" W (2.00mm x 1.25mm)","0.032"" (0.81mm)","2","-","-","https://www.digikey.com/en/products/detail/koa-speer-electronics-inc/UR73D2ATTD10L0F/9845679"
"https://www.koaspeer.com/pdfs/UR73.pdf","//mm.digikey.com/Volume0/opasdata/d220001/medias/images/322/2019%3B%3BUR73D-0603%281608%29-1%2C6x0%2C8x0%2C45.JPG","2019-UR73D1JTTD50L0FTR-ND,2019-UR73D1JTTD50L0FCT-ND,2019-UR73D1JTTD50L0FDKR-ND","UR73D1JTTD50L0F","KOA Speer Electronics, Inc.","KOA Speer Electronics, Inc.","RES 50M OHM 1% 1/4W 0603","24,266","0.59","0","1","Tape & Reel (TR),Cut Tape (CT),Digi-Reel®","UR73","Active","50 mOhms","±1%","0.25W, 1/4W","Thick Film","Current Sense","±100ppm/°C","-55°C ~ 125°C","0603 (1608 Metric)","0603","0.063"" L x 0.031"" W (1.60mm x 0.80mm)","0.018"" (0.45mm)","2","-","-","https://www.digikey.com/en/products/detail/koa-speer-electronics-inc/UR73D1JTTD50L0F/9845676"
"https://www.koaspeer.com/pdfs/UR73.pdf","//mm.digikey.com/Volume0/opasdata/d220001/medias/images/322/2019%3B%3BUR73D-0603%281608%29-1%2C6x0%2C8x0%2C65.JPG","2019-UR73D1JTTD20L0FTR-ND,2019-UR73D1JTTD20L0FCT-ND,2019-UR73D1JTTD20L0FDKR-ND","UR73D1JTTD20L0F","KOA Speer Electronics, Inc.","KOA Speer Electronics, Inc.","RES 0.02 OHM 1% 1/4W 0603","9,835","0.59","0","1","Tape & Reel (TR),Cut Tape (CT),Digi-Reel®","UR73","Active","20 mOhms","±1%","0.25W, 1/4W","Thick Film","Current Sense","±300ppm/°C","-55°C ~ 125°C","0603 (1608 Metric)","0603","0.063"" L x 0.031"" W (1.60mm x 0.80mm)","0.026"" (0.65mm)","2","-","-","https://www.digikey.com/en/products/detail/koa-speer-electronics-inc/UR73D1JTTD20L0F/9845674"
"https://www.koaspeer.com/pdfs/UR73.pdf","//mm.digikey.com/Volume0/opasdata/d220001/medias/images/323/2019%3B%3BUR73-0805%282012%29-2x1%2C25x0%2C65.JPG","2019-UR732ATTD50L0FTR-ND,2019-UR732ATTD50L0FCT-ND,2019-UR732ATTD50L0FDKR-ND","UR732ATTD50L0F","KOA Speer Electronics, Inc.","KOA Speer Electronics, Inc.","RES 50M OHM 1% 1/3W 0805","8,045","0.59","0","1","Tape & Reel (TR),Cut Tape (CT),Digi-Reel®","UR73","Active","50 mOhms","±1%","0.333W, 1/3W","Thick Film","Current Sense","±100ppm/°C","-55°C ~ 125°C","0805 (2012 Metric)","0805","0.079"" L x 0.049"" W (2.00mm x 1.25mm)","0.026"" (0.65mm)","2","-","-","https://www.digikey.com/en/products/detail/koa-speer-electronics-inc/UR732ATTD50L0F/9834534"
"https://www.koaspeer.com/pdfs/UR73.pdf","//mm.digikey.com/Volume0/opasdata/d220001/medias/images/323/2019%3B%3BUR73-0805%282012%29-2x1%2C25x0%2C65.JPG","2019-UR732ATTDR100FTR-ND,2019-UR732ATTDR100FCT-ND,2019-UR732ATTDR100FDKR-ND","UR732ATTDR100F","KOA Speer Electronics, Inc.","KOA Speer Electronics, Inc.","RES 100M OHM 1% 1/3W 0805","4,590","0.59","0","1","Tape & Reel (TR),Cut Tape (CT),Digi-Reel®","UR73","Active","100 mOhms","±1%","0.333W, 1/3W","Thick Film","Current Sense","±100ppm/°C","-55°C ~ 125°C","0805 (2012 Metric)","0805","0.079"" L x 0.049"" W (2.00mm x 1.25mm)","0.026"" (0.65mm)","2","-","-","https://www.digikey.com/en/products/detail/koa-speer-electronics-inc/UR732ATTDR100F/9834536"
"https://www.koaspeer.com/pdfs/UR73.pdf","//mm.digikey.com/Volume0/opasdata/d220001/medias/images/322/2019%3B%3BUR73D-0603%281608%29-1%2C6x0%2C8x0%2C45.JPG","2019-UR73D1JTTDR100FTR-ND,2019-UR73D1JTTDR100FCT-ND,2019-UR73D1JTTDR100FDKR-ND","UR73D1JTTDR100F","KOA Speer Electronics, Inc.","KOA Speer Electronics, Inc.","RES 100M OHM 1% 1/4W 0603","4,484","0.59","0","1","Tape & Reel (TR),Cut Tape (CT),Digi-Reel®","UR73","Active","100 mOhms","±1%","0.25W, 1/4W","Thick Film","Current Sense","±100ppm/°C","-55°C ~ 125°C","0603 (1608 Metric)","0603","0.063"" L x 0.031"" W (1.60mm x 0.80mm)","0.018"" (0.45mm)","2","-","-","https://www.digikey.com/en/products/detail/koa-speer-electronics-inc/UR73D1JTTDR100F/9845678"
"https://www.koaspeer.com/pdfs/UR73.pdf","//mm.digikey.com/Volume0/opasdata/d220001/medias/images/322/2019%3B%3BUR73D-0805%282012%29-2x1%2C25-0%2C71.JPG","2019-UR73D2ATTD20L0FTR-ND,2019-UR73D2ATTD20L0FCT-ND,2019-UR73D2ATTD20L0FDKR-ND","UR73D2ATTD20L0F","KOA Speer Electronics, Inc.","KOA Speer Electronics, Inc.","RES 20M OHM 1% 1/3W 0805","12,182","0.63","0","1","Tape & Reel (TR),Cut Tape (CT),Digi-Reel®","UR73","Active","20 mOhms","±1%","0.333W, 1/3W","Thick Film","Current Sense","±250ppm/°C","-55°C ~ 125°C","0805 (2012 Metric)","0805","0.079"" L x 0.049"" W (2.00mm x 1.25mm)","0.028"" (0.71mm)","2","-","-","https://www.digikey.com/en/products/detail/koa-speer-electronics-inc/UR73D2ATTD20L0F/9845680"
"https://www.koaspeer.com/pdfs/UR73.pdf","//mm.digikey.com/Volume0/opasdata/d220001/medias/images/322/2019%3B%3BUR73D-0603%281608%29-1%2C6x0%2C8x0%2C65.JPG","2019-UR73D1JTTD10L0FTR-ND,2019-UR73D1JTTD10L0FCT-ND,2019-UR73D1JTTD10L0FDKR-ND","UR73D1JTTD10L0F","KOA Speer Electronics, Inc.","KOA Speer Electronics, Inc.","RES .01 OHM 1% 1/4W 0603","9,197","0.63","0","1","Tape & Reel (TR),Cut Tape (CT),Digi-Reel®","UR73","Active","10 mOhms","±1%","0.25W, 1/4W","Thick Film","Current Sense","±300ppm/°C","-55°C ~ 125°C","0603 (1608 Metric)","0603","0.063"" L x 0.031"" W (1.60mm x 0.80mm)","0.026"" (0.65mm)","2","-","-","https://www.digikey.com/en/products/detail/koa-speer-electronics-inc/UR73D1JTTD10L0F/9845673"
"https://www.koaspeer.com/pdfs/UR73.pdf","//mm.digikey.com/Volume0/opasdata/d220001/medias/images/323/2019%3B%3BUR73-1206%283216%29-3%2C2x1%2C6x0%2C6.JPG","2019-UR732BTTD68L0FTR-ND,2019-UR732BTTD68L0FCT-ND,2019-UR732BTTD68L0FDKR-ND","UR732BTTD68L0F","KOA Speer Electronics, Inc.","KOA Speer Electronics, Inc.","RES 68M OHM 1% 1/2W 1206","7,851","0.63","0","1","Tape & Reel (TR),Cut Tape (CT),Digi-Reel®","UR73","Active","68 mOhms","±1%","0.5W, 1/2W","Thick Film","Current Sense","±100ppm/°C","-55°C ~ 125°C","1206 (3216 Metric)","1206","0.126"" L x 0.063"" W (3.20mm x 1.60mm)","0.024"" (0.60mm)","2","-","-","https://www.digikey.com/en/products/detail/koa-speer-electronics-inc/UR732BTTD68L0F/9845668"
"https://www.koaspeer.com/pdfs/UR73.pdf","//mm.digikey.com/Volume0/opasdata/d220001/medias/images/323/2019%3B%3BUR73-1206%283216%29-3%2C2x1%2C6x0%2C6.JPG","2019-UR732BTTDR100FTR-ND,2019-UR732BTTDR100FCT-ND,2019-UR732BTTDR100FDKR-ND","UR732BTTDR100F","KOA Speer Electronics, Inc.","KOA Speer Electronics, Inc.","RES 100M OHM 1% 1/2W 1206","7,775","0.63","0","1","Tape & Reel (TR),Cut Tape (CT),Digi-Reel®","UR73","Active","100 mOhms","±1%","0.5W, 1/2W","Thick Film","Current Sense","±100ppm/°C","-55°C ~ 125°C","1206 (3216 Metric)","1206","0.126"" L x 0.063"" W (3.20mm x 1.60mm)","0.024"" (0.60mm)","2","-","-","https://www.digikey.com/en/products/detail/koa-speer-electronics-inc/UR732BTTDR100F/9845670"
"https://www.koaspeer.com/pdfs/UR73.pdf","//mm.digikey.com/Volume0/opasdata/d220001/medias/images/323/2019%3B%3BUR73-1206%283216%29-3%2C2x1%2C6x0%2C7.JPG","2019-UR732BTTD50L0FTR-ND,2019-UR732BTTD50L0FCT-ND,2019-UR732BTTD50L0FDKR-ND","UR732BTTD50L0F","KOA Speer Electronics, Inc.","KOA Speer Electronics, Inc.","RES 50M OHM 1% 1/2W 1206","4,496","0.63","0","1","Tape & Reel (TR),Cut Tape (CT),Digi-Reel®","UR73","Active","50 mOhms","±1%","0.5W, 1/2W","Thick Film","Current Sense","±100ppm/°C","-55°C ~ 125°C","1206 (3216 Metric)","1206","0.126"" L x 0.063"" W (3.20mm x 1.60mm)","0.028"" (0.70mm)","2","-","-","https://www.digikey.com/en/products/detail/koa-speer-electronics-inc/UR732BTTD50L0F/9834535"
"https://www.koaspeer.com/pdfs/UR73.pdf","//mm.digikey.com/Volume0/opasdata/d220001/medias/images/322/2019%3B%3BUR73D-1206%283216%29-3%2C2x1%2C6x1.JPG","2019-UR73D2BTTD20L0FTR-ND,2019-UR73D2BTTD20L0FCT-ND,2019-UR73D2BTTD20L0FDKR-ND","UR73D2BTTD20L0F","KOA Speer Electronics, Inc.","KOA Speer Electronics, Inc.","RES 20M OHM 1% 1/2W 1206","3,191","0.63","0","1","Tape & Reel (TR),Cut Tape (CT),Digi-Reel®","UR73","Active","20 mOhms","±1%","0.5W, 1/2W","Thick Film","Current Sense","±200ppm/°C","-55°C ~ 125°C","1206 (3216 Metric)","1206","0.126"" L x 0.063"" W (3.20mm x 1.60mm)","0.039"" (1.00mm)","2","-","-","https://www.digikey.com/en/products/detail/koa-speer-electronics-inc/UR73D2BTTD20L0F/9845684"
"https://www.koaspeer.com/pdfs/UR73.pdf","//mm.digikey.com/Volume0/opasdata/d220001/medias/images/322/2019%3B%3BUR73D-1206%283216%29-3%2C2x1%2C6x1%2C2.JPG","2019-UR73D2BTTD10L0FTR-ND,2019-UR73D2BTTD10L0FCT-ND,2019-UR73D2BTTD10L0FDKR-ND","UR73D2BTTD10L0F","KOA Speer Electronics, Inc.","KOA Speer Electronics, Inc.","RES 10M OHM 1% 1/2W 1206","1,412","0.63","0","1","Tape & Reel (TR),Cut Tape (CT),Digi-Reel®","UR73","Active","10 mOhms","±1%","0.5W, 1/2W","Thick Film","Current Sense","±200ppm/°C","-55°C ~ 125°C","1206 (3216 Metric)","1206","0.126"" L x 0.063"" W (3.20mm x 1.60mm)","0.047"" (1.20mm)","2","-","-","https://www.digikey.com/en/products/detail/koa-speer-electronics-inc/UR73D2BTTD10L0F/9845682"
"https://www.koaspeer.com/pdfs/UR73.pdf","//mm.digikey.com/Volume0/opasdata/d220001/medias/images/322/2019%3B%3BUR73D-1206%283216%29-3%2C2x1%2C6x1.JPG","2019-UR73D2BTTD25L0FTR-ND,2019-UR73D2BTTD25L0FCT-ND,2019-UR73D2BTTD25L0FDKR-ND","UR73D2BTTD25L0F","KOA Speer Electronics, Inc.","KOA Speer Electronics, Inc.","RES 25M OHM 1% 1/2W 1206","13,645","0.66","0","1","Tape & Reel (TR),Cut Tape (CT),Digi-Reel®","UR73","Active","25 mOhms","±1%","0.5W, 1/2W","Thick Film","Current Sense","±200ppm/°C","-55°C ~ 125°C","1206 (3216 Metric)","1206","0.126"" L x 0.063"" W (3.20mm x 1.60mm)","0.039"" (1.00mm)","2","-","-","https://www.digikey.com/en/products/detail/koa-speer-electronics-inc/UR73D2BTTD25L0F/9845685"
"https://www.koaspeer.com/pdfs/UR73.pdf","//mm.digikey.com/Volume0/opasdata/d220001/medias/images/322/2019%3B%3BUR73D-2512%286432%29-6%2C3x3%2C1x1%2C1.JPG","2019-UR73D3ATTER100FTR-ND,2019-UR73D3ATTER100FCT-ND,2019-UR73D3ATTER100FDKR-ND","UR73D3ATTER100F","KOA Speer Electronics, Inc.","KOA Speer Electronics, Inc.","RES 100M OHM 1% 1W 2512","5,781","0.96","0","1","Tape & Reel (TR),Cut Tape (CT),Digi-Reel®","UR73","Active","100 mOhms","±1%","1W","Thick Film","Current Sense","±100ppm/°C","-55°C ~ 125°C","2512 (6332 Metric)","2512","0.248"" L x 0.122"" W (6.30mm x 3.10mm)","0.043"" (1.10mm)","2","-","-","https://www.digikey.com/en/products/detail/koa-speer-electronics-inc/UR73D3ATTER100F/9845698"
"https://www.koaspeer.com/pdfs/UR73.pdf","//mm.digikey.com/Volume0/opasdata/d220001/medias/images/322/2019%3B%3BUR73D-2512%286432%29-6%2C3x3%2C1x2%2C3.JPG","2019-UR73D3ATTE20L0FTR-ND,2019-UR73D3ATTE20L0FCT-ND,2019-UR73D3ATTE20L0FDKR-ND","UR73D3ATTE20L0F","KOA Speer Electronics, Inc.","KOA Speer Electronics, Inc.","RES 20M OHM 1% 1W 2512","1,691","0.96","0","1","Tape & Reel (TR),Cut Tape (CT),Digi-Reel®","UR73","Active","20 mOhms","±1%","1W","Thick Film","Current Sense","±250ppm/°C","-55°C ~ 125°C","2512 (6332 Metric)","2512","0.248"" L x 0.122"" W (6.30mm x 3.10mm)","0.091"" (2.30mm)","2","-","-","https://www.digikey.com/en/products/detail/koa-speer-electronics-inc/UR73D3ATTE20L0F/9845693"
"https://www.koaspeer.com/pdfs/UR73.pdf","//mm.digikey.com/Volume0/opasdata/d220001/medias/images/322/2019%3B%3BUR73D-2512%286432%29-6%2C3x3%2C1x1%2C1.JPG","2019-UR73D3ATTE50L0FTR-ND,2019-UR73D3ATTE50L0FCT-ND,2019-UR73D3ATTE50L0FDKR-ND","UR73D3ATTE50L0F","KOA Speer Electronics, Inc.","KOA Speer Electronics, Inc.","RES 0.05 OHM 1% 1W 2512","4,070","1.09","0","1","Tape & Reel (TR),Cut Tape (CT),Digi-Reel®","UR73","Active","50 mOhms","±1%","1W","Thick Film","Current Sense","±100ppm/°C","-55°C ~ 125°C","2512 (6332 Metric)","2512","0.248"" L x 0.122"" W (6.30mm x 3.10mm)","0.043"" (1.10mm)","2","-","-","https://www.digikey.com/en/products/detail/koa-speer-electronics-inc/UR73D3ATTE50L0F/9845696"
"https://www.koaspeer.com/pdfs/UR73.pdf","//mm.digikey.com/Volume0/opasdata/d220001/medias/images/322/2019%3B%3BUR73D-0402%281005%29.JPG","2019-UR73D1ETTP50L0FTR-ND,2019-UR73D1ETTP50L0FCT-ND,2019-UR73D1ETTP50L0FDKR-ND","UR73D1ETTP50L0F","KOA Speer Electronics, Inc.","KOA Speer Electronics, Inc.","RES 50M OHM 1% 1/8W 0402","69,685","0.59","0","1","Tape & Reel (TR),Cut Tape (CT),Digi-Reel®","UR73","Active","50 mOhms","±1%","0.125W, 1/8W","Thick Film","Current Sense","±100ppm/°C","-55°C ~ 125°C","0402 (1005 Metric)","0402","0.039"" L x 0.020"" W (1.00mm x 0.50mm)","0.016"" (0.40mm)","2","-","-","https://www.digikey.com/en/products/detail/koa-speer-electronics-inc/UR73D1ETTP50L0F/9845671"
"https://www.koaspeer.com/pdfs/UR73.pdf","//mm.digikey.com/Volume0/opasdata/d220001/medias/images/322/2019%3B%3BUR73D-0805%282012%29-2x1%2C25-0%2C71.JPG","2019-UR73D2ATTD25L0FTR-ND,2019-UR73D2ATTD25L0FCT-ND,2019-UR73D2ATTD25L0FDKR-ND","UR73D2ATTD25L0F","KOA Speer Electronics, Inc.","KOA Speer Electronics, Inc.","RES 25M OHM 1% 1/3W 0805","9,475","0.59","0","1","Tape & Reel (TR),Cut Tape (CT),Digi-Reel®","UR73","Active","25 mOhms","±1%","0.333W, 1/3W","Thick Film","Current Sense","±250ppm/°C","-55°C ~ 125°C","0805 (2012 Metric)","0805","0.079"" L x 0.049"" W (2.00mm x 1.25mm)","0.028"" (0.71mm)","2","-","-","https://www.digikey.com/en/products/detail/koa-speer-electronics-inc/UR73D2ATTD25L0F/9845681"
"https://www.koaspeer.com/pdfs/UR73.pdf","//mm.digikey.com/Volume0/opasdata/d220001/medias/images/322/2019%3B%3BUR73D-0402%281005%29.JPG","2019-UR73D1ETTPR100FTR-ND,2019-UR73D1ETTPR100FCT-ND,2019-UR73D1ETTPR100FDKR-ND","UR73D1ETTPR100F","KOA Speer Electronics, Inc.","KOA Speer Electronics, Inc.","RES 0.1 OHM 1% 1/8W 0402","7,470","0.59","0","1","Tape & Reel (TR),Cut Tape (CT),Digi-Reel®","UR73","Active","100 mOhms","±1%","0.125W, 1/8W","Thick Film","Current Sense","±100ppm/°C","-55°C ~ 125°C","0402 (1005 Metric)","0402","0.039"" L x 0.020"" W (1.00mm x 0.50mm)","0.016"" (0.40mm)","2","-","-","https://www.digikey.com/en/products/detail/koa-speer-electronics-inc/UR73D1ETTPR100F/9845672"
"https://www.koaspeer.com/pdfs/UR73.pdf","//mm.digikey.com/Volume0/opasdata/d220001/medias/images/323/2019%3B%3BUR73-0805%282012%29-2x1%2C25x0%2C5.JPG","2019-UR732ATTD56L0FTR-ND,2019-UR732ATTD56L0FCT-ND,2019-UR732ATTD56L0FDKR-ND","UR732ATTD56L0F","KOA Speer Electronics, Inc.","KOA Speer Electronics, Inc.","RES 56M OHM 1% 1/3W 0805","5,120","0.59","0","1","Tape & Reel (TR),Cut Tape (CT),Digi-Reel®","UR73","Active","56 mOhms","±1%","0.333W, 1/3W","Thick Film","Current Sense","±100ppm/°C","-55°C ~ 125°C","0805 (2012 Metric)","0805","0.079"" L x 0.049"" W (2.00mm x 1.25mm)","0.020"" (0.50mm)","2","-","-","https://www.digikey.com/en/products/detail/koa-speer-electronics-inc/UR732ATTD56L0F/9845660"
"https://www.koaspeer.com/pdfs/UR73.pdf","//mm.digikey.com/Volume0/opasdata/d220001/medias/images/322/2019%3B%3BUR73D-0603%281608%29-1%2C6x0%2C8x0%2C65.JPG","2019-UR73D1JTTD25L0FTR-ND,2019-UR73D1JTTD25L0FCT-ND,2019-UR73D1JTTD25L0FDKR-ND","UR73D1JTTD25L0F","KOA Speer Electronics, Inc.","KOA Speer Electronics, Inc.","RES 25M OHM 1% 1/4W 0603","2,187","0.59","0","1","Tape & Reel (TR),Cut Tape (CT),Digi-Reel®","UR73","Active","25 mOhms","±1%","0.25W, 1/4W","Thick Film","Current Sense","±300ppm/°C","-55°C ~ 125°C","0603 (1608 Metric)","0603","0.063"" L x 0.031"" W (1.60mm x 0.80mm)","0.026"" (0.65mm)","2","-","-","https://www.digikey.com/en/products/detail/koa-speer-electronics-inc/UR73D1JTTD25L0F/9845675"
"https://www.koaspeer.com/pdfs/UR73.pdf","//mm.digikey.com/Volume0/opasdata/d220001/medias/images/323/2019%3B%3BUR73-1206%283216%29-3%2C2x1%2C6x0%2C6.JPG","2019-UR732BTTD33L0FTR-ND,2019-UR732BTTD33L0FCT-ND,2019-UR732BTTD33L0FDKR-ND","UR732BTTD33L0F","KOA Speer Electronics, Inc.","KOA Speer Electronics, Inc.","RES 33M OHM 1% 1/2W 1206","8,828","0.63","0","1","Tape & Reel (TR),Cut Tape (CT),Digi-Reel®","UR73","Active","33 mOhms","±1%","0.5W, 1/2W","Thick Film","Current Sense","±200ppm/°C","-55°C ~ 125°C","1206 (3216 Metric)","1206","0.126"" L x 0.063"" W (3.20mm x 1.60mm)","0.024"" (0.60mm)","2","-","-","https://www.digikey.com/en/products/detail/koa-speer-electronics-inc/UR732BTTD33L0F/9845662"
"https://www.koaspeer.com/pdfs/UR73.pdf","//mm.digikey.com/Volume0/opasdata/d220001/medias/images/323/2019%3B%3BUR73-1206%283216%29-3%2C2x1%2C6x0%2C6.JPG","2019-UR732BTTD56L0FTR-ND,2019-UR732BTTD56L0FCT-ND,2019-UR732BTTD56L0FDKR-ND","UR732BTTD56L0F","KOA Speer Electronics, Inc.","KOA Speer Electronics, Inc.","RES 56M OHM 1% 1/2W 1206","3,821","0.63","0","1","Tape & Reel (TR),Cut Tape (CT),Digi-Reel®","UR73","Active","56 mOhms","±1%","0.5W, 1/2W","Thick Film","Current Sense","±100ppm/°C","-55°C ~ 125°C","1206 (3216 Metric)","1206","0.126"" L x 0.063"" W (3.20mm x 1.60mm)","0.024"" (0.60mm)","2","-","-","https://www.digikey.com/en/products/detail/koa-speer-electronics-inc/UR732BTTD56L0F/9845667"
"https://www.koaspeer.com/pdfs/UR73.pdf","//mm.digikey.com/Volume0/opasdata/d220001/medias/images/323/2019%3B%3BUR73-1206%283216%29-3%2C2x1%2C6x0%2C6.JPG","2019-UR732BTTD47L0FTR-ND,2019-UR732BTTD47L0FCT-ND,2019-UR732BTTD47L0FDKR-ND","UR732BTTD47L0F","KOA Speer Electronics, Inc.","KOA Speer Electronics, Inc.","RES 47M OHM 1% 1/2W 1206","3,373","0.63","0","1","Tape & Reel (TR),Cut Tape (CT),Digi-Reel®","UR73","Active","47 mOhms","±1%","0.5W, 1/2W","Thick Film","Current Sense","±100ppm/°C","-55°C ~ 125°C","1206 (3216 Metric)","1206","0.126"" L x 0.063"" W (3.20mm x 1.60mm)","0.024"" (0.60mm)","2","-","-","https://www.digikey.com/en/products/detail/koa-speer-electronics-inc/UR732BTTD47L0F/9845665"
"https://www.koaspeer.com/pdfs/UR73.pdf","//mm.digikey.com/Volume0/opasdata/d220001/medias/images/323/2019%3B%3BUR73-1206%283216%29-3%2C2x1%2C6x0%2C6.JPG","2019-UR732BTTD51L0FTR-ND,2019-UR732BTTD51L0FCT-ND,2019-UR732BTTD51L0FDKR-ND","UR732BTTD51L0F","KOA Speer Electronics, Inc.","KOA Speer Electronics, Inc.","RES 51M OHM 1% 1/2W 1206","2,745","0.63","0","1","Tape & Reel (TR),Cut Tape (CT),Digi-Reel®","UR73","Active","51 mOhms","±1%","0.5W, 1/2W","Thick Film","Current Sense","±100ppm/°C","-55°C ~ 125°C","1206 (3216 Metric)","1206","0.126"" L x 0.063"" W (3.20mm x 1.60mm)","0.024"" (0.60mm)","2","-","-","https://www.digikey.com/en/products/detail/koa-speer-electronics-inc/UR732BTTD51L0F/9845666"
"https://www.koaspeer.com/pdfs/UR73.pdf","//mm.digikey.com/Volume0/opasdata/d220001/medias/images/323/2019%3B%3BUR73-1206%283216%29-3%2C2x1%2C6x0%2C6.JPG","2019-UR732BTTD75L0FTR-ND,2019-UR732BTTD75L0FCT-ND,2019-UR732BTTD75L0FDKR-ND","UR732BTTD75L0F","KOA Speer Electronics, Inc.","KOA Speer Electronics, Inc.","RES 75M OHM 1% 1/2W 1206","2,609","0.63","0","1","Tape & Reel (TR),Cut Tape (CT),Digi-Reel®","UR73","Active","75 mOhms","±1%","0.5W, 1/2W","Thick Film","Current Sense","±100ppm/°C","-55°C ~ 125°C","1206 (3216 Metric)","1206","0.126"" L x 0.063"" W (3.20mm x 1.60mm)","0.024"" (0.60mm)","2","-","-","https://www.digikey.com/en/products/detail/koa-speer-electronics-inc/UR732BTTD75L0F/9845669"
"https://www.koaspeer.com/pdfs/UR73.pdf","//mm.digikey.com/Volume0/opasdata/d220001/medias/images/322/2019%3B%3BUR73D-2512%286432%29-6%2C3x3%2C1x2%2C3.JPG","2019-UR73D3ATTE15L0FTR-ND,2019-UR73D3ATTE15L0FCT-ND,2019-UR73D3ATTE15L0FDKR-ND","UR73D3ATTE15L0F","KOA Speer Electronics, Inc.","KOA Speer Electronics, Inc.","RES 15M OHM 1% 1W 2512","4,426","0.96","0","1","Tape & Reel (TR),Cut Tape (CT),Digi-Reel®","UR73","Active","15 mOhms","±1%","1W","Thick Film","Current Sense","±250ppm/°C","-55°C ~ 125°C","2512 (6332 Metric)","2512","0.248"" L x 0.122"" W (6.30mm x 3.10mm)","0.091"" (2.30mm)","2","-","-","https://www.digikey.com/en/products/detail/koa-speer-electronics-inc/UR73D3ATTE15L0F/9845692"
"https://www.koaspeer.com/pdfs/UR73.pdf","//mm.digikey.com/Volume0/opasdata/d220001/medias/images/322/2019%3B%3BUR73D-2512%286432%29-6%2C3x3%2C1x2%2C3.JPG","2019-UR73D3ATTE10L0FTR-ND,2019-UR73D3ATTE10L0FCT-ND,2019-UR73D3ATTE10L0FDKR-ND","UR73D3ATTE10L0F","KOA Speer Electronics, Inc.","KOA Speer Electronics, Inc.","RES 10M OHM 1% 1W 2512","2,942","0.96","0","1","Tape & Reel (TR),Cut Tape (CT),Digi-Reel®","UR73","Active","10 mOhms","±1%","1W","Thick Film","Current Sense","±250ppm/°C","-55°C ~ 125°C","2512 (6332 Metric)","2512","0.248"" L x 0.122"" W (6.30mm x 3.10mm)","0.091"" (2.30mm)","2","-","-","https://www.digikey.com/en/products/detail/koa-speer-electronics-inc/UR73D3ATTE10L0F/9845691"
"https://www.koaspeer.com/pdfs/UR73.pdf","//mm.digikey.com/Volume0/opasdata/d220001/medias/images/323/2019%3B%3BUR73-0805%282012%29-2x1%2C25x0%2C65.JPG","2019-UR732ATTD47L0FTR-ND,2019-UR732ATTD47L0FCT-ND,2019-UR732ATTD47L0FDKR-ND","UR732ATTD47L0F","KOA Speer Electronics, Inc.","KOA Speer Electronics, Inc.","RES 47M OHM 1% 1/3W 0805","18,043","0.59","0","1","Tape & Reel (TR),Cut Tape (CT),Digi-Reel®","UR73","Active","47 mOhms","±1%","0.333W, 1/3W","Thick Film","Current Sense","±100ppm/°C","-55°C ~ 125°C","0805 (2012 Metric)","0805","0.079"" L x 0.049"" W (2.00mm x 1.25mm)","0.026"" (0.65mm)","2","-","-","https://www.digikey.com/en/products/detail/koa-speer-electronics-inc/UR732ATTD47L0F/9834533"
"https://www.koaspeer.com/pdfs/UR73.pdf","//mm.digikey.com/Volume0/opasdata/d220001/medias/images/323/2019%3B%3BUR73-0805%282012%29-2x1%2C25x0%2C65.JPG","2019-UR732ATTD75L0FTR-ND,2019-UR732ATTD75L0FCT-ND,2019-UR732ATTD75L0FDKR-ND","UR732ATTD75L0F","KOA Speer Electronics, Inc.","KOA Speer Electronics, Inc.","RES 75M OHM 1% 1/3W 0805","9,835","0.59","0","1","Tape & Reel (TR),Cut Tape (CT),Digi-Reel®","UR73","Active","75 mOhms","±1%","0.333W, 1/3W","Thick Film","Current Sense","±100ppm/°C","-55°C ~ 125°C","0805 (2012 Metric)","0805","0.079"" L x 0.049"" W (2.00mm x 1.25mm)","0.026"" (0.65mm)","2","-","-","https://www.digikey.com/en/products/detail/koa-speer-electronics-inc/UR732ATTD75L0F/9834537"
"https://www.koaspeer.com/pdfs/UR73.pdf","//mm.digikey.com/Volume0/opasdata/d220001/medias/images/323/2019%3B%3BUR73-0805%282012%29-2x1%2C25x0%2C5.JPG","2019-UR732ATTD82L0FTR-ND,2019-UR732ATTD82L0FCT-ND,2019-UR732ATTD82L0FDKR-ND","UR732ATTD82L0F","KOA Speer Electronics, Inc.","KOA Speer Electronics, Inc.","RES 82M OHM 1% 1/3W 0805","6,967","0.59","0","1","Tape & Reel (TR),Cut Tape (CT),Digi-Reel®","UR73","Active","82 mOhms","±1%","0.333W, 1/3W","Thick Film","Current Sense","±100ppm/°C","-55°C ~ 125°C","0805 (2012 Metric)","0805","0.079"" L x 0.049"" W (2.00mm x 1.25mm)","0.020"" (0.50mm)","2","-","-","https://www.digikey.com/en/products/detail/koa-speer-electronics-inc/UR732ATTD82L0F/9845661"
"https://www.koaspeer.com/pdfs/UR73.pdf","//mm.digikey.com/Volume0/opasdata/d220001/medias/images/323/2019%3B%3BUR73-1206%283216%29-3%2C2x1%2C6x0%2C6.JPG","2019-UR732BTTD30L0FTR-ND,2019-UR732BTTD30L0FCT-ND,2019-UR732BTTD30L0FDKR-ND","UR732BTTD30L0F","KOA Speer Electronics, Inc.","KOA Speer Electronics, Inc.","RESISTOR","8,320","0.63","0","1","Tape & Reel (TR),Cut Tape (CT),Digi-Reel®","UR73","Active","30 mOhms","±1%","0.5W, 1/2W","Thick Film","Current Sense","±200ppm/°C","-55°C ~ 125°C","1206 (3216 Metric)","1206","0.126"" L x 0.063"" W (3.20mm x 1.60mm)","0.028"" (0.70mm)","2","-","-","https://www.digikey.com/en/products/detail/koa-speer-electronics-inc/UR732BTTD30L0F/21679940"
"https://www.koaspeer.com/pdfs/UR73.pdf","//mm.digikey.com/Volume0/opasdata/d220001/medias/images/323/2019%3B%3BUR73-1206%283216%29-3%2C2x1%2C6x0%2C6.JPG","2019-UR732BTTD36L0FTR-ND,2019-UR732BTTD36L0FCT-ND,2019-UR732BTTD36L0FDKR-ND","UR732BTTD36L0F","KOA Speer Electronics, Inc.","KOA Speer Electronics, Inc.","RES 36M OHM 1% 1/2W 1206","4,503","0.63","0","1","Tape & Reel (TR),Cut Tape (CT),Digi-Reel®","UR73","Active","36 mOhms","±1%","0.5W, 1/2W","Thick Film","Current Sense","±200ppm/°C","-55°C ~ 125°C","1206 (3216 Metric)","1206","0.126"" L x 0.063"" W (3.20mm x 1.60mm)","0.024"" (0.60mm)","2","-","-","https://www.digikey.com/en/products/detail/koa-speer-electronics-inc/UR732BTTD36L0F/9845663"
"https://www.koaspeer.com/pdfs/UR73.pdf","//mm.digikey.com/Volume0/opasdata/d220001/medias/images/323/2019%3B%3BUR73-1206%283216%29-3%2C2x1%2C6x0%2C6.JPG","2019-UR732BTTD39L0FTR-ND,2019-UR732BTTD39L0FCT-ND,2019-UR732BTTD39L0FDKR-ND","UR732BTTD39L0F","KOA Speer Electronics, Inc.","KOA Speer Electronics, Inc.","RES 39M OHM 1% 1/2W 1206","1,643","0.63","0","1","Tape & Reel (TR),Cut Tape (CT),Digi-Reel®","UR73","Active","39 mOhms","±1%","0.5W, 1/2W","Thick Film","Current Sense","±200ppm/°C","-55°C ~ 125°C","1206 (3216 Metric)","1206","0.126"" L x 0.063"" W (3.20mm x 1.60mm)","0.024"" (0.60mm)","2","-","-","https://www.digikey.com/en/products/detail/koa-speer-electronics-inc/UR732BTTD39L0F/9845664"
"https://www.koaspeer.com/pdfs/UR73.pdf","//mm.digikey.com/Volume0/opasdata/d220001/medias/images/6808/UR73series_2010-5025.jpg","2019-UR73D2HTTE50L0FTR-ND,2019-UR73D2HTTE50L0FCT-ND,2019-UR73D2HTTE50L0FDKR-ND","UR73D2HTTE50L0F","KOA Speer Electronics, Inc.","KOA Speer Electronics, Inc.","RES 50M OHM 1% 3/4W 2010","9,252","0.77","0","1","Tape & Reel (TR),Cut Tape (CT),Digi-Reel®","UR73","Active","50 mOhms","±1%","0.75W, 3/4W","Thick Film","Current Sense","±100ppm/°C","-55°C ~ 125°C","2010 (5025 Metric)","2010","0.197"" L x 0.098"" W (5.00mm x 2.50mm)","0.037"" (0.95mm)","2","-","-","https://www.digikey.com/en/products/detail/koa-speer-electronics-inc/UR73D2HTTE50L0F/9845689"
"https://www.koaspeer.com/pdfs/UR73.pdf","//mm.digikey.com/Volume0/opasdata/d220001/medias/images/6808/UR73series_2010-5025.jpg","2019-UR73D2HTTE47L0FTR-ND,2019-UR73D2HTTE47L0FCT-ND,2019-UR73D2HTTE47L0FDKR-ND","UR73D2HTTE47L0F","KOA Speer Electronics, Inc.","KOA Speer Electronics, Inc.","RES 47M OHM 1% 3/4W 2010","3,670","0.77","0","1","Tape & Reel (TR),Cut Tape (CT),Digi-Reel®","UR73","Active","47 mOhms","±1%","0.75W, 3/4W","Thick Film","Current Sense","±100ppm/°C","-55°C ~ 125°C","2010 (5025 Metric)","2010","0.197"" L x 0.098"" W (5.00mm x 2.50mm)","0.037"" (0.95mm)","2","-","-","https://www.digikey.com/en/products/detail/koa-speer-electronics-inc/UR73D2HTTE47L0F/9845688"
"https://www.koaspeer.com/pdfs/UR73.pdf","//mm.digikey.com/Volume0/opasdata/d220001/medias/images/6808/UR73series_2010-5025.jpg","2019-UR73D2HTTE68L0FTR-ND,2019-UR73D2HTTE68L0FCT-ND,2019-UR73D2HTTE68L0FDKR-ND","UR73D2HTTE68L0F","KOA Speer Electronics, Inc.","KOA Speer Electronics, Inc.","RESISTOR","3,200","0.77","0","1","Tape & Reel (TR),Cut Tape (CT),Digi-Reel®","UR73","Active","68 mOhms","±1%","0.75W, 3/4W","Thick Film","Current Sense","±100ppm/°C","-55°C ~ 125°C","2010 (5025 Metric)","2010","0.197"" L x 0.098"" W (5.00mm x 2.50mm)","0.030"" (0.75mm)","2","-","-","https://www.digikey.com/en/products/detail/koa-speer-electronics-inc/UR73D2HTTE68L0F/21782828"
"https://www.koaspeer.com/pdfs/UR73.pdf","//mm.digikey.com/Volume0/opasdata/d220001/medias/images/6808/UR73series_2010-5025.jpg","2019-UR73D2HTTE20L0FTR-ND,2019-UR73D2HTTE20L0FCT-ND,2019-UR73D2HTTE20L0FDKR-ND","UR73D2HTTE20L0F","KOA Speer Electronics, Inc.","KOA Speer Electronics, Inc.","RES 20M OHM 1% 3/4W 2010","3,390","0.81","0","1","Tape & Reel (TR),Cut Tape (CT),Digi-Reel®","UR73","Active","20 mOhms","±1%","0.75W, 3/4W","Thick Film","Current Sense","±250ppm/°C","-55°C ~ 125°C","2010 (5025 Metric)","2010","0.197"" L x 0.098"" W (5.00mm x 2.50mm)","0.075"" (1.90mm)","2","-","-","https://www.digikey.com/en/products/detail/koa-speer-electronics-inc/UR73D2HTTE20L0F/9845687"
"https://www.koaspeer.com/pdfs/UR73.pdf","//mm.digikey.com/Volume0/opasdata/d220001/medias/images/322/2019%3B%3BUR73D-2512%286432%29-6%2C3x3%2C1x1%2C1.JPG","2019-UR73D3ATTE75L0FTR-ND,2019-UR73D3ATTE75L0FCT-ND,2019-UR73D3ATTE75L0FDKR-ND","UR73D3ATTE75L0F","KOA Speer Electronics, Inc.","KOA Speer Electronics, Inc.","RES 75M OHM 1% 1W 2512","2,000","0.96","0","1","Tape & Reel (TR),Cut Tape (CT),Digi-Reel®","UR73","Active","75 mOhms","±1%","1W","Thick Film","Current Sense","±100ppm/°C","-55°C ~ 125°C","2512 (6332 Metric)","2512","0.248"" L x 0.122"" W (6.30mm x 3.10mm)","0.043"" (1.10mm)","2","-","-","https://www.digikey.com/en/products/detail/koa-speer-electronics-inc/UR73D3ATTE75L0F/9845697"
"https://www.koaspeer.com/pdfs/UR73.pdf","//mm.digikey.com/Volume0/opasdata/d220001/medias/images/322/2019%3B%3BUR73D-2512%286432%29-6%2C3x3%2C1x2%2C3.JPG","2019-UR73D3ATTE30L0FTR-ND,2019-UR73D3ATTE30L0FCT-ND,2019-UR73D3ATTE30L0FDKR-ND","UR73D3ATTE30L0F","KOA Speer Electronics, Inc.","KOA Speer Electronics, Inc.","RES 30M OHM 1% 1W 2512","1,469","0.96","0","1","Tape & Reel (TR),Cut Tape (CT),Digi-Reel®","UR73","Active","30 mOhms","±1%","1W","Thick Film","Current Sense","±250ppm/°C","-55°C ~ 125°C","2512 (6332 Metric)","2512","0.248"" L x 0.122"" W (6.30mm x 3.10mm)","0.091"" (2.30mm)","2","-","-","https://www.digikey.com/en/products/detail/koa-speer-electronics-inc/UR73D3ATTE30L0F/9845694"
"https://www.koaspeer.com/pdfs/UR73.pdf","//mm.digikey.com/Volume0/opasdata/d220001/medias/images/322/2019%3B%3BUR73D-2512%286432%29-6%2C3x3%2C1x1%2C1.JPG","2019-UR73D3ATTE39L0FTR-ND,2019-UR73D3ATTE39L0FCT-ND,2019-UR73D3ATTE39L0FDKR-ND","UR73D3ATTE39L0F","KOA Speer Electronics, Inc.","KOA Speer Electronics, Inc.","RES 39M OHM 1% 1W 2512","1,434","1.02","0","1","Tape & Reel (TR),Cut Tape (CT),Digi-Reel®","UR73","Active","39 mOhms","±1%","1W","Thick Film","Current Sense","±100ppm/°C","-55°C ~ 125°C","2512 (6332 Metric)","2512","0.248"" L x 0.122"" W (6.30mm x 3.10mm)","0.043"" (1.10mm)","2","-","-","https://www.digikey.com/en/products/detail/koa-speer-electronics-inc/UR73D3ATTE39L0F/9845695"
"https://www.koaspeer.com/pdfs/UR73.pdf","//mm.digikey.com/Volume0/opasdata/d220001/medias/images/322/2019%3B%3BUR73D-0603%281608%29-1%2C6x0%2C8x0%2C45.JPG","2019-UR73D1JTTD56L0FTR-ND,2019-UR73D1JTTD56L0FCT-ND,2019-UR73D1JTTD56L0FDKR-ND","UR73D1JTTD56L0F","KOA Speer Electronics, Inc.","KOA Speer Electronics, Inc.","RES 56M OHM 1% 1/4W 0603","937","0.59","0","1","Tape & Reel (TR),Cut Tape (CT),Digi-Reel®","UR73","Active","56 mOhms","±1%","0.25W, 1/4W","Thick Film","Current Sense","±100ppm/°C","-55°C ~ 125°C","0603 (1608 Metric)","0603","0.063"" L x 0.031"" W (1.60mm x 0.80mm)","0.018"" (0.45mm)","2","-","-","https://www.digikey.com/en/products/detail/koa-speer-electronics-inc/UR73D1JTTD56L0F/9845677"
"https://www.koaspeer.com/pdfs/UR73.pdf","//mm.digikey.com/Volume0/opasdata/d220001/medias/images/6808/UR73series_2010-5025.jpg","2019-UR73D2HTTE15L0FTR-ND,2019-UR73D2HTTE15L0FCT-ND,2019-UR73D2HTTE15L0FDKR-ND","UR73D2HTTE15L0F","KOA Speer Electronics, Inc.","KOA Speer Electronics, Inc.","RES 15M OHM 1% 3/4W 2010","719","0.77","0","1","Tape & Reel (TR),Cut Tape (CT),Digi-Reel®","UR73","Active","15 mOhms","±1%","0.75W, 3/4W","Thick Film","Current Sense","±250ppm/°C","-55°C ~ 125°C","2010 (5025 Metric)","2010","0.197"" L x 0.098"" W (5.00mm x 2.50mm)","0.075"" (1.90mm)","2","-","-","https://www.digikey.com/en/products/detail/koa-speer-electronics-inc/UR73D2HTTE15L0F/9845686"
"https://www.koaspeer.com/pdfs/UR73.pdf","//mm.digikey.com/Volume0/opasdata/d220001/medias/images/6808/UR73series_2010-5025.jpg","2019-UR73D2HTTE75L0FTR-ND,2019-UR73D2HTTE75L0FCT-ND,2019-UR73D2HTTE75L0FDKR-ND","UR73D2HTTE75L0F","KOA Speer Electronics, Inc.","KOA Speer Electronics, Inc.","RES 75M OHM 1% 3/4W 2010","690","0.77","0","1","Tape & Reel (TR),Cut Tape (CT),Digi-Reel®","UR73","Active","75 mOhms","±1%","0.75W, 3/4W","Thick Film","Current Sense","±100ppm/°C","-55°C ~ 125°C","2010 (5025 Metric)","2010","0.197"" L x 0.098"" W (5.00mm x 2.50mm)","0.037"" (0.95mm)","2","-","-","https://www.digikey.com/en/products/detail/koa-speer-electronics-inc/UR73D2HTTE75L0F/9845690"
"https://www.koaspeer.com/pdfs/UR73.pdf","//mm.digikey.com/Volume0/opasdata/d220001/medias/images/322/2019%3B%3BUR73D-1206%283216%29-3%2C2x1%2C6x1%2C2.JPG","2019-UR73D2BTTD15L0FTR-ND,2019-UR73D2BTTD15L0FCT-ND,2019-UR73D2BTTD15L0FDKR-ND","UR73D2BTTD15L0F","KOA Speer Electronics, Inc.","KOA Speer Electronics, Inc.","RES 15M OHM 1% 1/2W 1206","0","0.63","0","1","Tape & Reel (TR),Cut Tape (CT),Digi-Reel®","UR73","Active","15 mOhms","±1%","0.5W, 1/2W","Thick Film","Current Sense","±200ppm/°C","-55°C ~ 125°C","1206 (3216 Metric)","1206","0.126"" L x 0.063"" W (3.20mm x 1.60mm)","0.047"" (1.20mm)","2","-","-","https://www.digikey.com/en/products/detail/koa-speer-electronics-inc/UR73D2BTTD15L0F/9845683"
