"Parts no","Product","Product status","Catalog / Datasheet","Series/Type","Power Rating (W)","Chip Size (LxW(EIA)) (mm)","Resistance Values (Ω)","Resistance Tolerance (%)","Packaging","T.C.R (×10⁻⁶/K)"
"ERJT14J100U","Small & High Power Chip Resistors","Active","https://industrial.panasonic.com/cdbs/www-data/pdf/RDO0000/RDO0000C334.pdf","Anti-Pulse High Power Thick Film Chip Resistors","0.500","3.2 x 2.5 (EIA:1210)","10.0000","5","Embossed Taping","±200"
"ERJT14J101U","Small & High Power Chip Resistors","Active","https://industrial.panasonic.com/cdbs/www-data/pdf/RDO0000/RDO0000C334.pdf","Anti-Pulse High Power Thick Film Chip Resistors","0.500","3.2 x 2.5 (EIA:1210)","100.0000","5","Embossed Taping","±200"
"ERJT14J102U","Small & High Power Chip Resistors","Active","https://industrial.panasonic.com/cdbs/www-data/pdf/RDO0000/RDO0000C334.pdf","Anti-Pulse High Power Thick Film Chip Resistors","0.500","3.2 x 2.5 (EIA:1210)","1000.0000","5","Embossed Taping","±200"
"ERJT14J103U","Small & High Power Chip Resistors","Active","https://industrial.panasonic.com/cdbs/www-data/pdf/RDO0000/RDO0000C334.pdf","Anti-Pulse High Power Thick Film Chip Resistors","0.500","3.2 x 2.5 (EIA:1210)","10000.0000","5","Embossed Taping","±200"
"ERJT14J104U","Small & High Power Chip Resistors","Active","https://industrial.panasonic.com/cdbs/www-data/pdf/RDO0000/RDO0000C334.pdf","Anti-Pulse High Power Thick Film Chip Resistors","0.500","3.2 x 2.5 (EIA:1210)","100000.0000","5","Embossed Taping","±200"
"ERJT14J105U","Small & High Power Chip Resistors","Active","https://industrial.panasonic.com/cdbs/www-data/pdf/RDO0000/RDO0000C334.pdf","Anti-Pulse High Power Thick Film Chip Resistors","0.500","3.2 x 2.5 (EIA:1210)","1000000.0000","5","Embossed Taping","±200"
"ERJT14J110U","Small & High Power Chip Resistors","Active","https://industrial.panasonic.com/cdbs/www-data/pdf/RDO0000/RDO0000C334.pdf","Anti-Pulse High Power Thick Film Chip Resistors","0.500","3.2 x 2.5 (EIA:1210)","11.0000","5","Embossed Taping","±200"
"ERJT14J111U","Small & High Power Chip Resistors","Active","https://industrial.panasonic.com/cdbs/www-data/pdf/RDO0000/RDO0000C334.pdf","Anti-Pulse High Power Thick Film Chip Resistors","0.500","3.2 x 2.5 (EIA:1210)","110.0000","5","Embossed Taping","±200"
"ERJT14J112U","Small & High Power Chip Resistors","Active","https://industrial.panasonic.com/cdbs/www-data/pdf/RDO0000/RDO0000C334.pdf","Anti-Pulse High Power Thick Film Chip Resistors","0.500","3.2 x 2.5 (EIA:1210)","1100.0000","5","Embossed Taping","±200"
"ERJT14J113U","Small & High Power Chip Resistors","Active","https://industrial.panasonic.com/cdbs/www-data/pdf/RDO0000/RDO0000C334.pdf","Anti-Pulse High Power Thick Film Chip Resistors","0.500","3.2 x 2.5 (EIA:1210)","11000.0000","5","Embossed Taping","±200"
"ERJT14J114U","Small & High Power Chip Resistors","Active","https://industrial.panasonic.com/cdbs/www-data/pdf/RDO0000/RDO0000C334.pdf","Anti-Pulse High Power Thick Film Chip Resistors","0.500","3.2 x 2.5 (EIA:1210)","110000.0000","5","Embossed Taping","±200"
"ERJT14J120U","Small & High Power Chip Resistors","Active","https://industrial.panasonic.com/cdbs/www-data/pdf/RDO0000/RDO0000C334.pdf","Anti-Pulse High Power Thick Film Chip Resistors","0.500","3.2 x 2.5 (EIA:1210)","12.0000","5","Embossed Taping","±200"
"ERJT14J121U","Small & High Power Chip Resistors","Active","https://industrial.panasonic.com/cdbs/www-data/pdf/RDO0000/RDO0000C334.pdf","Anti-Pulse High Power Thick Film Chip Resistors","0.500","3.2 x 2.5 (EIA:1210)","120.0000","5","Embossed Taping","±200"
"ERJT14J122U","Small & High Power Chip Resistors","Active","https://industrial.panasonic.com/cdbs/www-data/pdf/RDO0000/RDO0000C334.pdf","Anti-Pulse High Power Thick Film Chip Resistors","0.500","3.2 x 2.5 (EIA:1210)","1200.0000","5","Embossed Taping","±200"
"ERJT14J123U","Small & High Power Chip Resistors","Active","https://industrial.panasonic.com/cdbs/www-data/pdf/RDO0000/RDO0000C334.pdf","Anti-Pulse High Power Thick Film Chip Resistors","0.500","3.2 x 2.5 (EIA:1210)","12000.0000","5","Embossed Taping","±200"
"ERJT14J124U","Small & High Power Chip Resistors","Active","https://industrial.panasonic.com/cdbs/www-data/pdf/RDO0000/RDO0000C334.pdf","Anti-Pulse High Power Thick Film Chip Resistors","0.500","3.2 x 2.5 (EIA:1210)","120000.0000","5","Embossed Taping","±200"
"ERJT14J130U","Small & High Power Chip Resistors","Active","https://industrial.panasonic.com/cdbs/www-data/pdf/RDO0000/RDO0000C334.pdf","Anti-Pulse High Power Thick Film Chip Resistors","0.500","3.2 x 2.5 (EIA:1210)","13.0000","5","Embossed Taping","±200"
"ERJT14J131U","Small & High Power Chip Resistors","Active","https://industrial.panasonic.com/cdbs/www-data/pdf/RDO0000/RDO0000C334.pdf","Anti-Pulse High Power Thick Film Chip Resistors","0.500","3.2 x 2.5 (EIA:1210)","130.0000","5","Embossed Taping","±200"
"ERJT14J132U","Small & High Power Chip Resistors","Active","https://industrial.panasonic.com/cdbs/www-data/pdf/RDO0000/RDO0000C334.pdf","Anti-Pulse High Power Thick Film Chip Resistors","0.500","3.2 x 2.5 (EIA:1210)","1300.0000","5","Embossed Taping","±200"
"ERJT14J133U","Small & High Power Chip Resistors","Active","https://industrial.panasonic.com/cdbs/www-data/pdf/RDO0000/RDO0000C334.pdf","Anti-Pulse High Power Thick Film Chip Resistors","0.500","3.2 x 2.5 (EIA:1210)","13000.0000","5","Embossed Taping","±200"
"ERJT14J134U","Small & High Power Chip Resistors","Active","https://industrial.panasonic.com/cdbs/www-data/pdf/RDO0000/RDO0000C334.pdf","Anti-Pulse High Power Thick Film Chip Resistors","0.500","3.2 x 2.5 (EIA:1210)","130000.0000","5","Embossed Taping","±200"
"ERJT14J150U","Small & High Power Chip Resistors","Active","https://industrial.panasonic.com/cdbs/www-data/pdf/RDO0000/RDO0000C334.pdf","Anti-Pulse High Power Thick Film Chip Resistors","0.500","3.2 x 2.5 (EIA:1210)","15.0000","5","Embossed Taping","±200"
"ERJT14J151U","Small & High Power Chip Resistors","Active","https://industrial.panasonic.com/cdbs/www-data/pdf/RDO0000/RDO0000C334.pdf","Anti-Pulse High Power Thick Film Chip Resistors","0.500","3.2 x 2.5 (EIA:1210)","150.0000","5","Embossed Taping","±200"
"ERJT14J152U","Small & High Power Chip Resistors","Active","https://industrial.panasonic.com/cdbs/www-data/pdf/RDO0000/RDO0000C334.pdf","Anti-Pulse High Power Thick Film Chip Resistors","0.500","3.2 x 2.5 (EIA:1210)","1500.0000","5","Embossed Taping","±200"
"ERJT14J153U","Small & High Power Chip Resistors","Active","https://industrial.panasonic.com/cdbs/www-data/pdf/RDO0000/RDO0000C334.pdf","Anti-Pulse High Power Thick Film Chip Resistors","0.500","3.2 x 2.5 (EIA:1210)","15000.0000","5","Embossed Taping","±200"
"ERJT14J154U","Small & High Power Chip Resistors","Active","https://industrial.panasonic.com/cdbs/www-data/pdf/RDO0000/RDO0000C334.pdf","Anti-Pulse High Power Thick Film Chip Resistors","0.500","3.2 x 2.5 (EIA:1210)","150000.0000","5","Embossed Taping","±200"
"ERJT14J160U","Small & High Power Chip Resistors","Active","https://industrial.panasonic.com/cdbs/www-data/pdf/RDO0000/RDO0000C334.pdf","Anti-Pulse High Power Thick Film Chip Resistors","0.500","3.2 x 2.5 (EIA:1210)","16.0000","5","Embossed Taping","±200"
"ERJT14J161U","Small & High Power Chip Resistors","Active","https://industrial.panasonic.com/cdbs/www-data/pdf/RDO0000/RDO0000C334.pdf","Anti-Pulse High Power Thick Film Chip Resistors","0.500","3.2 x 2.5 (EIA:1210)","160.0000","5","Embossed Taping","±200"
"ERJT14J162U","Small & High Power Chip Resistors","Active","https://industrial.panasonic.com/cdbs/www-data/pdf/RDO0000/RDO0000C334.pdf","Anti-Pulse High Power Thick Film Chip Resistors","0.500","3.2 x 2.5 (EIA:1210)","1600.0000","5","Embossed Taping","±200"
"ERJT14J163U","Small & High Power Chip Resistors","Active","https://industrial.panasonic.com/cdbs/www-data/pdf/RDO0000/RDO0000C334.pdf","Anti-Pulse High Power Thick Film Chip Resistors","0.500","3.2 x 2.5 (EIA:1210)","16000.0000","5","Embossed Taping","±200"
"ERJT14J164U","Small & High Power Chip Resistors","Active","https://industrial.panasonic.com/cdbs/www-data/pdf/RDO0000/RDO0000C334.pdf","Anti-Pulse High Power Thick Film Chip Resistors","0.500","3.2 x 2.5 (EIA:1210)","160000.0000","5","Embossed Taping","±200"
"ERJT14J180U","Small & High Power Chip Resistors","Active","https://industrial.panasonic.com/cdbs/www-data/pdf/RDO0000/RDO0000C334.pdf","Anti-Pulse High Power Thick Film Chip Resistors","0.500","3.2 x 2.5 (EIA:1210)","18.0000","5","Embossed Taping","±200"
"ERJT14J181U","Small & High Power Chip Resistors","Active","https://industrial.panasonic.com/cdbs/www-data/pdf/RDO0000/RDO0000C334.pdf","Anti-Pulse High Power Thick Film Chip Resistors","0.500","3.2 x 2.5 (EIA:1210)","180.0000","5","Embossed Taping","±200"
"ERJT14J182U","Small & High Power Chip Resistors","Active","https://industrial.panasonic.com/cdbs/www-data/pdf/RDO0000/RDO0000C334.pdf","Anti-Pulse High Power Thick Film Chip Resistors","0.500","3.2 x 2.5 (EIA:1210)","1800.0000","5","Embossed Taping","±200"
"ERJT14J183U","Small & High Power Chip Resistors","Active","https://industrial.panasonic.com/cdbs/www-data/pdf/RDO0000/RDO0000C334.pdf","Anti-Pulse High Power Thick Film Chip Resistors","0.500","3.2 x 2.5 (EIA:1210)","18000.0000","5","Embossed Taping","±200"
"ERJT14J184U","Small & High Power Chip Resistors","Active","https://industrial.panasonic.com/cdbs/www-data/pdf/RDO0000/RDO0000C334.pdf","Anti-Pulse High Power Thick Film Chip Resistors","0.500","3.2 x 2.5 (EIA:1210)","180000.0000","5","Embossed Taping","±200"
"ERJT14J1R0U","Small & High Power Chip Resistors","Active","https://industrial.panasonic.com/cdbs/www-data/pdf/RDO0000/RDO0000C334.pdf","Anti-Pulse High Power Thick Film Chip Resistors","0.500","3.2 x 2.5 (EIA:1210)","1.0000","5","Embossed Taping","-100 to +600"
"ERJT14J1R1U","Small & High Power Chip Resistors","Active","https://industrial.panasonic.com/cdbs/www-data/pdf/RDO0000/RDO0000C334.pdf","Anti-Pulse High Power Thick Film Chip Resistors","0.500","3.2 x 2.5 (EIA:1210)","1.1000","5","Embossed Taping","-100 to +600"
"ERJT14J1R2U","Small & High Power Chip Resistors","Active","https://industrial.panasonic.com/cdbs/www-data/pdf/RDO0000/RDO0000C334.pdf","Anti-Pulse High Power Thick Film Chip Resistors","0.500","3.2 x 2.5 (EIA:1210)","1.2000","5","Embossed Taping","-100 to +600"
"ERJT14J1R3U","Small & High Power Chip Resistors","Active","https://industrial.panasonic.com/cdbs/www-data/pdf/RDO0000/RDO0000C334.pdf","Anti-Pulse High Power Thick Film Chip Resistors","0.500","3.2 x 2.5 (EIA:1210)","1.3000","5","Embossed Taping","-100 to +600"
"ERJT14J1R5U","Small & High Power Chip Resistors","Active","https://industrial.panasonic.com/cdbs/www-data/pdf/RDO0000/RDO0000C334.pdf","Anti-Pulse High Power Thick Film Chip Resistors","0.500","3.2 x 2.5 (EIA:1210)","1.5000","5","Embossed Taping","-100 to +600"
"ERJT14J1R6U","Small & High Power Chip Resistors","Active","https://industrial.panasonic.com/cdbs/www-data/pdf/RDO0000/RDO0000C334.pdf","Anti-Pulse High Power Thick Film Chip Resistors","0.500","3.2 x 2.5 (EIA:1210)","1.6000","5","Embossed Taping","-100 to +600"
"ERJT14J1R8U","Small & High Power Chip Resistors","Active","https://industrial.panasonic.com/cdbs/www-data/pdf/RDO0000/RDO0000C334.pdf","Anti-Pulse High Power Thick Film Chip Resistors","0.500","3.2 x 2.5 (EIA:1210)","1.8000","5","Embossed Taping","-100 to +600"
"ERJT14J200U","Small & High Power Chip Resistors","Active","https://industrial.panasonic.com/cdbs/www-data/pdf/RDO0000/RDO0000C334.pdf","Anti-Pulse High Power Thick Film Chip Resistors","0.500","3.2 x 2.5 (EIA:1210)","20.0000","5","Embossed Taping","±200"
"ERJT14J201U","Small & High Power Chip Resistors","Active","https://industrial.panasonic.com/cdbs/www-data/pdf/RDO0000/RDO0000C334.pdf","Anti-Pulse High Power Thick Film Chip Resistors","0.500","3.2 x 2.5 (EIA:1210)","200.0000","5","Embossed Taping","±200"
"ERJT14J202U","Small & High Power Chip Resistors","Active","https://industrial.panasonic.com/cdbs/www-data/pdf/RDO0000/RDO0000C334.pdf","Anti-Pulse High Power Thick Film Chip Resistors","0.500","3.2 x 2.5 (EIA:1210)","2000.0000","5","Embossed Taping","±200"
"ERJT14J203U","Small & High Power Chip Resistors","Active","https://industrial.panasonic.com/cdbs/www-data/pdf/RDO0000/RDO0000C334.pdf","Anti-Pulse High Power Thick Film Chip Resistors","0.500","3.2 x 2.5 (EIA:1210)","20000.0000","5","Embossed Taping","±200"
"ERJT14J204U","Small & High Power Chip Resistors","Active","https://industrial.panasonic.com/cdbs/www-data/pdf/RDO0000/RDO0000C334.pdf","Anti-Pulse High Power Thick Film Chip Resistors","0.500","3.2 x 2.5 (EIA:1210)","200000.0000","5","Embossed Taping","±200"
"ERJT14J220U","Small & High Power Chip Resistors","Active","https://industrial.panasonic.com/cdbs/www-data/pdf/RDO0000/RDO0000C334.pdf","Anti-Pulse High Power Thick Film Chip Resistors","0.500","3.2 x 2.5 (EIA:1210)","22.0000","5","Embossed Taping","±200"
"ERJT14J221U","Small & High Power Chip Resistors","Active","https://industrial.panasonic.com/cdbs/www-data/pdf/RDO0000/RDO0000C334.pdf","Anti-Pulse High Power Thick Film Chip Resistors","0.500","3.2 x 2.5 (EIA:1210)","220.0000","5","Embossed Taping","±200"
"ERJT14J222U","Small & High Power Chip Resistors","Active","https://industrial.panasonic.com/cdbs/www-data/pdf/RDO0000/RDO0000C334.pdf","Anti-Pulse High Power Thick Film Chip Resistors","0.500","3.2 x 2.5 (EIA:1210)","2200.0000","5","Embossed Taping","±200"
"ERJT14J223U","Small & High Power Chip Resistors","Active","https://industrial.panasonic.com/cdbs/www-data/pdf/RDO0000/RDO0000C334.pdf","Anti-Pulse High Power Thick Film Chip Resistors","0.500","3.2 x 2.5 (EIA:1210)","22000.0000","5","Embossed Taping","±200"
"ERJT14J224U","Small & High Power Chip Resistors","Active","https://industrial.panasonic.com/cdbs/www-data/pdf/RDO0000/RDO0000C334.pdf","Anti-Pulse High Power Thick Film Chip Resistors","0.500","3.2 x 2.5 (EIA:1210)","220000.0000","5","Embossed Taping","±200"
"ERJT14J240U","Small & High Power Chip Resistors","Active","https://industrial.panasonic.com/cdbs/www-data/pdf/RDO0000/RDO0000C334.pdf","Anti-Pulse High Power Thick Film Chip Resistors","0.500","3.2 x 2.5 (EIA:1210)","24.0000","5","Embossed Taping","±200"
"ERJT14J241U","Small & High Power Chip Resistors","Active","https://industrial.panasonic.com/cdbs/www-data/pdf/RDO0000/RDO0000C334.pdf","Anti-Pulse High Power Thick Film Chip Resistors","0.500","3.2 x 2.5 (EIA:1210)","240.0000","5","Embossed Taping","±200"
"ERJT14J242U","Small & High Power Chip Resistors","Active","https://industrial.panasonic.com/cdbs/www-data/pdf/RDO0000/RDO0000C334.pdf","Anti-Pulse High Power Thick Film Chip Resistors","0.500","3.2 x 2.5 (EIA:1210)","2400.0000","5","Embossed Taping","±200"
"ERJT14J243U","Small & High Power Chip Resistors","Active","https://industrial.panasonic.com/cdbs/www-data/pdf/RDO0000/RDO0000C334.pdf","Anti-Pulse High Power Thick Film Chip Resistors","0.500","3.2 x 2.5 (EIA:1210)","24000.0000","5","Embossed Taping","±200"
"ERJT14J244U","Small & High Power Chip Resistors","Active","https://industrial.panasonic.com/cdbs/www-data/pdf/RDO0000/RDO0000C334.pdf","Anti-Pulse High Power Thick Film Chip Resistors","0.500","3.2 x 2.5 (EIA:1210)","240000.0000","5","Embossed Taping","±200"
"ERJT14J270U","Small & High Power Chip Resistors","Active","https://industrial.panasonic.com/cdbs/www-data/pdf/RDO0000/RDO0000C334.pdf","Anti-Pulse High Power Thick Film Chip Resistors","0.500","3.2 x 2.5 (EIA:1210)","27.0000","5","Embossed Taping","±200"
"ERJT14J271U","Small & High Power Chip Resistors","Active","https://industrial.panasonic.com/cdbs/www-data/pdf/RDO0000/RDO0000C334.pdf","Anti-Pulse High Power Thick Film Chip Resistors","0.500","3.2 x 2.5 (EIA:1210)","270.0000","5","Embossed Taping","±200"
"ERJT14J272U","Small & High Power Chip Resistors","Active","https://industrial.panasonic.com/cdbs/www-data/pdf/RDO0000/RDO0000C334.pdf","Anti-Pulse High Power Thick Film Chip Resistors","0.500","3.2 x 2.5 (EIA:1210)","2700.0000","5","Embossed Taping","±200"
"ERJT14J273U","Small & High Power Chip Resistors","Active","https://industrial.panasonic.com/cdbs/www-data/pdf/RDO0000/RDO0000C334.pdf","Anti-Pulse High Power Thick Film Chip Resistors","0.500","3.2 x 2.5 (EIA:1210)","27000.0000","5","Embossed Taping","±200"
"ERJT14J274U","Small & High Power Chip Resistors","Active","https://industrial.panasonic.com/cdbs/www-data/pdf/RDO0000/RDO0000C334.pdf","Anti-Pulse High Power Thick Film Chip Resistors","0.500","3.2 x 2.5 (EIA:1210)","270000.0000","5","Embossed Taping","±200"
"ERJT14J2R0U","Small & High Power Chip Resistors","Active","https://industrial.panasonic.com/cdbs/www-data/pdf/RDO0000/RDO0000C334.pdf","Anti-Pulse High Power Thick Film Chip Resistors","0.500","3.2 x 2.5 (EIA:1210)","2.0000","5","Embossed Taping","-100 to +600"
"ERJT14J2R2U","Small & High Power Chip Resistors","Active","https://industrial.panasonic.com/cdbs/www-data/pdf/RDO0000/RDO0000C334.pdf","Anti-Pulse High Power Thick Film Chip Resistors","0.500","3.2 x 2.5 (EIA:1210)","2.2000","5","Embossed Taping","-100 to +600"
"ERJT14J2R4U","Small & High Power Chip Resistors","Active","https://industrial.panasonic.com/cdbs/www-data/pdf/RDO0000/RDO0000C334.pdf","Anti-Pulse High Power Thick Film Chip Resistors","0.500","3.2 x 2.5 (EIA:1210)","2.4000","5","Embossed Taping","-100 to +600"
"ERJT14J2R7U","Small & High Power Chip Resistors","Active","https://industrial.panasonic.com/cdbs/www-data/pdf/RDO0000/RDO0000C334.pdf","Anti-Pulse High Power Thick Film Chip Resistors","0.500","3.2 x 2.5 (EIA:1210)","2.7000","5","Embossed Taping","-100 to +600"
"ERJT14J300U","Small & High Power Chip Resistors","Active","https://industrial.panasonic.com/cdbs/www-data/pdf/RDO0000/RDO0000C334.pdf","Anti-Pulse High Power Thick Film Chip Resistors","0.500","3.2 x 2.5 (EIA:1210)","30.0000","5","Embossed Taping","±200"
"ERJT14J301U","Small & High Power Chip Resistors","Active","https://industrial.panasonic.com/cdbs/www-data/pdf/RDO0000/RDO0000C334.pdf","Anti-Pulse High Power Thick Film Chip Resistors","0.500","3.2 x 2.5 (EIA:1210)","300.0000","5","Embossed Taping","±200"
"ERJT14J302U","Small & High Power Chip Resistors","Active","https://industrial.panasonic.com/cdbs/www-data/pdf/RDO0000/RDO0000C334.pdf","Anti-Pulse High Power Thick Film Chip Resistors","0.500","3.2 x 2.5 (EIA:1210)","3000.0000","5","Embossed Taping","±200"
"ERJT14J303U","Small & High Power Chip Resistors","Active","https://industrial.panasonic.com/cdbs/www-data/pdf/RDO0000/RDO0000C334.pdf","Anti-Pulse High Power Thick Film Chip Resistors","0.500","3.2 x 2.5 (EIA:1210)","30000.0000","5","Embossed Taping","±200"
"ERJT14J304U","Small & High Power Chip Resistors","Active","https://industrial.panasonic.com/cdbs/www-data/pdf/RDO0000/RDO0000C334.pdf","Anti-Pulse High Power Thick Film Chip Resistors","0.500","3.2 x 2.5 (EIA:1210)","300000.0000","5","Embossed Taping","±200"
"ERJT14J330U","Small & High Power Chip Resistors","Active","https://industrial.panasonic.com/cdbs/www-data/pdf/RDO0000/RDO0000C334.pdf","Anti-Pulse High Power Thick Film Chip Resistors","0.500","3.2 x 2.5 (EIA:1210)","33.0000","5","Embossed Taping","±200"
"ERJT14J331U","Small & High Power Chip Resistors","Active","https://industrial.panasonic.com/cdbs/www-data/pdf/RDO0000/RDO0000C334.pdf","Anti-Pulse High Power Thick Film Chip Resistors","0.500","3.2 x 2.5 (EIA:1210)","330.0000","5","Embossed Taping","±200"
"ERJT14J332U","Small & High Power Chip Resistors","Active","https://industrial.panasonic.com/cdbs/www-data/pdf/RDO0000/RDO0000C334.pdf","Anti-Pulse High Power Thick Film Chip Resistors","0.500","3.2 x 2.5 (EIA:1210)","3300.0000","5","Embossed Taping","±200"
"ERJT14J333U","Small & High Power Chip Resistors","Active","https://industrial.panasonic.com/cdbs/www-data/pdf/RDO0000/RDO0000C334.pdf","Anti-Pulse High Power Thick Film Chip Resistors","0.500","3.2 x 2.5 (EIA:1210)","33000.0000","5","Embossed Taping","±200"
"ERJT14J334U","Small & High Power Chip Resistors","Active","https://industrial.panasonic.com/cdbs/www-data/pdf/RDO0000/RDO0000C334.pdf","Anti-Pulse High Power Thick Film Chip Resistors","0.500","3.2 x 2.5 (EIA:1210)","330000.0000","5","Embossed Taping","±200"
"ERJT14J360U","Small & High Power Chip Resistors","Active","https://industrial.panasonic.com/cdbs/www-data/pdf/RDO0000/RDO0000C334.pdf","Anti-Pulse High Power Thick Film Chip Resistors","0.500","3.2 x 2.5 (EIA:1210)","36.0000","5","Embossed Taping","±200"
"ERJT14J361U","Small & High Power Chip Resistors","Active","https://industrial.panasonic.com/cdbs/www-data/pdf/RDO0000/RDO0000C334.pdf","Anti-Pulse High Power Thick Film Chip Resistors","0.500","3.2 x 2.5 (EIA:1210)","360.0000","5","Embossed Taping","±200"
"ERJT14J362U","Small & High Power Chip Resistors","Active","https://industrial.panasonic.com/cdbs/www-data/pdf/RDO0000/RDO0000C334.pdf","Anti-Pulse High Power Thick Film Chip Resistors","0.500","3.2 x 2.5 (EIA:1210)","3600.0000","5","Embossed Taping","±200"
"ERJT14J363U","Small & High Power Chip Resistors","Active","https://industrial.panasonic.com/cdbs/www-data/pdf/RDO0000/RDO0000C334.pdf","Anti-Pulse High Power Thick Film Chip Resistors","0.500","3.2 x 2.5 (EIA:1210)","36000.0000","5","Embossed Taping","±200"
"ERJT14J364U","Small & High Power Chip Resistors","Active","https://industrial.panasonic.com/cdbs/www-data/pdf/RDO0000/RDO0000C334.pdf","Anti-Pulse High Power Thick Film Chip Resistors","0.500","3.2 x 2.5 (EIA:1210)","360000.0000","5","Embossed Taping","±200"
"ERJT14J390U","Small & High Power Chip Resistors","Active","https://industrial.panasonic.com/cdbs/www-data/pdf/RDO0000/RDO0000C334.pdf","Anti-Pulse High Power Thick Film Chip Resistors","0.500","3.2 x 2.5 (EIA:1210)","39.0000","5","Embossed Taping","±200"
"ERJT14J391U","Small & High Power Chip Resistors","Active","https://industrial.panasonic.com/cdbs/www-data/pdf/RDO0000/RDO0000C334.pdf","Anti-Pulse High Power Thick Film Chip Resistors","0.500","3.2 x 2.5 (EIA:1210)","390.0000","5","Embossed Taping","±200"
"ERJT14J392U","Small & High Power Chip Resistors","Active","https://industrial.panasonic.com/cdbs/www-data/pdf/RDO0000/RDO0000C334.pdf","Anti-Pulse High Power Thick Film Chip Resistors","0.500","3.2 x 2.5 (EIA:1210)","3900.0000","5","Embossed Taping","±200"
"ERJT14J393U","Small & High Power Chip Resistors","Active","https://industrial.panasonic.com/cdbs/www-data/pdf/RDO0000/RDO0000C334.pdf","Anti-Pulse High Power Thick Film Chip Resistors","0.500","3.2 x 2.5 (EIA:1210)","39000.0000","5","Embossed Taping","±200"
"ERJT14J394U","Small & High Power Chip Resistors","Active","https://industrial.panasonic.com/cdbs/www-data/pdf/RDO0000/RDO0000C334.pdf","Anti-Pulse High Power Thick Film Chip Resistors","0.500","3.2 x 2.5 (EIA:1210)","390000.0000","5","Embossed Taping","±200"
"ERJT14J3R0U","Small & High Power Chip Resistors","Active","https://industrial.panasonic.com/cdbs/www-data/pdf/RDO0000/RDO0000C334.pdf","Anti-Pulse High Power Thick Film Chip Resistors","0.500","3.2 x 2.5 (EIA:1210)","3.0000","5","Embossed Taping","-100 to +600"
"ERJT14J3R3U","Small & High Power Chip Resistors","Active","https://industrial.panasonic.com/cdbs/www-data/pdf/RDO0000/RDO0000C334.pdf","Anti-Pulse High Power Thick Film Chip Resistors","0.500","3.2 x 2.5 (EIA:1210)","3.3000","5","Embossed Taping","-100 to +600"
"ERJT14J3R6U","Small & High Power Chip Resistors","Active","https://industrial.panasonic.com/cdbs/www-data/pdf/RDO0000/RDO0000C334.pdf","Anti-Pulse High Power Thick Film Chip Resistors","0.500","3.2 x 2.5 (EIA:1210)","3.6000","5","Embossed Taping","-100 to +600"
"ERJT14J3R9U","Small & High Power Chip Resistors","Active","https://industrial.panasonic.com/cdbs/www-data/pdf/RDO0000/RDO0000C334.pdf","Anti-Pulse High Power Thick Film Chip Resistors","0.500","3.2 x 2.5 (EIA:1210)","3.9000","5","Embossed Taping","-100 to +600"
"ERJT14J430U","Small & High Power Chip Resistors","Active","https://industrial.panasonic.com/cdbs/www-data/pdf/RDO0000/RDO0000C334.pdf","Anti-Pulse High Power Thick Film Chip Resistors","0.500","3.2 x 2.5 (EIA:1210)","43.0000","5","Embossed Taping","±200"
"ERJT14J431U","Small & High Power Chip Resistors","Active","https://industrial.panasonic.com/cdbs/www-data/pdf/RDO0000/RDO0000C334.pdf","Anti-Pulse High Power Thick Film Chip Resistors","0.500","3.2 x 2.5 (EIA:1210)","430.0000","5","Embossed Taping","±200"
"ERJT14J432U","Small & High Power Chip Resistors","Active","https://industrial.panasonic.com/cdbs/www-data/pdf/RDO0000/RDO0000C334.pdf","Anti-Pulse High Power Thick Film Chip Resistors","0.500","3.2 x 2.5 (EIA:1210)","4300.0000","5","Embossed Taping","±200"
"ERJT14J433U","Small & High Power Chip Resistors","Active","https://industrial.panasonic.com/cdbs/www-data/pdf/RDO0000/RDO0000C334.pdf","Anti-Pulse High Power Thick Film Chip Resistors","0.500","3.2 x 2.5 (EIA:1210)","43000.0000","5","Embossed Taping","±200"
"ERJT14J434U","Small & High Power Chip Resistors","Active","https://industrial.panasonic.com/cdbs/www-data/pdf/RDO0000/RDO0000C334.pdf","Anti-Pulse High Power Thick Film Chip Resistors","0.500","3.2 x 2.5 (EIA:1210)","430000.0000","5","Embossed Taping","±200"
"ERJT14J470U","Small & High Power Chip Resistors","Active","https://industrial.panasonic.com/cdbs/www-data/pdf/RDO0000/RDO0000C334.pdf","Anti-Pulse High Power Thick Film Chip Resistors","0.500","3.2 x 2.5 (EIA:1210)","47.0000","5","Embossed Taping","±200"
"ERJT14J471U","Small & High Power Chip Resistors","Active","https://industrial.panasonic.com/cdbs/www-data/pdf/RDO0000/RDO0000C334.pdf","Anti-Pulse High Power Thick Film Chip Resistors","0.500","3.2 x 2.5 (EIA:1210)","470.0000","5","Embossed Taping","±200"
"ERJT14J472U","Small & High Power Chip Resistors","Active","https://industrial.panasonic.com/cdbs/www-data/pdf/RDO0000/RDO0000C334.pdf","Anti-Pulse High Power Thick Film Chip Resistors","0.500","3.2 x 2.5 (EIA:1210)","4700.0000","5","Embossed Taping","±200"
"ERJT14J473U","Small & High Power Chip Resistors","Active","https://industrial.panasonic.com/cdbs/www-data/pdf/RDO0000/RDO0000C334.pdf","Anti-Pulse High Power Thick Film Chip Resistors","0.500","3.2 x 2.5 (EIA:1210)","47000.0000","5","Embossed Taping","±200"
