"Model","Distributor Inventory","Status","Features","Nominal frequency","Specification number","Package size(LxW)","Package size(H)","Sealing method","TerminalÅiNumber/ Form)","Operating temperature rang","Storage temperature range","Overtone order","Frequency tolerance","Frequency temperature characteristics","Equivalent series resistance","Level of drive","Load capacitance","RoHS","Pb Free","AEC"
"NX1612SA","https://dilp.netcomponents.com/cgi-bin/ndk.asp?Region=AM&mode=1&partnumber1=STDCIC124M","Production","Standard (Automotive)","24","STD-CIC-1","1.6Å~1.2","0.3","Seam","4","-40Å`+125","-40Å`+125","Fundamental","Å}15","Å}50","150","10 (Max.200)","8 (IEC)","Yes","Yes","Yes"
"NX1612SA","https://dilp.netcomponents.com/cgi-bin/ndk.asp?Region=AM&mode=1&partnumber1=STDCIC125M","Production","Standard (Automotive)","25","STD-CIC-1","1.6Å~1.2","0.3","Seam","4","-40Å`+125","-40Å`+125","Fundamental","Å}15","Å}50","150","10 (Max.200)","8 (IEC)","Yes","Yes","Yes"
"NX1612SA","https://dilp.netcomponents.com/cgi-bin/ndk.asp?Region=AM&mode=1&partnumber1=STDCIC126M","Production","Standard (Automotive)","26","STD-CIC-1","1.6Å~1.2","0.3","Seam","4","-40Å`+125","-40Å`+125","Fundamental","Å}15","Å}50","150","10 (Max.200)","8 (IEC)","Yes","Yes","Yes"
"NX1612SA","https://dilp.netcomponents.com/cgi-bin/ndk.asp?Region=AM&mode=1&partnumber1=STDCIC127M","Production","Standard (Automotive)","27","STD-CIC-1","1.6Å~1.2","0.3","Seam","4","-40Å`+125","-40Å`+125","Fundamental","Å}15","Å}50","150","10 (Max.200)","8 (IEC)","Yes","Yes","Yes"
"NX1612SA","https://dilp.netcomponents.com/cgi-bin/ndk.asp?Region=AM&mode=1&partnumber1=STDCIC12712M","Production","Standard (Automotive)","27.12","STD-CIC-1","1.6Å~1.2","0.3","Seam","4","-40Å`+125","-40Å`+125","Fundamental","Å}15","Å}50","150","10 (Max.200)","8 (IEC)","Yes","Yes","Yes"
"NX1612SA","https://dilp.netcomponents.com/cgi-bin/ndk.asp?Region=AM&mode=1&partnumber1=STDCIC1276M","Production","Standard (Automotive)","27.6","STD-CIC-1","1.6Å~1.2","0.3","Seam","4","-40Å`+125","-40Å`+125","Fundamental","Å}15","Å}50","150","10 (Max.200)","8 (IEC)","Yes","Yes","Yes"
"NX1612SA","https://dilp.netcomponents.com/cgi-bin/ndk.asp?Region=AM&mode=1&partnumber1=STDCIC130M","Production","Standard (Automotive)","30","STD-CIC-1","1.6Å~1.2","0.3","Seam","4","-40Å`+125","-40Å`+125","Fundamental","Å}15","Å}50","150","10 (Max.200)","8 (IEC)","Yes","Yes","Yes"
"NX1612SA","https://dilp.netcomponents.com/cgi-bin/ndk.asp?Region=AM&mode=1&partnumber1=STDCIC132M","Production","Standard (Automotive)","32","STD-CIC-1","1.6Å~1.2","0.3","Seam","4","-40Å`+125","-40Å`+125","Fundamental","Å}15","Å}50","100","10 (Max.200)","8 (IEC)","Yes","Yes","Yes"
"NX1612SA","https://dilp.netcomponents.com/cgi-bin/ndk.asp?Region=AM&mode=1&partnumber1=STDCIC1384M","Production","Standard (Automotive)","38.4","STD-CIC-1","1.6Å~1.2","0.3","Seam","4","-40Å`+125","-40Å`+125","Fundamental","Å}15","Å}50","80","10 (Max.200)","8 (IEC)","Yes","Yes","Yes"
"NX1612SA","https://dilp.netcomponents.com/cgi-bin/ndk.asp?Region=AM&mode=1&partnumber1=STDCIC140M","Production","Standard (Automotive)","40","STD-CIC-1","1.6Å~1.2","0.3","Seam","4","-40Å`+125","-40Å`+125","Fundamental","Å}15","Å}50","80","10 (Max.200)","8 (IEC)","Yes","Yes","Yes"
"NX1612SA","https://dilp.netcomponents.com/cgi-bin/ndk.asp?Region=AM&mode=1&partnumber1=STDCIC148M","Production","Standard (Automotive)","48","STD-CIC-1","1.6Å~1.2","0.3","Seam","4","-40Å`+125","-40Å`+125","Fundamental","Å}15","Å}50","80","10 (Max.200)","8 (IEC)","Yes","Yes","Yes"
"NX1612SA","https://dilp.netcomponents.com/cgi-bin/ndk.asp?Region=AM&mode=1&partnumber1=STDCIC150M","Production","Standard (Automotive)","50","STD-CIC-1","1.6Å~1.2","0.3","Seam","4","-40Å`+125","-40Å`+125","Fundamental","Å}15","Å}50","80","10 (Max.200)","8 (IEC)","Yes","Yes","Yes"
"NX1612SA","https://dilp.netcomponents.com/cgi-bin/ndk.asp?Region=AM&mode=1&partnumber1=STDCIC154M","Production","Standard (Automotive)","54","STD-CIC-1","1.6Å~1.2","0.3","Seam","4","-40Å`+125","-40Å`+125","Fundamental","Å}15","Å}50","80","10 (Max.200)","8 (IEC)","Yes","Yes","Yes"
"NX2016SA","https://dilp.netcomponents.com/cgi-bin/ndk.asp?Region=AM&mode=1&partnumber1=STDCZG716M","Production","Standard","16","STD-CZG-7","2.0Å~1.6","0.45","Seam","4","-40Å`+85","-40Å`+85","Fundamental","Å}10","Å}25","200","10 (Max.100)","8 (IEC)","Yes","Yes","Yes"
"NX2016SA","https://dilp.netcomponents.com/cgi-bin/ndk.asp?Region=AM&mode=1&partnumber1=STDCZG716384M","Production","Standard","16.384","STD-CZG-7","2.0Å~1.6","0.45","Seam","4","-40Å`+85","-40Å`+85","Fundamental","Å}10","Å}25","200","10 (Max.100)","8 (IEC)","Yes","Yes","Yes"
"NX2016SA","https://dilp.netcomponents.com/cgi-bin/ndk.asp?Region=AM&mode=1&partnumber1=STDCZG718M","Production","Standard","18","STD-CZG-7","2.0Å~1.6","0.45","Seam","4","-40Å`+85","-40Å`+85","Fundamental","Å}10","Å}25","150","10 (Max.100)","8 (IEC)","Yes","Yes","Yes"
"NX2016SA","https://dilp.netcomponents.com/cgi-bin/ndk.asp?Region=AM&mode=1&partnumber1=STDCZG7196608M","Production","Standard","19.6608","STD-CZG-7","2.0Å~1.6","0.45","Seam","4","-40Å`+85","-40Å`+85","Fundamental","Å}10","Å}25","150","10 (Max.100)","8 (IEC)","Yes","Yes","Yes"
"NX2016SA","https://dilp.netcomponents.com/cgi-bin/ndk.asp?Region=AM&mode=1&partnumber1=STDCZG720M","Production","Standard","20","STD-CZG-7","2.0Å~1.6","0.45","Seam","4","-40Å`+85","-40Å`+85","Fundamental","Å}10","Å}25","100","10 (Max.100)","8 (IEC)","Yes","Yes","Yes"
"NX2016SA","https://dilp.netcomponents.com/cgi-bin/ndk.asp?Region=AM&mode=1&partnumber1=STDCZG7217M","Production","Standard","21.7","STD-CZG-7","2.0Å~1.6","0.45","Seam","4","-40Å`+85","-40Å`+85","Fundamental","Å}10","Å}25","100","10 (Max.100)","8 (IEC)","Yes","Yes","Yes"
"NX2016SA","https://dilp.netcomponents.com/cgi-bin/ndk.asp?Region=AM&mode=1&partnumber1=STDCZG724M","Production","Standard","24","STD-CZG-7","2.0Å~1.6","0.45","Seam","4","-40Å`+85","-40Å`+85","Fundamental","Å}10","Å}25","80","10 (Max.100)","8 (IEC)","Yes","Yes","Yes"
"NX2016SA","https://dilp.netcomponents.com/cgi-bin/ndk.asp?Region=AM&mode=1&partnumber1=STDCZG724305M","Production","Standard","24.305","STD-CZG-7","2.0Å~1.6","0.45","Seam","4","-40Å`+85","-40Å`+85","Fundamental","Å}10","Å}25","80","10 (Max.100)","8 (IEC)","Yes","Yes","Yes"
"NX2016SA","https://dilp.netcomponents.com/cgi-bin/ndk.asp?Region=AM&mode=1&partnumber1=STDCZG724545452M","Production","Standard","24.545452","STD-CZG-7","2.0Å~1.6","0.45","Seam","4","-40Å`+85","-40Å`+85","Fundamental","Å}10","Å}25","80","10 (Max.100)","8 (IEC)","Yes","Yes","Yes"
"NX2016SA","https://dilp.netcomponents.com/cgi-bin/ndk.asp?Region=AM&mode=1&partnumber1=STDCZG724576M","Production","Standard","24.576","STD-CZG-7","2.0Å~1.6","0.45","Seam","4","-40Å`+85","-40Å`+85","Fundamental","Å}10","Å}25","80","10 (Max.100)","8 (IEC)","Yes","Yes","Yes"
"NX2016SA","https://dilp.netcomponents.com/cgi-bin/ndk.asp?Region=AM&mode=1&partnumber1=STDCZG725M","Production","Standard","25","STD-CZG-7","2.0Å~1.6","0.45","Seam","4","-40Å`+85","-40Å`+85","Fundamental","Å}10","Å}25","80","10 (Max.100)","8 (IEC)","Yes","Yes","Yes"
"NX2016SA","https://dilp.netcomponents.com/cgi-bin/ndk.asp?Region=AM&mode=1&partnumber1=STDCZG7254M","Production","Standard","25.4","STD-CZG-7","2.0Å~1.6","0.45","Seam","4","-40Å`+85","-40Å`+85","Fundamental","Å}10","Å}25","80","10 (Max.100)","8 (IEC)","Yes","Yes","Yes"
"NX2016SA","https://dilp.netcomponents.com/cgi-bin/ndk.asp?Region=AM&mode=1&partnumber1=STDCZG726M","Production","Standard","26","STD-CZG-7","2.0Å~1.6","0.45","Seam","4","-40Å`+85","-40Å`+85","Fundamental","Å}10","Å}25","60","10 (Max.100)","8 (IEC)","Yes","Yes","Yes"
"NX2016SA","https://dilp.netcomponents.com/cgi-bin/ndk.asp?Region=AM&mode=1&partnumber1=STDCZG727M","Production","Standard","27","STD-CZG-7","2.0Å~1.6","0.45","Seam","4","-40Å`+85","-40Å`+85","Fundamental","Å}10","Å}25","60","10 (Max.100)","8 (IEC)","Yes","Yes","Yes"
"NX2016SA","https://dilp.netcomponents.com/cgi-bin/ndk.asp?Region=AM&mode=1&partnumber1=STDCZG72712M","Production","Standard","27.12","STD-CZG-7","2.0Å~1.6","0.45","Seam","4","-40Å`+85","-40Å`+85","Fundamental","Å}10","Å}25","60","10 (Max.100)","8 (IEC)","Yes","Yes","Yes"
"NX2016SA","https://dilp.netcomponents.com/cgi-bin/ndk.asp?Region=AM&mode=1&partnumber1=STDCZG7286363M","Production","Standard","28.6363","STD-CZG-7","2.0Å~1.6","0.45","Seam","4","-40Å`+85","-40Å`+85","Fundamental","Å}10","Å}25","60","10 (Max.100)","8 (IEC)","Yes","Yes","Yes"
"NX2016SA","https://dilp.netcomponents.com/cgi-bin/ndk.asp?Region=AM&mode=1&partnumber1=STDCZG72863636M","Production","Standard","28.63636","STD-CZG-7","2.0Å~1.6","0.45","Seam","4","-40Å`+85","-40Å`+85","Fundamental","Å}10","Å}25","60","10 (Max.100)","8 (IEC)","Yes","Yes","Yes"
"NX2016SA","https://dilp.netcomponents.com/cgi-bin/ndk.asp?Region=AM&mode=1&partnumber1=STDCZG730M","Production","Standard","30","STD-CZG-7","2.0Å~1.6","0.45","Seam","4","-40Å`+85","-40Å`+85","Fundamental","Å}10","Å}25","60","10 (Max.100)","8 (IEC)","Yes","Yes","Yes"
"NX2016SA","https://dilp.netcomponents.com/cgi-bin/ndk.asp?Region=AM&mode=1&partnumber1=STDCZG732M","Production","Standard","32","STD-CZG-7","2.0Å~1.6","0.45","Seam","4","-40Å`+85","-40Å`+85","Fundamental","Å}10","Å}25","60","10 (Max.100)","8 (IEC)","Yes","Yes","Yes"
"NX2016SA","https://dilp.netcomponents.com/cgi-bin/ndk.asp?Region=AM&mode=1&partnumber1=STDCZG736M","Production","Standard","36","STD-CZG-7","2.0Å~1.6","0.45","Seam","4","-40Å`+85","-40Å`+85","Fundamental","Å}10","Å}25","60","10 (Max.100)","8 (IEC)","Yes","Yes","Yes"
"NX2016SA","https://dilp.netcomponents.com/cgi-bin/ndk.asp?Region=AM&mode=1&partnumber1=STDCZG7372M","Production","Standard","37.2","STD-CZG-7","2.0Å~1.6","0.45","Seam","4","-40Å`+85","-40Å`+85","Fundamental","Å}10","Å}25","60","10 (Max.100)","8 (IEC)","Yes","Yes","Yes"
"NX2016SA","https://dilp.netcomponents.com/cgi-bin/ndk.asp?Region=AM&mode=1&partnumber1=STDCZG7384M","Production","Standard","38.4","STD-CZG-7","2.0Å~1.6","0.45","Seam","4","-40Å`+85","-40Å`+85","Fundamental","Å}10","Å}25","60","10 (Max.100)","8 (IEC)","Yes","Yes","Yes"
"NX2016SA","https://dilp.netcomponents.com/cgi-bin/ndk.asp?Region=AM&mode=1&partnumber1=STDCZG740M","Production","Standard","40","STD-CZG-7","2.0Å~1.6","0.45","Seam","4","-40Å`+85","-40Å`+85","Fundamental","Å}10","Å}25","50","10 (Max.100)","8 (IEC)","Yes","Yes","Yes"
"NX2016SA","https://dilp.netcomponents.com/cgi-bin/ndk.asp?Region=AM&mode=1&partnumber1=STDCZG742M","Production","Standard","42","STD-CZG-7","2.0Å~1.6","0.45","Seam","4","-40Å`+85","-40Å`+85","Fundamental","Å}10","Å}25","50","10 (Max.100)","8 (IEC)","Yes","Yes","Yes"
"NX2016SA","https://dilp.netcomponents.com/cgi-bin/ndk.asp?Region=AM&mode=1&partnumber1=STDCZG744545M","Production","Standard","44.545","STD-CZG-7","2.0Å~1.6","0.45","Seam","4","-40Å`+85","-40Å`+85","Fundamental","Å}10","Å}25","50","10 (Max.100)","8 (IEC)","Yes","Yes","Yes"
"NX2016SA","https://dilp.netcomponents.com/cgi-bin/ndk.asp?Region=AM&mode=1&partnumber1=STDCZG7451584M","Production","Standard","45.1584","STD-CZG-7","2.0Å~1.6","0.45","Seam","4","-40Å`+85","-40Å`+85","Fundamental","Å}10","Å}25","50","10 (Max.100)","8 (IEC)","Yes","Yes","Yes"
"NX2016SA","https://dilp.netcomponents.com/cgi-bin/ndk.asp?Region=AM&mode=1&partnumber1=STDCZG748M","Production","Standard","48","STD-CZG-7","2.0Å~1.6","0.45","Seam","4","-40Å`+85","-40Å`+85","Fundamental","Å}10","Å}25","50","10 (Max.100)","8 (IEC)","Yes","Yes","Yes"
"NX2016SA","https://dilp.netcomponents.com/cgi-bin/ndk.asp?Region=AM&mode=1&partnumber1=STDCZG749152M","Production","Standard","49.152","STD-CZG-7","2.0Å~1.6","0.45","Seam","4","-40Å`+85","-40Å`+85","Fundamental","Å}10","Å}25","50","10 (Max.100)","8 (IEC)","Yes","Yes","Yes"
"NX2016SA","https://dilp.netcomponents.com/cgi-bin/ndk.asp?Region=AM&mode=1&partnumber1=STDCZG750M","Production","Standard","50","STD-CZG-7","2.0Å~1.6","0.45","Seam","4","-40Å`+85","-40Å`+85","Fundamental","Å}10","Å}25","50","10 (Max.100)","8 (IEC)","Yes","Yes","Yes"
"NX2016SA","https://dilp.netcomponents.com/cgi-bin/ndk.asp?Region=AM&mode=1&partnumber1=STDCZG752M","Production","Standard","52","STD-CZG-7","2.0Å~1.6","0.45","Seam","4","-40Å`+85","-40Å`+85","Fundamental","Å}10","Å}25","50","10 (Max.100)","8 (IEC)","Yes","Yes","Yes"
"NX2016SA","https://dilp.netcomponents.com/cgi-bin/ndk.asp?Region=AM&mode=1&partnumber1=STDCZG7554667M","Production","Standard","55.4667","STD-CZG-7","2.0Å~1.6","0.45","Seam","4","-40Å`+85","-40Å`+85","Fundamental","Å}10","Å}25","50","10 (Max.100)","8 (IEC)","Yes","Yes","Yes"
"NX2016SA","https://dilp.netcomponents.com/cgi-bin/ndk.asp?Region=AM&mode=1&partnumber1=STDCZG760M","Production","Standard","60","STD-CZG-7","2.0Å~1.6","0.45","Seam","4","-40Å`+85","-40Å`+85","Fundamental","Å}10","Å}25","50","10 (Max.100)","8 (IEC)","Yes","Yes","Yes"
"NX2016SA","https://dilp.netcomponents.com/cgi-bin/ndk.asp?Region=AM&mode=1&partnumber1=STDCZG416M","Production","Standard (Automotive)","16","STD-CZG-4","2.0Å~1.6","0.45","Seam","4","-40Å`+125","-40Å`+125","Fundamental","Å}15","Å}50","200","10 (Max.200)","8 (IEC)","Yes","Yes","Yes"
"NX2016SA","https://dilp.netcomponents.com/cgi-bin/ndk.asp?Region=AM&mode=1&partnumber1=STDCZG4161M","Production","Standard (Automotive)","16.1","STD-CZG-4","2.0Å~1.6","0.45","Seam","4","-40Å`+125","-40Å`+125","Fundamental","Å}15","Å}50","200","10 (Max.200)","8 (IEC)","Yes","Yes","Yes"
"NX2016SA","https://dilp.netcomponents.com/cgi-bin/ndk.asp?Region=AM&mode=1&partnumber1=STDCZG416384M","Production","Standard (Automotive)","16.384","STD-CZG-4","2.0Å~1.6","0.45","Seam","4","-40Å`+125","-40Å`+125","Fundamental","Å}15","Å}50","200","10 (Max.200)","8 (IEC)","Yes","Yes","Yes"
"NX2016SA","https://dilp.netcomponents.com/cgi-bin/ndk.asp?Region=AM&mode=1&partnumber1=STDCZG418M","Production","Standard (Automotive)","18","STD-CZG-4","2.0Å~1.6","0.45","Seam","4","-40Å`+125","-40Å`+125","Fundamental","Å}15","Å}50","200","10 (Max.200)","8 (IEC)","Yes","Yes","Yes"
"NX2016SA","https://dilp.netcomponents.com/cgi-bin/ndk.asp?Region=AM&mode=1&partnumber1=STDCZG4192M","Production","Standard (Automotive)","19.2","STD-CZG-4","2.0Å~1.6","0.45","Seam","4","-40Å`+125","-40Å`+125","Fundamental","Å}15","Å}50","200","10 (Max.200)","8 (IEC)","Yes","Yes","Yes"
"NX2016SA","https://dilp.netcomponents.com/cgi-bin/ndk.asp?Region=AM&mode=1&partnumber1=STDCZG420M","Production","Standard (Automotive)","20","STD-CZG-4","2.0Å~1.6","0.45","Seam","4","-40Å`+125","-40Å`+125","Fundamental","Å}15","Å}50","100","10 (Max.200)","8 (IEC)","Yes","Yes","Yes"
"NX2016SA","https://dilp.netcomponents.com/cgi-bin/ndk.asp?Region=AM&mode=1&partnumber1=STDCZG422579M","Production","Standard (Automotive)","22.579","STD-CZG-4","2.0Å~1.6","0.45","Seam","4","-40Å`+125","-40Å`+125","Fundamental","Å}15","Å}50","100","10 (Max.200)","8 (IEC)","Yes","Yes","Yes"
"NX2016SA","https://dilp.netcomponents.com/cgi-bin/ndk.asp?Region=AM&mode=1&partnumber1=STDCZG424M","Production","Standard (Automotive)","24","STD-CZG-4","2.0Å~1.6","0.45","Seam","4","-40Å`+125","-40Å`+125","Fundamental","Å}15","Å}50","80","10 (Max.200)","8 (IEC)","Yes","Yes","Yes"
"NX2016SA","https://dilp.netcomponents.com/cgi-bin/ndk.asp?Region=AM&mode=1&partnumber1=STDCZG424576M","Production","Standard (Automotive)","24.576","STD-CZG-4","2.0Å~1.6","0.45","Seam","4","-40Å`+125","-40Å`+125","Fundamental","Å}15","Å}50","80","10 (Max.200)","8 (IEC)","Yes","Yes","Yes"
"NX2016SA","https://dilp.netcomponents.com/cgi-bin/ndk.asp?Region=AM&mode=1&partnumber1=STDCZG425M","Production","Standard (Automotive)","25","STD-CZG-4","2.0Å~1.6","0.45","Seam","4","-40Å`+125","-40Å`+125","Fundamental","Å}15","Å}50","80","10 (Max.200)","8 (IEC)","Yes","Yes","Yes"
"NX2016SA","https://dilp.netcomponents.com/cgi-bin/ndk.asp?Region=AM&mode=1&partnumber1=STDCZG426M","Production","Standard (Automotive)","26","STD-CZG-4","2.0Å~1.6","0.45","Seam","4","-40Å`+125","-40Å`+125","Fundamental","Å}15","Å}50","60","10 (Max.200)","8 (IEC)","Yes","Yes","Yes"
"NX2016SA","https://dilp.netcomponents.com/cgi-bin/ndk.asp?Region=AM&mode=1&partnumber1=STDCZG427M","Production","Standard (Automotive)","27","STD-CZG-4","2.0Å~1.6","0.45","Seam","4","-40Å`+125","-40Å`+125","Fundamental","Å}15","Å}50","60","10 (Max.200)","8 (IEC)","Yes","Yes","Yes"
"NX2016SA","https://dilp.netcomponents.com/cgi-bin/ndk.asp?Region=AM&mode=1&partnumber1=STDCZG42712M","Production","Standard (Automotive)","27.12","STD-CZG-4","2.0Å~1.6","0.45","Seam","4","-40Å`+125","-40Å`+125","Fundamental","Å}15","Å}50","60","10 (Max.200)","8 (IEC)","Yes","Yes","Yes"
"NX2016SA","https://dilp.netcomponents.com/cgi-bin/ndk.asp?Region=AM&mode=1&partnumber1=STDCZG4276M","Production","Standard (Automotive)","27.6","STD-CZG-4","2.0Å~1.6","0.45","Seam","4","-40Å`+125","-40Å`+125","Fundamental","Å}15","Å}50","60","10 (Max.200)","8 (IEC)","Yes","Yes","Yes"
"NX2016SA","https://dilp.netcomponents.com/cgi-bin/ndk.asp?Region=AM&mode=1&partnumber1=STDCZG42863636M","Production","Standard (Automotive)","28.63636","STD-CZG-4","2.0Å~1.6","0.45","Seam","4","-40Å`+125","-40Å`+125","Fundamental","Å}15","Å}50","60","10 (Max.200)","8 (IEC)","Yes","Yes","Yes"
"NX2016SA","https://dilp.netcomponents.com/cgi-bin/ndk.asp?Region=AM&mode=1&partnumber1=STDCZG430M","Production","Standard (Automotive)","30","STD-CZG-4","2.0Å~1.6","0.45","Seam","4","-40Å`+125","-40Å`+125","Fundamental","Å}15","Å}50","60","10 (Max.200)","8 (IEC)","Yes","Yes","Yes"
"NX2016SA","https://dilp.netcomponents.com/cgi-bin/ndk.asp?Region=AM&mode=1&partnumber1=STDCZG432M","Production","Standard (Automotive)","32","STD-CZG-4","2.0Å~1.6","0.45","Seam","4","-40Å`+125","-40Å`+125","Fundamental","Å}15","Å}50","60","10 (Max.200)","8 (IEC)","Yes","Yes","Yes"
"NX2016SA","https://dilp.netcomponents.com/cgi-bin/ndk.asp?Region=AM&mode=1&partnumber1=STDCZG433M","Production","Standard (Automotive)","33","STD-CZG-4","2.0Å~1.6","0.45","Seam","4","-40Å`+125","-40Å`+125","Fundamental","Å}15","Å}50","60","10 (Max.200)","8 (IEC)","Yes","Yes","Yes"
"NX2016SA","https://dilp.netcomponents.com/cgi-bin/ndk.asp?Region=AM&mode=1&partnumber1=STDCZG436M","Production","Standard (Automotive)","36","STD-CZG-4","2.0Å~1.6","0.45","Seam","4","-40Å`+125","-40Å`+125","Fundamental","Å}15","Å}50","60","10 (Max.200)","8 (IEC)","Yes","Yes","Yes"
"NX2016SA","https://dilp.netcomponents.com/cgi-bin/ndk.asp?Region=AM&mode=1&partnumber1=STDCZG4384M","Production","Standard (Automotive)","38.4","STD-CZG-4","2.0Å~1.6","0.45","Seam","4","-40Å`+125","-40Å`+125","Fundamental","Å}15","Å}50","60","10 (Max.200)","8 (IEC)","Yes","Yes","Yes"
"NX2016SA","https://dilp.netcomponents.com/cgi-bin/ndk.asp?Region=AM&mode=1&partnumber1=STDCZG440M","Production","Standard (Automotive)","40","STD-CZG-4","2.0Å~1.6","0.45","Seam","4","-40Å`+125","-40Å`+125","Fundamental","Å}15","Å}50","50","10 (Max.200)","8 (IEC)","Yes","Yes","Yes"
"NX2016SA","https://dilp.netcomponents.com/cgi-bin/ndk.asp?Region=AM&mode=1&partnumber1=STDCZG448M","Production","Standard (Automotive)","48","STD-CZG-4","2.0Å~1.6","0.45","Seam","4","-40Å`+125","-40Å`+125","Fundamental","Å}15","Å}50","50","10 (Max.200)","8 (IEC)","Yes","Yes","Yes"
"NX2016SA","https://dilp.netcomponents.com/cgi-bin/ndk.asp?Region=AM&mode=1&partnumber1=STDCZG450M","Production","Standard (Automotive)","50","STD-CZG-4","2.0Å~1.6","0.45","Seam","4","-40Å`+125","-40Å`+125","Fundamental","Å}15","Å}50","50","10 (Max.200)","8 (IEC)","Yes","Yes","Yes"
"NX2016SA","https://dilp.netcomponents.com/cgi-bin/ndk.asp?Region=AM&mode=1&partnumber1=STDCZG452M","Production","Standard (Automotive)","52","STD-CZG-4","2.0Å~1.6","0.45","Seam","4","-40Å`+125","-40Å`+125","Fundamental","Å}15","Å}50","50","10 (Max.200)","8 (IEC)","Yes","Yes","Yes"
"NX2016SA","https://dilp.netcomponents.com/cgi-bin/ndk.asp?Region=AM&mode=1&partnumber1=STDCZG460M","Production","Standard (Automotive)","60","STD-CZG-4","2.0Å~1.6","0.45","Seam","4","-40Å`+125","-40Å`+125","Fundamental","Å}15","Å}50","50","10 (Max.200)","8 (IEC)","Yes","Yes","Yes"
"NX2016SA","https://dilp.netcomponents.com/cgi-bin/ndk.asp?Region=AM&mode=1&partnumber1=STDCZS3624M","Production","Standard (Automotive)","62.4","STD-CZS-3","2.0Å~1.6","0.45","Seam","4","-40Å`+125","-40Å`+125","Fundamental","Å}15","Å}50","50","10 (Max.200)","8 (IEC)","Yes","Yes","Yes"
"NX2016SA","https://dilp.netcomponents.com/cgi-bin/ndk.asp?Region=AM&mode=1&partnumber1=STDCZS380M","Production","Standard (Automotive)","80","STD-CZS-3","2.0Å~1.6","0.45","Seam","4","-40Å`+125","-40Å`+125","Fundamental","Å}15","Å}50","50","10 (Max.200)","8 (IEC)","Yes","Yes","Yes"
"NX2016GC","https://dilp.netcomponents.com/cgi-bin/ndk.asp?Region=AM&mode=1&partnumber1=STDCZA116M","Production","Automotive","16","STD-CZA-1","2.0Å~1.6","0.7","Glass","2","-40Å`+150","-40Å`+150","Fundamental","Å}50","Å}150","300","10 (Max.200)","8 (IEC)","Yes","","Yes"
"NX2016GC","https://dilp.netcomponents.com/cgi-bin/ndk.asp?Region=AM&mode=1&partnumber1=STDCZA120M","Production","Automotive","20","STD-CZA-1","2.0Å~1.6","0.7","Glass","2","-40Å`+150","-40Å`+150","Fundamental","Å}50","Å}150","220","10 (Max.200)","8 (IEC)","Yes","","Yes"
"NX2016GC","https://dilp.netcomponents.com/cgi-bin/ndk.asp?Region=AM&mode=1&partnumber1=STDCZA124M","Production","Automotive","24","STD-CZA-1","2.0Å~1.6","0.7","Glass","2","-40Å`+150","-40Å`+150","Fundamental","Å}50","Å}150","180","10 (Max.200)","8 (IEC)","Yes","","Yes"
"NX2016GC","https://dilp.netcomponents.com/cgi-bin/ndk.asp?Region=AM&mode=1&partnumber1=STDCZA125M","Production","Automotive","25","STD-CZA-1","2.0Å~1.6","0.7","Glass","2","-40Å`+150","-40Å`+150","Fundamental","Å}50","Å}150","180","10 (Max.200)","8 (IEC)","Yes","","Yes"
"NX2016GC","https://dilp.netcomponents.com/cgi-bin/ndk.asp?Region=AM&mode=1&partnumber1=STDCZA126M","Production","Automotive","26","STD-CZA-1","2.0Å~1.6","0.7","Glass","2","-40Å`+150","-40Å`+150","Fundamental","Å}50","Å}150","120","10 (Max.200)","8 (IEC)","Yes","","Yes"
"NX2016GC","https://dilp.netcomponents.com/cgi-bin/ndk.asp?Region=AM&mode=1&partnumber1=STDCZA127M","Production","Automotive","27","STD-CZA-1","2.0Å~1.6","0.7","Glass","2","-40Å`+150","-40Å`+150","Fundamental","Å}50","Å}150","120","10 (Max.200)","8 (IEC)","Yes","","Yes"
"NX2016GC","https://dilp.netcomponents.com/cgi-bin/ndk.asp?Region=AM&mode=1&partnumber1=STDCZA1276M","Production","Automotive","27.6","STD-CZA-1","2.0Å~1.6","0.7","Glass","2","-40Å`+150","-40Å`+150","Fundamental","Å}50","Å}150","120","10 (Max.200)","8 (IEC)","Yes","","Yes"
"NX2016GC","https://dilp.netcomponents.com/cgi-bin/ndk.asp?Region=AM&mode=1&partnumber1=STDCZA140M","Production","Automotive","40","STD-CZA-1","2.0Å~1.6","0.7","Glass","2","-40Å`+150","-40Å`+150","Fundamental","Å}50","Å}150","120","10 (Max.200)","8 (IEC)","Yes","","Yes"
"NX2016GC","https://dilp.netcomponents.com/cgi-bin/ndk.asp?Region=AM&mode=1&partnumber1=STDCZA150M","Production","Automotive","50","STD-CZA-1","2.0Å~1.6","0.7","Glass","2","-40Å`+150","-40Å`+150","Fundamental","Å}50","Å}150","120","10 (Max.200)","8 (IEC)","Yes","","Yes"
"NX2016GC","https://dilp.netcomponents.com/cgi-bin/ndk.asp?Region=AM&mode=1&partnumber1=STDCZA154M","Production","Automotive","54","STD-CZA-1","2.0Å~1.6","0.7","Glass","2","-40Å`+150","-40Å`+150","Fundamental","Å}50","Å}150","120","10 (Max.200)","8 (IEC)","Yes","","Yes"
"NX3225SA","https://dilp.netcomponents.com/cgi-bin/ndk.asp?Region=AM&mode=1&partnumber1=STDCQR112M","Production","Standard","12","STD-CQR-1","3.2Å~2.5","0.55","Seam","4","-40Å`+85","-40Å`+85","Fundamental","Å}15","Å}25","100","10 (Max.200)","8 (IEC)","Yes","Yes","Yes"
"NX3225SA","https://dilp.netcomponents.com/cgi-bin/ndk.asp?Region=AM&mode=1&partnumber1=STDCQR113M","Production","Standard","13","STD-CQR-1","3.2Å~2.5","0.55","Seam","4","-40Å`+85","-40Å`+85","Fundamental","Å}15","Å}25","80","10 (Max.200)","8 (IEC)","Yes","Yes","Yes"
"NX3225SA","https://dilp.netcomponents.com/cgi-bin/ndk.asp?Region=AM&mode=1&partnumber1=STDCQR11356M","Production","Standard","13.56","STD-CQR-1","3.2Å~2.5","0.55","Seam","4","-40Å`+85","-40Å`+85","Fundamental","Å}15","Å}25","80","10 (Max.200)","8 (IEC)","Yes","Yes","Yes"
"NX3225SA","https://dilp.netcomponents.com/cgi-bin/ndk.asp?Region=AM&mode=1&partnumber1=STDCQR116M","Production","Standard","16","STD-CQR-1","3.2Å~2.5","0.55","Seam","4","-40Å`+85","-40Å`+85","Fundamental","Å}15","Å}25","80","10 (Max.200)","8 (IEC)","Yes","Yes","Yes"
"NX3225SA","https://dilp.netcomponents.com/cgi-bin/ndk.asp?Region=AM&mode=1&partnumber1=STDCQR116384M","Production","Standard","16.384","STD-CQR-1","3.2Å~2.5","0.55","Seam","4","-40Å`+85","-40Å`+85","Fundamental","Å}15","Å}25","80","10 (Max.200)","8 (IEC)","Yes","Yes","Yes"
"NX3225SA","https://dilp.netcomponents.com/cgi-bin/ndk.asp?Region=AM&mode=1&partnumber1=STDCQR120M","Production","Standard","20","STD-CQR-1","3.2Å~2.5","0.55","Seam","4","-40Å`+85","-40Å`+85","Fundamental","Å}15","Å}25","50","10 (Max.200)","8 (IEC)","Yes","Yes","Yes"
"NX3225SA","https://dilp.netcomponents.com/cgi-bin/ndk.asp?Region=AM&mode=1&partnumber1=STDCQR122579M","Production","Standard","22.579","STD-CQR-1","3.2Å~2.5","0.55","Seam","4","-40Å`+85","-40Å`+85","Fundamental","Å}15","Å}25","50","10 (Max.200)","8 (IEC)","Yes","Yes","Yes"
"NX3225SA","https://dilp.netcomponents.com/cgi-bin/ndk.asp?Region=AM&mode=1&partnumber1=STDCQR124M","Production","Standard","24","STD-CQR-1","3.2Å~2.5","0.55","Seam","4","-40Å`+85","-40Å`+85","Fundamental","Å}15","Å}25","50","10 (Max.200)","8 (IEC)","Yes","Yes","Yes"
"NX3225SA","https://dilp.netcomponents.com/cgi-bin/ndk.asp?Region=AM&mode=1&partnumber1=STDCQR124305M","Production","Standard","24.305","STD-CQR-1","3.2Å~2.5","0.55","Seam","4","-40Å`+85","-40Å`+85","Fundamental","Å}15","Å}25","50","10 (Max.200)","8 (IEC)","Yes","Yes","Yes"
"NX3225SA","https://dilp.netcomponents.com/cgi-bin/ndk.asp?Region=AM&mode=1&partnumber1=STDCQR125M","Production","Standard","25","STD-CQR-1","3.2Å~2.5","0.55","Seam","4","-40Å`+85","-40Å`+85","Fundamental","Å}15","Å}25","50","10 (Max.200)","8 (IEC)","Yes","Yes","Yes"
"NX3225SA","https://dilp.netcomponents.com/cgi-bin/ndk.asp?Region=AM&mode=1&partnumber1=STDCQR126M","Production","Standard","26","STD-CQR-1","3.2Å~2.5","0.55","Seam","4","-40Å`+85","-40Å`+85","Fundamental","Å}15","Å}25","50","10 (Max.200)","8 (IEC)","Yes","Yes","Yes"
"NX3225SA","https://dilp.netcomponents.com/cgi-bin/ndk.asp?Region=AM&mode=1&partnumber1=STDCQR127M","Production","Standard","27","STD-CQR-1","3.2Å~2.5","0.55","Seam","4","-40Å`+85","-40Å`+85","Fundamental","Å}15","Å}25","50","10 (Max.200)","8 (IEC)","Yes","Yes","Yes"
"NX3225SA","https://dilp.netcomponents.com/cgi-bin/ndk.asp?Region=AM&mode=1&partnumber1=STDCQR12712M","Production","Standard","27.12","STD-CQR-1","3.2Å~2.5","0.55","Seam","4","-40Å`+85","-40Å`+85","Fundamental","Å}15","Å}25","50","10 (Max.200)","8 (IEC)","Yes","Yes","Yes"
"NX3225SA","https://dilp.netcomponents.com/cgi-bin/ndk.asp?Region=AM&mode=1&partnumber1=STDCQR12863636M","Production","Standard","28.63636","STD-CQR-1","3.2Å~2.5","0.55","Seam","4","-40Å`+85","-40Å`+85","Fundamental","Å}15","Å}25","50","10 (Max.200)","8 (IEC)","Yes","Yes","Yes"
"NX3225SA","https://dilp.netcomponents.com/cgi-bin/ndk.asp?Region=AM&mode=1&partnumber1=STDCQR132M","Production","Standard","32","STD-CQR-1","3.2Å~2.5","0.55","Seam","4","-40Å`+85","-40Å`+85","Fundamental","Å}15","Å}25","50","10 (Max.200)","8 (IEC)","Yes","Yes","Yes"
"NX3225SA","https://dilp.netcomponents.com/cgi-bin/ndk.asp?Region=AM&mode=1&partnumber1=STDCQR140M","Production","Standard","40","STD-CQR-1","3.2Å~2.5","0.55","Seam","4","-40Å`+85","-40Å`+85","Fundamental","Å}15","Å}25","50","10 (Max.200)","8 (IEC)","Yes","Yes","Yes"
"NX3225SA","https://dilp.netcomponents.com/cgi-bin/ndk.asp?Region=AM&mode=1&partnumber1=STDCQR148M","Production","Standard","48","STD-CQR-1","3.2Å~2.5","0.55","Seam","4","-40Å`+85","-40Å`+85","Fundamental","Å}15","Å}25","50","10 (Max.200)","8 (IEC)","Yes","Yes","Yes"
"NX3225SA","https://dilp.netcomponents.com/cgi-bin/ndk.asp?Region=AM&mode=1&partnumber1=STDCQR150M","Production","Standard","50","STD-CQR-1","3.2Å~2.5","0.55","Seam","4","-40Å`+85","-40Å`+85","Fundamental","Å}15","Å}25","50","10 (Max.200)","8 (IEC)","Yes","Yes","Yes"
"NX3225SA","https://dilp.netcomponents.com/cgi-bin/ndk.asp?Region=AM&mode=1&partnumber1=STDCQS112M","Production","Standard (Automotive)","12","STD-CQS-1","3.2Å~2.5","0.55","Seam","4","-40Å`+125","-40Å`+125","Fundamental","Å}15","Å}50","120","10 (Max.200)","8 (IEC)","Yes","Yes","Yes"
"NX3225SA","https://dilp.netcomponents.com/cgi-bin/ndk.asp?Region=AM&mode=1&partnumber1=STDCQS116M","Production","Standard (Automotive)","16","STD-CQS-1","3.2Å~2.5","0.55","Seam","4","-40Å`+125","-40Å`+125","Fundamental","Å}15","Å}50","120","10 (Max.200)","8 (IEC)","Yes","Yes","Yes"
"NX3225SA","https://dilp.netcomponents.com/cgi-bin/ndk.asp?Region=AM&mode=1&partnumber1=STDCQS120M","Production","Standard (Automotive)","20","STD-CQS-1","3.2Å~2.5","0.55","Seam","4","-40Å`+125","-40Å`+125","Fundamental","Å}15","Å}50","100","10 (Max.200)","8 (IEC)","Yes","Yes","Yes"
"NX3225SA","https://dilp.netcomponents.com/cgi-bin/ndk.asp?Region=AM&mode=1&partnumber1=STDCQS124M","Production","Standard (Automotive)","24","STD-CQS-1","3.2Å~2.5","0.55","Seam","4","-40Å`+125","-40Å`+125","Fundamental","Å}15","Å}50","100","10 (Max.200)","8 (IEC)","Yes","Yes","Yes"
"NX3225SA","https://dilp.netcomponents.com/cgi-bin/ndk.asp?Region=AM&mode=1&partnumber1=STDCQS125M","Production","Standard (Automotive)","25","STD-CQS-1","3.2Å~2.5","0.55","Seam","4","-40Å`+125","-40Å`+125","Fundamental","Å}15","Å}50","100","10 (Max.200)","8 (IEC)","Yes","Yes","Yes"
"NX3225SA","https://dilp.netcomponents.com/cgi-bin/ndk.asp?Region=AM&mode=1&partnumber1=STDCQS140M","Production","Standard (Automotive)","40","STD-CQS-1","3.2Å~2.5","0.55","Seam","4","-40Å`+125","-40Å`+125","Fundamental","Å}15","Å}50","100","10 (Max.200)","8 (IEC)","Yes","Yes","Yes"
"NX3225SA","https://dilp.netcomponents.com/cgi-bin/ndk.asp?Region=AM&mode=1&partnumber1=STDCQS148M","Production","Standard (Automotive)","48","STD-CQS-1","3.2Å~2.5","0.55","Seam","4","-40Å`+125","-40Å`+125","Fundamental","Å}15","Å}50","100","10 (Max.200)","8 (IEC)","Yes","Yes","Yes"
"NX3225SA","https://dilp.netcomponents.com/cgi-bin/ndk.asp?Region=AM&mode=1&partnumber1=STDCQS148M","Production","Standard (Automotive)","48","STD-CQS-1","3.2Å~2.5","0.55","Seam","4","-40Å`+125","-40Å`+125","Fundamental","Å}15","Å}50","100","10 (Max.200)","8 (IEC)","Yes","Yes","Yes"
"NX3225GA","https://dilp.netcomponents.com/cgi-bin/ndk.asp?Region=AM&mode=1&partnumber1=STDCRG29844M","Production","Standard","9.844","STD-CRG-2","3.2Å~2.5","0.75","Glass","4","-40Å`+85","-40Å`+85","Fundamental","Å}20","Å}30","200","10 (Max.200)","8 (IEC)","Yes","","Yes"
"NX3225GA","https://dilp.netcomponents.com/cgi-bin/ndk.asp?Region=AM&mode=1&partnumber1=STDCRG210M","Production","Standard","10","STD-CRG-2","3.2Å~2.5","0.75","Glass","4","-40Å`+85","-40Å`+85","Fundamental","Å}20","Å}30","200","10 (Max.200)","8 (IEC)","Yes","","Yes"
"NX3225GA","https://dilp.netcomponents.com/cgi-bin/ndk.asp?Region=AM&mode=1&partnumber1=STDCRG210245M","Production","Standard","10.245","STD-CRG-2","3.2Å~2.5","0.75","Glass","4","-40Å`+85","-40Å`+85","Fundamental","Å}20","Å}30","200","10 (Max.200)","8 (IEC)","Yes","","Yes"
"NX3225GA","https://dilp.netcomponents.com/cgi-bin/ndk.asp?Region=AM&mode=1&partnumber1=STDCRG210666M","Production","Standard","10.666","STD-CRG-2","3.2Å~2.5","0.75","Glass","4","-40Å`+85","-40Å`+85","Fundamental","Å}20","Å}30","200","10 (Max.200)","8 (IEC)","Yes","","Yes"
"NX3225GA","https://dilp.netcomponents.com/cgi-bin/ndk.asp?Region=AM&mode=1&partnumber1=STDCRG211059M","Production","Standard","11.059","STD-CRG-2","3.2Å~2.5","0.75","Glass","4","-40Å`+85","-40Å`+85","Fundamental","Å}20","Å}30","200","10 (Max.200)","8 (IEC)","Yes","","Yes"
"NX3225GA","https://dilp.netcomponents.com/cgi-bin/ndk.asp?Region=AM&mode=1&partnumber1=STDCRG21129M","Production","Standard","11.29","STD-CRG-2","3.2Å~2.5","0.75","Glass","4","-40Å`+85","-40Å`+85","Fundamental","Å}20","Å}30","200","10 (Max.200)","8 (IEC)","Yes","","Yes"
"NX3225GA","https://dilp.netcomponents.com/cgi-bin/ndk.asp?Region=AM&mode=1&partnumber1=STDCRG211666M","Production","Standard","11.666","STD-CRG-2","3.2Å~2.5","0.75","Glass","4","-40Å`+85","-40Å`+85","Fundamental","Å}20","Å}30","200","10 (Max.200)","8 (IEC)","Yes","","Yes"
"NX3225GA","https://dilp.netcomponents.com/cgi-bin/ndk.asp?Region=AM&mode=1&partnumber1=STDCRG211853M","Production","Standard","11.853","STD-CRG-2","3.2Å~2.5","0.75","Glass","4","-40Å`+85","-40Å`+85","Fundamental","Å}20","Å}30","200","10 (Max.200)","8 (IEC)","Yes","","Yes"
"NX3225GA","https://dilp.netcomponents.com/cgi-bin/ndk.asp?Region=AM&mode=1&partnumber1=STDCRG212M","Production","Standard","12","STD-CRG-2","3.2Å~2.5","0.75","Glass","4","-40Å`+85","-40Å`+85","Fundamental","Å}20","Å}30","100","10 (Max.200)","8 (IEC)","Yes","","Yes"
"NX3225GA","https://dilp.netcomponents.com/cgi-bin/ndk.asp?Region=AM&mode=1&partnumber1=STDCRG212166M","Production","Standard","12.166","STD-CRG-2","3.2Å~2.5","0.75","Glass","4","-40Å`+85","-40Å`+85","Fundamental","Å}20","Å}30","100","10 (Max.200)","8 (IEC)","Yes","","Yes"
"NX3225GA","https://dilp.netcomponents.com/cgi-bin/ndk.asp?Region=AM&mode=1&partnumber1=STDCRG212288M","Production","Standard","12.288","STD-CRG-2","3.2Å~2.5","0.75","Glass","4","-40Å`+85","-40Å`+85","Fundamental","Å}20","Å}30","100","10 (Max.200)","8 (IEC)","Yes","","Yes"
"NX3225GA","https://dilp.netcomponents.com/cgi-bin/ndk.asp?Region=AM&mode=1&partnumber1=STDCRG2125M","Production","Standard","12.5","STD-CRG-2","3.2Å~2.5","0.75","Glass","4","-40Å`+85","-40Å`+85","Fundamental","Å}20","Å}30","100","10 (Max.200)","8 (IEC)","Yes","","Yes"
"NX3225GA","https://dilp.netcomponents.com/cgi-bin/ndk.asp?Region=AM&mode=1&partnumber1=STDCRG21258M","Production","Standard","12.58","STD-CRG-2","3.2Å~2.5","0.75","Glass","4","-40Å`+85","-40Å`+85","Fundamental","Å}20","Å}30","100","10 (Max.200)","8 (IEC)","Yes","","Yes"
"NX3225GA","https://dilp.netcomponents.com/cgi-bin/ndk.asp?Region=AM&mode=1&partnumber1=STDCRG2128M","Production","Standard","12.8","STD-CRG-2","3.2Å~2.5","0.75","Glass","4","-40Å`+85","-40Å`+85","Fundamental","Å}20","Å}30","100","10 (Max.200)","8 (IEC)","Yes","","Yes"
"NX3225GA","https://dilp.netcomponents.com/cgi-bin/ndk.asp?Region=AM&mode=1&partnumber1=STDCRG213M","Production","Standard","13","STD-CRG-2","3.2Å~2.5","0.75","Glass","4","-40Å`+85","-40Å`+85","Fundamental","Å}20","Å}30","80","10 (Max.200)","8 (IEC)","Yes","","Yes"
"NX3225GA","https://dilp.netcomponents.com/cgi-bin/ndk.asp?Region=AM&mode=1&partnumber1=STDCRG21308M","Production","Standard","13.08","STD-CRG-2","3.2Å~2.5","0.75","Glass","4","-40Å`+85","-40Å`+85","Fundamental","Å}20","Å}30","80","10 (Max.200)","8 (IEC)","Yes","","Yes"
"NX3225GA","https://dilp.netcomponents.com/cgi-bin/ndk.asp?Region=AM&mode=1&partnumber1=STDCRG213081M","Production","Standard","13.081","STD-CRG-2","3.2Å~2.5","0.75","Glass","4","-40Å`+85","-40Å`+85","Fundamental","Å}20","Å}30","80","10 (Max.200)","8 (IEC)","Yes","","Yes"
"NX3225GA","https://dilp.netcomponents.com/cgi-bin/ndk.asp?Region=AM&mode=1&partnumber1=STDCRG213107M","Production","Standard","13.107","STD-CRG-2","3.2Å~2.5","0.75","Glass","4","-40Å`+85","-40Å`+85","Fundamental","Å}20","Å}30","80","10 (Max.200)","8 (IEC)","Yes","","Yes"
"NX3225GA","https://dilp.netcomponents.com/cgi-bin/ndk.asp?Region=AM&mode=1&partnumber1=STDCRG2132256M","Production","Standard","13.2256","STD-CRG-2","3.2Å~2.5","0.75","Glass","4","-40Å`+85","-40Å`+85","Fundamental","Å}20","Å}30","80","10 (Max.200)","8 (IEC)","Yes","","Yes"
"NX3225GA","https://dilp.netcomponents.com/cgi-bin/ndk.asp?Region=AM&mode=1&partnumber1=STDCRG213225625M","Production","Standard","13.225625","STD-CRG-2","3.2Å~2.5","0.75","Glass","4","-40Å`+85","-40Å`+85","Fundamental","Å}20","Å}30","80","10 (Max.200)","8 (IEC)","Yes","","Yes"
"NX3225GA","https://dilp.netcomponents.com/cgi-bin/ndk.asp?Region=AM&mode=1&partnumber1=STDCRG213253M","Production","Standard","13.253","STD-CRG-2","3.2Å~2.5","0.75","Glass","4","-40Å`+85","-40Å`+85","Fundamental","Å}20","Å}30","80","10 (Max.200)","8 (IEC)","Yes","","Yes"
"NX3225GA","https://dilp.netcomponents.com/cgi-bin/ndk.asp?Region=AM&mode=1&partnumber1=STDCRG21329M","Production","Standard","13.29","STD-CRG-2","3.2Å~2.5","0.75","Glass","4","-40Å`+85","-40Å`+85","Fundamental","Å}20","Å}30","80","10 (Max.200)","8 (IEC)","Yes","","Yes"
"NX3225GA","https://dilp.netcomponents.com/cgi-bin/ndk.asp?Region=AM&mode=1&partnumber1=STDCRG213333M","Production","Standard","13.333","STD-CRG-2","3.2Å~2.5","0.75","Glass","4","-40Å`+85","-40Å`+85","Fundamental","Å}20","Å}30","80","10 (Max.200)","8 (IEC)","Yes","","Yes"
"NX3225GA","https://dilp.netcomponents.com/cgi-bin/ndk.asp?Region=AM&mode=1&partnumber1=STDCRG2133333M","Production","Standard","13.3333","STD-CRG-2","3.2Å~2.5","0.75","Glass","4","-40Å`+85","-40Å`+85","Fundamental","Å}20","Å}30","80","10 (Max.200)","8 (IEC)","Yes","","Yes"
"NX3225GA","https://dilp.netcomponents.com/cgi-bin/ndk.asp?Region=AM&mode=1&partnumber1=STDCRG213333333M","Production","Standard","13.333333","STD-CRG-2","3.2Å~2.5","0.75","Glass","4","-40Å`+85","-40Å`+85","Fundamental","Å}20","Å}30","80","10 (Max.200)","8 (IEC)","Yes","","Yes"
"NX3225GA","https://dilp.netcomponents.com/cgi-bin/ndk.asp?Region=AM&mode=1&partnumber1=STDCRG2133333333M","Production","Standard","13.3333333","STD-CRG-2","3.2Å~2.5","0.75","Glass","4","-40Å`+85","-40Å`+85","Fundamental","Å}20","Å}30","80","10 (Max.200)","8 (IEC)","Yes","","Yes"
"NX3225GA","https://dilp.netcomponents.com/cgi-bin/ndk.asp?Region=AM&mode=1&partnumber1=STDCRG2135M","Production","Standard","13.5","STD-CRG-2","3.2Å~2.5","0.75","Glass","4","-40Å`+85","-40Å`+85","Fundamental","Å}20","Å}30","80","10 (Max.200)","8 (IEC)","Yes","","Yes"
"NX3225GA","https://dilp.netcomponents.com/cgi-bin/ndk.asp?Region=AM&mode=1&partnumber1=STDCRG213521M","Production","Standard","13.521","STD-CRG-2","3.2Å~2.5","0.75","Glass","4","-40Å`+85","-40Å`+85","Fundamental","Å}20","Å}30","80","10 (Max.200)","8 (IEC)","Yes","","Yes"
"NX3225GA","https://dilp.netcomponents.com/cgi-bin/ndk.asp?Region=AM&mode=1&partnumber1=STDCRG213529M","Production","Standard","13.529","STD-CRG-2","3.2Å~2.5","0.75","Glass","4","-40Å`+85","-40Å`+85","Fundamental","Å}20","Å}30","80","10 (Max.200)","8 (IEC)","Yes","","Yes"
"NX3225GA","https://dilp.netcomponents.com/cgi-bin/ndk.asp?Region=AM&mode=1&partnumber1=STDCRG213559M","Production","Standard","13.559","STD-CRG-2","3.2Å~2.5","0.75","Glass","4","-40Å`+85","-40Å`+85","Fundamental","Å}20","Å}30","80","10 (Max.200)","8 (IEC)","Yes","","Yes"
"NX3225GA","https://dilp.netcomponents.com/cgi-bin/ndk.asp?Region=AM&mode=1&partnumber1=STDCRG21356M","Production","Standard","13.56","STD-CRG-2","3.2Å~2.5","0.75","Glass","4","-40Å`+85","-40Å`+85","Fundamental","Å}20","Å}30","80","10 (Max.200)","8 (IEC)","Yes","","Yes"
"NX3225GA","https://dilp.netcomponents.com/cgi-bin/ndk.asp?Region=AM&mode=1&partnumber1=STDCRG214318M","Production","Standard","14.318","STD-CRG-2","3.2Å~2.5","0.75","Glass","4","-40Å`+85","-40Å`+85","Fundamental","Å}20","Å}30","80","10 (Max.200)","8 (IEC)","Yes","","Yes"
"NX3225GA","https://dilp.netcomponents.com/cgi-bin/ndk.asp?Region=AM&mode=1&partnumber1=STDCRG21431818M","Production","Standard","14.31818","STD-CRG-2","3.2Å~2.5","0.75","Glass","4","-40Å`+85","-40Å`+85","Fundamental","Å}20","Å}30","80","10 (Max.200)","8 (IEC)","Yes","","Yes"
"NX3225GA","https://dilp.netcomponents.com/cgi-bin/ndk.asp?Region=AM&mode=1&partnumber1=STDCRG2144M","Production","Standard","14.4","STD-CRG-2","3.2Å~2.5","0.75","Glass","4","-40Å`+85","-40Å`+85","Fundamental","Å}20","Å}30","80","10 (Max.200)","8 (IEC)","Yes","","Yes"
"NX3225GA","https://dilp.netcomponents.com/cgi-bin/ndk.asp?Region=AM&mode=1&partnumber1=STDCRG214745M","Production","Standard","14.745","STD-CRG-2","3.2Å~2.5","0.75","Glass","4","-40Å`+85","-40Å`+85","Fundamental","Å}20","Å}30","80","10 (Max.200)","8 (IEC)","Yes","","Yes"
"NX3225GA","https://dilp.netcomponents.com/cgi-bin/ndk.asp?Region=AM&mode=1&partnumber1=STDCRG214746M","Production","Standard","14.746","STD-CRG-2","3.2Å~2.5","0.75","Glass","4","-40Å`+85","-40Å`+85","Fundamental","Å}20","Å}30","80","10 (Max.200)","8 (IEC)","Yes","","Yes"
"NX3225GA","https://dilp.netcomponents.com/cgi-bin/ndk.asp?Region=AM&mode=1&partnumber1=STDCRG21536M","Production","Standard","15.36","STD-CRG-2","3.2Å~2.5","0.75","Glass","4","-40Å`+85","-40Å`+85","Fundamental","Å}20","Å}30","80","10 (Max.200)","8 (IEC)","Yes","","Yes"
"NX3225GA","https://dilp.netcomponents.com/cgi-bin/ndk.asp?Region=AM&mode=1&partnumber1=STDCRG21597M","Production","Standard","15.97","STD-CRG-2","3.2Å~2.5","0.75","Glass","4","-40Å`+85","-40Å`+85","Fundamental","Å}20","Å}30","80","10 (Max.200)","8 (IEC)","Yes","","Yes"
"NX3225GA","https://dilp.netcomponents.com/cgi-bin/ndk.asp?Region=AM&mode=1&partnumber1=STDCRG215974M","Production","Standard","15.974","STD-CRG-2","3.2Å~2.5","0.75","Glass","4","-40Å`+85","-40Å`+85","Fundamental","Å}20","Å}30","80","10 (Max.200)","8 (IEC)","Yes","","Yes"
"NX3225GA","https://dilp.netcomponents.com/cgi-bin/ndk.asp?Region=AM&mode=1&partnumber1=STDCRG215974M","Production","Standard","15.9744","STD-CRG-2","3.2Å~2.5","0.75","Glass","4","-40Å`+85","-40Å`+85","Fundamental","Å}20","Å}30","80","10 (Max.200)","8 (IEC)","Yes","","Yes"
"NX3225GA","https://dilp.netcomponents.com/cgi-bin/ndk.asp?Region=AM&mode=1&partnumber1=STDCRG216M","Production","Standard","16","STD-CRG-2","3.2Å~2.5","0.75","Glass","4","-40Å`+85","-40Å`+85","Fundamental","Å}20","Å}30","80","10 (Max.200)","8 (IEC)","Yes","","Yes"
"NX3225GA","https://dilp.netcomponents.com/cgi-bin/ndk.asp?Region=AM&mode=1&partnumber1=STDCRG216384M","Production","Standard","16.384","STD-CRG-2","3.2Å~2.5","0.75","Glass","4","-40Å`+85","-40Å`+85","Fundamental","Å}20","Å}30","80","10 (Max.200)","8 (IEC)","Yes","","Yes"
"NX3225GA","https://dilp.netcomponents.com/cgi-bin/ndk.asp?Region=AM&mode=1&partnumber1=STDCRG21666667M","Production","Standard","16.66667","STD-CRG-2","3.2Å~2.5","0.75","Glass","4","-40Å`+85","-40Å`+85","Fundamental","Å}20","Å}30","80","10 (Max.200)","8 (IEC)","Yes","","Yes"
"NX3225GA","https://dilp.netcomponents.com/cgi-bin/ndk.asp?Region=AM&mode=1&partnumber1=STDCRG216667M","Production","Standard","16.667","STD-CRG-2","3.2Å~2.5","0.75","Glass","4","-40Å`+85","-40Å`+85","Fundamental","Å}20","Å}30","80","10 (Max.200)","8 (IEC)","Yes","","Yes"
"NX3225GA","https://dilp.netcomponents.com/cgi-bin/ndk.asp?Region=AM&mode=1&partnumber1=STDCRG21667M","Production","Standard","16.67","STD-CRG-2","3.2Å~2.5","0.75","Glass","4","-40Å`+85","-40Å`+85","Fundamental","Å}20","Å}30","80","10 (Max.200)","8 (IEC)","Yes","","Yes"
"NX3225GA","https://dilp.netcomponents.com/cgi-bin/ndk.asp?Region=AM&mode=1&partnumber1=STDCRG216757M","Production","Standard","16.757","STD-CRG-2","3.2Å~2.5","0.75","Glass","4","-40Å`+85","-40Å`+85","Fundamental","Å}20","Å}30","80","10 (Max.200)","8 (IEC)","Yes","","Yes"
"NX3225GA","https://dilp.netcomponents.com/cgi-bin/ndk.asp?Region=AM&mode=1&partnumber1=STDCRG21692M","Production","Standard","16.92","STD-CRG-2","3.2Å~2.5","0.75","Glass","4","-40Å`+85","-40Å`+85","Fundamental","Å}20","Å}30","80","10 (Max.200)","8 (IEC)","Yes","","Yes"
"NX3225GA","https://dilp.netcomponents.com/cgi-bin/ndk.asp?Region=AM&mode=1&partnumber1=STDCRG216934M","Production","Standard","16.934","STD-CRG-2","3.2Å~2.5","0.75","Glass","4","-40Å`+85","-40Å`+85","Fundamental","Å}20","Å}30","80","10 (Max.200)","8 (IEC)","Yes","","Yes"
"NX3225GA","https://dilp.netcomponents.com/cgi-bin/ndk.asp?Region=AM&mode=1&partnumber1=STDCRG218M","Production","Standard","18","STD-CRG-2","3.2Å~2.5","0.75","Glass","4","-40Å`+85","-40Å`+85","Fundamental","Å}20","Å}30","80","10 (Max.200)","8 (IEC)","Yes","","Yes"
"NX3225GA","https://dilp.netcomponents.com/cgi-bin/ndk.asp?Region=AM&mode=1&partnumber1=STDCRG21808M","Production","Standard","18.08","STD-CRG-2","3.2Å~2.5","0.75","Glass","4","-40Å`+85","-40Å`+85","Fundamental","Å}20","Å}30","80","10 (Max.200)","8 (IEC)","Yes","","Yes"
"NX3225GA","https://dilp.netcomponents.com/cgi-bin/ndk.asp?Region=AM&mode=1&partnumber1=STDCRG21837M","Production","Standard","18.37036","STD-CRG-2","3.2Å~2.5","0.75","Glass","4","-40Å`+85","-40Å`+85","Fundamental","Å}20","Å}30","80","10 (Max.200)","8 (IEC)","Yes","","Yes"
"NX3225GA","https://dilp.netcomponents.com/cgi-bin/ndk.asp?Region=AM&mode=1&partnumber1=STDCRG21837M","Production","Standard","18.370366","STD-CRG-2","3.2Å~2.5","0.75","Glass","4","-40Å`+85","-40Å`+85","Fundamental","Å}20","Å}30","80","10 (Max.200)","8 (IEC)","Yes","","Yes"
"NX3225GA","https://dilp.netcomponents.com/cgi-bin/ndk.asp?Region=AM&mode=1&partnumber1=STDCRG218432M","Production","Standard","18.432","STD-CRG-2","3.2Å~2.5","0.75","Glass","4","-40Å`+85","-40Å`+85","Fundamental","Å}20","Å}30","80","10 (Max.200)","8 (IEC)","Yes","","Yes"
"NX3225GA","https://dilp.netcomponents.com/cgi-bin/ndk.asp?Region=AM&mode=1&partnumber1=STDCRG2192M","Production","Standard","19.2","STD-CRG-2","3.2Å~2.5","0.75","Glass","4","-40Å`+85","-40Å`+85","Fundamental","Å}20","Å}30","80","10 (Max.200)","8 (IEC)","Yes","","Yes"
"NX3225GA","https://dilp.netcomponents.com/cgi-bin/ndk.asp?Region=AM&mode=1&partnumber1=STDCRG219661M","Production","Standard","19.661","STD-CRG-2","3.2Å~2.5","0.75","Glass","4","-40Å`+85","-40Å`+85","Fundamental","Å}20","Å}30","80","10 (Max.200)","8 (IEC)","Yes","","Yes"
"NX3225GA","https://dilp.netcomponents.com/cgi-bin/ndk.asp?Region=AM&mode=1&partnumber1=STDCRG220M","Production","Standard","20","STD-CRG-2","3.2Å~2.5","0.75","Glass","4","-40Å`+85","-40Å`+85","Fundamental","Å}20","Å}30","50","10 (Max.200)","8 (IEC)","Yes","","Yes"
"NX3225GA","https://dilp.netcomponents.com/cgi-bin/ndk.asp?Region=AM&mode=1&partnumber1=STDCRG221949M","Production","Standard","21.949","STD-CRG-2","3.2Å~2.5","0.75","Glass","4","-40Å`+85","-40Å`+85","Fundamental","Å}20","Å}30","50","10 (Max.200)","8 (IEC)","Yes","","Yes"
"NX3225GA","https://dilp.netcomponents.com/cgi-bin/ndk.asp?Region=AM&mode=1&partnumber1=STDCRG222481M","Production","Standard","22.481","STD-CRG-2","3.2Å~2.5","0.75","Glass","4","-40Å`+85","-40Å`+85","Fundamental","Å}20","Å}30","50","10 (Max.200)","8 (IEC)","Yes","","Yes"
"NX3225GA","https://dilp.netcomponents.com/cgi-bin/ndk.asp?Region=AM&mode=1&partnumber1=STDCRG222579M","Production","Standard","22.579","STD-CRG-2","3.2Å~2.5","0.75","Glass","4","-40Å`+85","-40Å`+85","Fundamental","Å}20","Å}30","50","10 (Max.200)","8 (IEC)","Yes","","Yes"
"NX3225GA","https://dilp.netcomponents.com/cgi-bin/ndk.asp?Region=AM&mode=1&partnumber1=STDCRG222579M","Production","Standard","22.5792","STD-CRG-2","3.2Å~2.5","0.75","Glass","4","-40Å`+85","-40Å`+85","Fundamental","Å}20","Å}30","50","10 (Max.200)","8 (IEC)","Yes","","Yes"
"NX3225GA","https://dilp.netcomponents.com/cgi-bin/ndk.asp?Region=AM&mode=1&partnumber1=STDCRG224M","Production","Standard","24","STD-CRG-2","3.2Å~2.5","0.75","Glass","4","-40Å`+85","-40Å`+85","Fundamental","Å}20","Å}30","50","10 (Max.200)","8 (IEC)","Yes","","Yes"
"NX3225GA","https://dilp.netcomponents.com/cgi-bin/ndk.asp?Region=AM&mode=1&partnumber1=STDCRG224305M","Production","Standard","24.305","STD-CRG-2","3.2Å~2.5","0.75","Glass","4","-40Å`+85","-40Å`+85","Fundamental","Å}20","Å}30","50","10 (Max.200)","8 (IEC)","Yes","","Yes"
"NX3225GA","https://dilp.netcomponents.com/cgi-bin/ndk.asp?Region=AM&mode=1&partnumber1=STDCRG22454M","Production","Standard","24.54","STD-CRG-2","3.2Å~2.5","0.75","Glass","4","-40Å`+85","-40Å`+85","Fundamental","Å}20","Å}30","50","10 (Max.200)","8 (IEC)","Yes","","Yes"
"NX3225GA","https://dilp.netcomponents.com/cgi-bin/ndk.asp?Region=AM&mode=1&partnumber1=STDCRG2245454M","Production","Standard","24.5454","STD-CRG-2","3.2Å~2.5","0.75","Glass","4","-40Å`+85","-40Å`+85","Fundamental","Å}20","Å}30","50","10 (Max.200)","8 (IEC)","Yes","","Yes"
"NX3225GA","https://dilp.netcomponents.com/cgi-bin/ndk.asp?Region=AM&mode=1&partnumber1=STDCRG22454545M","Production","Standard","24.54545","STD-CRG-2","3.2Å~2.5","0.75","Glass","4","-40Å`+85","-40Å`+85","Fundamental","Å}20","Å}30","50","10 (Max.200)","8 (IEC)","Yes","","Yes"
"NX3225GA","https://dilp.netcomponents.com/cgi-bin/ndk.asp?Region=AM&mode=1&partnumber1=STDCRG224545452M","Production","Standard","24.545452","STD-CRG-2","3.2Å~2.5","0.75","Glass","4","-40Å`+85","-40Å`+85","Fundamental","Å}20","Å}30","50","10 (Max.200)","8 (IEC)","Yes","","Yes"
"NX3225GA","https://dilp.netcomponents.com/cgi-bin/ndk.asp?Region=AM&mode=1&partnumber1=STDCRG224545454M","Production","Standard","24.545454","STD-CRG-2","3.2Å~2.5","0.75","Glass","4","-40Å`+85","-40Å`+85","Fundamental","Å}20","Å}30","50","10 (Max.200)","8 (IEC)","Yes","","Yes"
"NX3225GA","https://dilp.netcomponents.com/cgi-bin/ndk.asp?Region=AM&mode=1&partnumber1=STDCRG224576M","Production","Standard","24.576","STD-CRG-2","3.2Å~2.5","0.75","Glass","4","-40Å`+85","-40Å`+85","Fundamental","Å}20","Å}30","50","10 (Max.200)","8 (IEC)","Yes","","Yes"
"NX3225GA","https://dilp.netcomponents.com/cgi-bin/ndk.asp?Region=AM&mode=1&partnumber1=STDCRG225M","Production","Standard","25","STD-CRG-2","3.2Å~2.5","0.75","Glass","4","-40Å`+85","-40Å`+85","Fundamental","Å}20","Å}30","50","10 (Max.200)","8 (IEC)","Yes","","Yes"
"NX3225GA","https://dilp.netcomponents.com/cgi-bin/ndk.asp?Region=AM&mode=1&partnumber1=STDCRG2254M","Production","Standard","25.4","STD-CRG-2","3.2Å~2.5","0.75","Glass","4","-40Å`+85","-40Å`+85","Fundamental","Å}20","Å}30","50","10 (Max.200)","8 (IEC)","Yes","","Yes"
"NX3225GA","https://dilp.netcomponents.com/cgi-bin/ndk.asp?Region=AM&mode=1&partnumber1=STDCRG225805M","Production","Standard","25.805","STD-CRG-2","3.2Å~2.5","0.75","Glass","4","-40Å`+85","-40Å`+85","Fundamental","Å}20","Å}30","50","10 (Max.200)","8 (IEC)","Yes","","Yes"
"NX3225GA","https://dilp.netcomponents.com/cgi-bin/ndk.asp?Region=AM&mode=1&partnumber1=STDCRG226M","Production","Standard","26","STD-CRG-2","3.2Å~2.5","0.75","Glass","4","-40Å`+85","-40Å`+85","Fundamental","Å}20","Å}30","50","10 (Max.200)","8 (IEC)","Yes","","Yes"
"NX3225GA","https://dilp.netcomponents.com/cgi-bin/ndk.asp?Region=AM&mode=1&partnumber1=STDCRG226998M","Production","Standard","26.998","STD-CRG-2","3.2Å~2.5","0.75","Glass","4","-40Å`+85","-40Å`+85","Fundamental","Å}20","Å}30","50","10 (Max.200)","8 (IEC)","Yes","","Yes"
"NX3225GA","https://dilp.netcomponents.com/cgi-bin/ndk.asp?Region=AM&mode=1&partnumber1=STDCRG227M","Production","Standard","27","STD-CRG-2","3.2Å~2.5","0.75","Glass","4","-40Å`+85","-40Å`+85","Fundamental","Å}20","Å}30","50","10 (Max.200)","8 (IEC)","Yes","","Yes"
"NX3225GA","https://dilp.netcomponents.com/cgi-bin/ndk.asp?Region=AM&mode=1&partnumber1=STDCRG22712M","Production","Standard","27.12","STD-CRG-2","3.2Å~2.5","0.75","Glass","4","-40Å`+85","-40Å`+85","Fundamental","Å}20","Å}30","50","10 (Max.200)","8 (IEC)","Yes","","Yes"
"NX3225GA","https://dilp.netcomponents.com/cgi-bin/ndk.asp?Region=AM&mode=1&partnumber1=STDCRG2276M","Production","Standard","27.6","STD-CRG-2","3.2Å~2.5","0.75","Glass","4","-40Å`+85","-40Å`+85","Fundamental","Å}20","Å}30","50","10 (Max.200)","8 (IEC)","Yes","","Yes"
"NX3225GA","https://dilp.netcomponents.com/cgi-bin/ndk.asp?Region=AM&mode=1&partnumber1=STDCRG228M","Production","Standard","28","STD-CRG-2","3.2Å~2.5","0.75","Glass","4","-40Å`+85","-40Å`+85","Fundamental","Å}20","Å}30","50","10 (Max.200)","8 (IEC)","Yes","","Yes"
"NX3225GA","https://dilp.netcomponents.com/cgi-bin/ndk.asp?Region=AM&mode=1&partnumber1=STDCRG228224M","Production","Standard","28.224","STD-CRG-2","3.2Å~2.5","0.75","Glass","4","-40Å`+85","-40Å`+85","Fundamental","Å}20","Å}30","50","10 (Max.200)","8 (IEC)","Yes","","Yes"
"NX3225GA","https://dilp.netcomponents.com/cgi-bin/ndk.asp?Region=AM&mode=1&partnumber1=STDCRG228322M","Production","Standard","28.322","STD-CRG-2","3.2Å~2.5","0.75","Glass","4","-40Å`+85","-40Å`+85","Fundamental","Å}20","Å}30","50","10 (Max.200)","8 (IEC)","Yes","","Yes"
"NX3225GA","https://dilp.netcomponents.com/cgi-bin/ndk.asp?Region=AM&mode=1&partnumber1=STDCRG22863M","Production","Standard","28.63","STD-CRG-2","3.2Å~2.5","0.75","Glass","4","-40Å`+85","-40Å`+85","Fundamental","Å}20","Å}30","50","10 (Max.200)","8 (IEC)","Yes","","Yes"
"NX3225GA","https://dilp.netcomponents.com/cgi-bin/ndk.asp?Region=AM&mode=1&partnumber1=STDCRG2286363M","Production","Standard","28.6363","STD-CRG-2","3.2Å~2.5","0.75","Glass","4","-40Å`+85","-40Å`+85","Fundamental","Å}20","Å}30","50","10 (Max.200)","8 (IEC)","Yes","","Yes"
"NX3225GA","https://dilp.netcomponents.com/cgi-bin/ndk.asp?Region=AM&mode=1&partnumber1=STDCRG22863636M","Production","Standard","28.63636","STD-CRG-2","3.2Å~2.5","0.75","Glass","4","-40Å`+85","-40Å`+85","Fundamental","Å}20","Å}30","50","10 (Max.200)","8 (IEC)","Yes","","Yes"
"NX3225GA","https://dilp.netcomponents.com/cgi-bin/ndk.asp?Region=AM&mode=1&partnumber1=STDCRG228636363M","Production","Standard","28.636363","STD-CRG-2","3.2Å~2.5","0.75","Glass","4","-40Å`+85","-40Å`+85","Fundamental","Å}20","Å}30","50","10 (Max.200)","8 (IEC)","Yes","","Yes"
"NX3225GA","https://dilp.netcomponents.com/cgi-bin/ndk.asp?Region=AM&mode=1&partnumber1=STDCRG229458M","Production","Standard","29.458","STD-CRG-2","3.2Å~2.5","0.75","Glass","4","-40Å`+85","-40Å`+85","Fundamental","Å}20","Å}30","50","10 (Max.200)","8 (IEC)","Yes","","Yes"
"NX3225GA","https://dilp.netcomponents.com/cgi-bin/ndk.asp?Region=AM&mode=1&partnumber1=STDCRG230M","Production","Standard","30","STD-CRG-2","3.2Å~2.5","0.75","Glass","4","-40Å`+85","-40Å`+85","Fundamental","Å}20","Å}30","50","10 (Max.200)","8 (IEC)","Yes","","Yes"
"NX3225GA","https://dilp.netcomponents.com/cgi-bin/ndk.asp?Region=AM&mode=1&partnumber1=STDCRG23032M","Production","Standard","30.32","STD-CRG-2","3.2Å~2.5","0.75","Glass","4","-40Å`+85","-40Å`+85","Fundamental","Å}20","Å}30","50","10 (Max.200)","8 (IEC)","Yes","","Yes"
"NX3225GA","https://dilp.netcomponents.com/cgi-bin/ndk.asp?Region=AM&mode=1&partnumber1=STDCRG2304M","Production","Standard","30.4","STD-CRG-2","3.2Å~2.5","0.75","Glass","4","-40Å`+85","-40Å`+85","Fundamental","Å}20","Å}30","50","10 (Max.200)","8 (IEC)","Yes","","Yes"
"NX3225GA","https://dilp.netcomponents.com/cgi-bin/ndk.asp?Region=AM&mode=1&partnumber1=STDCRG23072M","Production","Standard","30.72","STD-CRG-2","3.2Å~2.5","0.75","Glass","4","-40Å`+85","-40Å`+85","Fundamental","Å}20","Å}30","50","10 (Max.200)","8 (IEC)","Yes","","Yes"
"NX3225GA","https://dilp.netcomponents.com/cgi-bin/ndk.asp?Region=AM&mode=1&partnumber1=STDCRG23125M","Production","Standard","31.25","STD-CRG-2","3.2Å~2.5","0.75","Glass","4","-40Å`+85","-40Å`+85","Fundamental","Å}20","Å}30","50","10 (Max.200)","8 (IEC)","Yes","","Yes"
"NX3225GA","https://dilp.netcomponents.com/cgi-bin/ndk.asp?Region=AM&mode=1&partnumber1=STDCRG232M","Production","Standard","32","STD-CRG-2","3.2Å~2.5","0.75","Glass","4","-40Å`+85","-40Å`+85","Fundamental","Å}20","Å}30","50","10 (Max.200)","8 (IEC)","Yes","","Yes"
"NX3225GA","https://dilp.netcomponents.com/cgi-bin/ndk.asp?Region=AM&mode=1&partnumber1=STDCRG232458M","Production","Standard","32.458","STD-CRG-2","3.2Å~2.5","0.75","Glass","4","-40Å`+85","-40Å`+85","Fundamental","Å}20","Å}30","50","10 (Max.200)","8 (IEC)","Yes","","Yes"
"NX3225GA","https://dilp.netcomponents.com/cgi-bin/ndk.asp?Region=AM&mode=1&partnumber1=STDCRG232768M","Production","Standard","32.768","STD-CRG-2","3.2Å~2.5","0.75","Glass","4","-40Å`+85","-40Å`+85","Fundamental","Å}20","Å}30","50","10 (Max.200)","8 (IEC)","Yes","","Yes"
"NX3225GA","https://dilp.netcomponents.com/cgi-bin/ndk.asp?Region=AM&mode=1&partnumber1=STDCRG233M","Production","Standard","33","STD-CRG-2","3.2Å~2.5","0.75","Glass","4","-40Å`+85","-40Å`+85","Fundamental","Å}20","Å}30","50","10 (Max.200)","8 (IEC)","Yes","","Yes"
"NX3225GA","https://dilp.netcomponents.com/cgi-bin/ndk.asp?Region=AM&mode=1&partnumber1=STDCRG2332M","Production","Standard","33.2","STD-CRG-2","3.2Å~2.5","0.75","Glass","4","-40Å`+85","-40Å`+85","Fundamental","Å}20","Å}30","50","10 (Max.200)","8 (IEC)","Yes","","Yes"
"NX3225GA","https://dilp.netcomponents.com/cgi-bin/ndk.asp?Region=AM&mode=1&partnumber1=STDCRG2333M","Production","Standard","33.3","STD-CRG-2","3.2Å~2.5","0.75","Glass","4","-40Å`+85","-40Å`+85","Fundamental","Å}20","Å}30","50","10 (Max.200)","8 (IEC)","Yes","","Yes"
"NX3225GA","https://dilp.netcomponents.com/cgi-bin/ndk.asp?Region=AM&mode=1&partnumber1=STDCRG23333M","Production","Standard","33.33","STD-CRG-2","3.2Å~2.5","0.75","Glass","4","-40Å`+85","-40Å`+85","Fundamental","Å}20","Å}30","50","10 (Max.200)","8 (IEC)","Yes","","Yes"
"NX3225GA","https://dilp.netcomponents.com/cgi-bin/ndk.asp?Region=AM&mode=1&partnumber1=STDCRG233333M","Production","Standard","33.333","STD-CRG-2","3.2Å~2.5","0.75","Glass","4","-40Å`+85","-40Å`+85","Fundamental","Å}20","Å}30","50","10 (Max.200)","8 (IEC)","Yes","","Yes"
"NX3225GA","https://dilp.netcomponents.com/cgi-bin/ndk.asp?Region=AM&mode=1&partnumber1=STDCRG233868M","Production","Standard","33.868","STD-CRG-2","3.2Å~2.5","0.75","Glass","4","-40Å`+85","-40Å`+85","Fundamental","Å}20","Å}30","50","10 (Max.200)","8 (IEC)","Yes","","Yes"
"NX3225GA","https://dilp.netcomponents.com/cgi-bin/ndk.asp?Region=AM&mode=1&partnumber1=STDCRG233869M","Production","Standard","33.869","STD-CRG-2","3.2Å~2.5","0.75","Glass","4","-40Å`+85","-40Å`+85","Fundamental","Å}20","Å}30","50","10 (Max.200)","8 (IEC)","Yes","","Yes"
"NX3225GA","https://dilp.netcomponents.com/cgi-bin/ndk.asp?Region=AM&mode=1&partnumber1=STDCRG236M","Production","Standard","36","STD-CRG-2","3.2Å~2.5","0.75","Glass","4","-40Å`+85","-40Å`+85","Fundamental","Å}20","Å}30","50","10 (Max.200)","8 (IEC)","Yes","","Yes"
"NX3225GA","https://dilp.netcomponents.com/cgi-bin/ndk.asp?Region=AM&mode=1&partnumber1=STDCRG2364M","Production","Standard","36.4","STD-CRG-2","3.2Å~2.5","0.75","Glass","4","-40Å`+85","-40Å`+85","Fundamental","Å}20","Å}30","50","10 (Max.200)","8 (IEC)","Yes","","Yes"
"NX3225GA","https://dilp.netcomponents.com/cgi-bin/ndk.asp?Region=AM&mode=1&partnumber1=STDCRG23648M","Production","Standard","36.48","STD-CRG-2","3.2Å~2.5","0.75","Glass","4","-40Å`+85","-40Å`+85","Fundamental","Å}20","Å}30","50","10 (Max.200)","8 (IEC)","Yes","","Yes"
"NX3225GA","https://dilp.netcomponents.com/cgi-bin/ndk.asp?Region=AM&mode=1&partnumber1=STDCRG236864M","Production","Standard","36.864","STD-CRG-2","3.2Å~2.5","0.75","Glass","4","-40Å`+85","-40Å`+85","Fundamental","Å}20","Å}30","50","10 (Max.200)","8 (IEC)","Yes","","Yes"
"NX3225GA","https://dilp.netcomponents.com/cgi-bin/ndk.asp?Region=AM&mode=1&partnumber1=STDCRG237M","Production","Standard","37","STD-CRG-2","3.2Å~2.5","0.75","Glass","4","-40Å`+85","-40Å`+85","Fundamental","Å}20","Å}30","50","10 (Max.200)","8 (IEC)","Yes","","Yes"
"NX3225GA","https://dilp.netcomponents.com/cgi-bin/ndk.asp?Region=AM&mode=1&partnumber1=STDCRG238M","Production","Standard","38","STD-CRG-2","3.2Å~2.5","0.75","Glass","4","-40Å`+85","-40Å`+85","Fundamental","Å}20","Å}30","50","10 (Max.200)","8 (IEC)","Yes","","Yes"
"NX3225GA","https://dilp.netcomponents.com/cgi-bin/ndk.asp?Region=AM&mode=1&partnumber1=STDCRG240M","Production","Standard","40","STD-CRG-2","3.2Å~2.5","0.75","Glass","4","-40Å`+85","-40Å`+85","Fundamental","Å}20","Å}30","50","10 (Max.200)","8 (IEC)","Yes","","Yes"
"NX3225GA","https://dilp.netcomponents.com/cgi-bin/ndk.asp?Region=AM&mode=1&partnumber1=STDCRG2405M","Production","Standard","40.5","STD-CRG-2","3.2Å~2.5","0.75","Glass","4","-40Å`+85","-40Å`+85","Fundamental","Å}20","Å}30","50","10 (Max.200)","8 (IEC)","Yes","","Yes"
"NX3225GA","https://dilp.netcomponents.com/cgi-bin/ndk.asp?Region=AM&mode=1&partnumber1=STDCRG241M","Production","Standard","41","STD-CRG-2","3.2Å~2.5","0.75","Glass","4","-40Å`+85","-40Å`+85","Fundamental","Å}20","Å}30","50","10 (Max.200)","8 (IEC)","Yes","","Yes"
"NX3225GA","https://dilp.netcomponents.com/cgi-bin/ndk.asp?Region=AM&mode=1&partnumber1=STDCRG2416M","Production","Standard","41.6","STD-CRG-2","3.2Å~2.5","0.75","Glass","4","-40Å`+85","-40Å`+85","Fundamental","Å}20","Å}30","50","10 (Max.200)","8 (IEC)","Yes","","Yes"
"NX3225GA","https://dilp.netcomponents.com/cgi-bin/ndk.asp?Region=AM&mode=1&partnumber1=STDCRG242M","Production","Standard","42","STD-CRG-2","3.2Å~2.5","0.75","Glass","4","-40Å`+85","-40Å`+85","Fundamental","Å}20","Å}30","50","10 (Max.200)","8 (IEC)","Yes","","Yes"
"NX3225GA","https://dilp.netcomponents.com/cgi-bin/ndk.asp?Region=AM&mode=1&partnumber1=STDCRG244M","Production","Standard","44","STD-CRG-2","3.2Å~2.5","0.75","Glass","4","-40Å`+85","-40Å`+85","Fundamental","Å}20","Å}30","50","10 (Max.200)","8 (IEC)","Yes","","Yes"
"NX3225GA","https://dilp.netcomponents.com/cgi-bin/ndk.asp?Region=AM&mode=1&partnumber1=STDCRG248M","Production","Standard","48","STD-CRG-2","3.2Å~2.5","0.75","Glass","4","-40Å`+85","-40Å`+85","Fundamental","Å}20","Å}30","50","10 (Max.200)","8 (IEC)","Yes","","Yes"
"NX3225GA","https://dilp.netcomponents.com/cgi-bin/ndk.asp?Region=AM&mode=1&partnumber1=STDCRG249152M","Production","Standard","49.152","STD-CRG-2","3.2Å~2.5","0.75","Glass","4","-40Å`+85","-40Å`+85","Fundamental","Å}20","Å}30","50","10 (Max.200)","8 (IEC)","Yes","","Yes"
"NX3225GA","https://dilp.netcomponents.com/cgi-bin/ndk.asp?Region=AM&mode=1&partnumber1=STDCRG250M","Production","Standard","50","STD-CRG-2","3.2Å~2.5","0.75","Glass","4","-40Å`+85","-40Å`+85","Fundamental","Å}20","Å}30","50","10 (Max.200)","8 (IEC)","Yes","","Yes"
"NX3225GA","https://dilp.netcomponents.com/cgi-bin/ndk.asp?Region=AM&mode=1&partnumber1=STDCRA110M","Production","Standard (Automotive)","10","STD-CRA-1","3.2Å~2.5","0.75","Glass","4","-40Å`+150","-40Å`+150","Fundamental","Å}50","Å}150","300","10 (Max.200)","8 (IEC)","Yes","","Yes"
"NX3225GA","https://dilp.netcomponents.com/cgi-bin/ndk.asp?Region=AM&mode=1&partnumber1=STDCRA11024M","Production","Standard (Automotive)","10.24","STD-CRA-1","3.2Å~2.5","0.75","Glass","4","-40Å`+150","-40Å`+150","Fundamental","Å}50","Å}150","300","10 (Max.200)","8 (IEC)","Yes","","Yes"
"NX3225GA","https://dilp.netcomponents.com/cgi-bin/ndk.asp?Region=AM&mode=1&partnumber1=STDCRA112M","Production","Standard (Automotive)","12","STD-CRA-1","3.2Å~2.5","0.75","Glass","4","-40Å`+150","-40Å`+150","Fundamental","Å}50","Å}150","120","10 (Max.200)","8 (IEC)","Yes","","Yes"
"NX3225GA","https://dilp.netcomponents.com/cgi-bin/ndk.asp?Region=AM&mode=1&partnumber1=STDCRA11227M","Production","Standard (Automotive)","12.27","STD-CRA-1","3.2Å~2.5","0.75","Glass","4","-40Å`+150","-40Å`+150","Fundamental","Å}50","Å}150","120","10 (Max.200)","8 (IEC)","Yes","","Yes"
"NX3225GA","https://dilp.netcomponents.com/cgi-bin/ndk.asp?Region=AM&mode=1&partnumber1=STDCRA1128M","Production","Standard (Automotive)","12.8","STD-CRA-1","3.2Å~2.5","0.75","Glass","4","-40Å`+150","-40Å`+150","Fundamental","Å}50","Å}150","120","10 (Max.200)","8 (IEC)","Yes","","Yes"
"NX3225GA","https://dilp.netcomponents.com/cgi-bin/ndk.asp?Region=AM&mode=1&partnumber1=STDCRA11356M","Production","Standard (Automotive)","13.56","STD-CRA-1","3.2Å~2.5","0.75","Glass","4","-40Å`+150","-40Å`+150","Fundamental","Å}50","Å}150","120","10 (Max.200)","8 (IEC)","Yes","","Yes"
"NX3225GA","https://dilp.netcomponents.com/cgi-bin/ndk.asp?Region=AM&mode=1&partnumber1=STDCRA114M","Production","Standard (Automotive)","14","STD-CRA-1","3.2Å~2.5","0.75","Glass","4","-40Å`+150","-40Å`+150","Fundamental","Å}50","Å}150","120","10 (Max.200)","8 (IEC)","Yes","","Yes"
"NX3225GA","https://dilp.netcomponents.com/cgi-bin/ndk.asp?Region=AM&mode=1&partnumber1=STDCRA114318M","Production","Standard (Automotive)","14.318","STD-CRA-1","3.2Å~2.5","0.75","Glass","4","-40Å`+150","-40Å`+150","Fundamental","Å}50","Å}150","120","10 (Max.200)","8 (IEC)","Yes","","Yes"
"NX3225GA","https://dilp.netcomponents.com/cgi-bin/ndk.asp?Region=AM&mode=1&partnumber1=STDCRA114746M","Production","Standard (Automotive)","14.746","STD-CRA-1","3.2Å~2.5","0.75","Glass","4","-40Å`+150","-40Å`+150","Fundamental","Å}50","Å}150","120","10 (Max.200)","8 (IEC)","Yes","","Yes"
"NX3225GA","https://dilp.netcomponents.com/cgi-bin/ndk.asp?Region=AM&mode=1&partnumber1=STDCRA116M","Production","Standard (Automotive)","16","STD-CRA-1","3.2Å~2.5","0.75","Glass","4","-40Å`+150","-40Å`+150","Fundamental","Å}50","Å}150","120","10 (Max.200)","8 (IEC)","Yes","","Yes"
"NX3225GA","https://dilp.netcomponents.com/cgi-bin/ndk.asp?Region=AM&mode=1&partnumber1=STDCRA11666M","Production","Standard (Automotive)","16.66","STD-CRA-1","3.2Å~2.5","0.75","Glass","4","-40Å`+150","-40Å`+150","Fundamental","Å}50","Å}150","120","10 (Max.200)","8 (IEC)","Yes","","Yes"
"NX3225GA","https://dilp.netcomponents.com/cgi-bin/ndk.asp?Region=AM&mode=1&partnumber1=STDCRA118432M","Production","Standard (Automotive)","18.432","STD-CRA-1","3.2Å~2.5","0.75","Glass","4","-40Å`+150","-40Å`+150","Fundamental","Å}50","Å}150","120","10 (Max.200)","8 (IEC)","Yes","","Yes"
"NX3225GA","https://dilp.netcomponents.com/cgi-bin/ndk.asp?Region=AM&mode=1&partnumber1=STDCRA120M","Production","Standard (Automotive)","20","STD-CRA-1","3.2Å~2.5","0.75","Glass","4","-40Å`+150","-40Å`+150","Fundamental","Å}50","Å}150","100","10 (Max.200)","8 (IEC)","Yes","","Yes"
"NX3225GA","https://dilp.netcomponents.com/cgi-bin/ndk.asp?Region=AM&mode=1&partnumber1=STDCRA124M","Production","Standard (Automotive)","24","STD-CRA-1","3.2Å~2.5","0.75","Glass","4","-40Å`+150","-40Å`+150","Fundamental","Å}50","Å}150","100","10 (Max.200)","8 (IEC)","Yes","","Yes"
"NX3225GA","https://dilp.netcomponents.com/cgi-bin/ndk.asp?Region=AM&mode=1&partnumber1=STDCRA124305M","Production","Standard (Automotive)","24.305","STD-CRA-1","3.2Å~2.5","0.75","Glass","4","-40Å`+150","-40Å`+150","Fundamental","Å}50","Å}150","100","10 (Max.200)","8 (IEC)","Yes","","Yes"
"NX3225GA","https://dilp.netcomponents.com/cgi-bin/ndk.asp?Region=AM&mode=1&partnumber1=STDCRA124576M","Production","Standard (Automotive)","24.576","STD-CRA-1","3.2Å~2.5","0.75","Glass","4","-40Å`+150","-40Å`+150","Fundamental","Å}50","Å}150","100","10 (Max.200)","8 (IEC)","Yes","","Yes"
"NX3225GA","https://dilp.netcomponents.com/cgi-bin/ndk.asp?Region=AM&mode=1&partnumber1=STDCRA124701M","Production","Standard (Automotive)","24.701","STD-CRA-1","3.2Å~2.5","0.75","Glass","4","-40Å`+150","-40Å`+150","Fundamental","Å}50","Å}150","100","10 (Max.200)","8 (IEC)","Yes","","Yes"
"NX3225GA","https://dilp.netcomponents.com/cgi-bin/ndk.asp?Region=AM&mode=1&partnumber1=STDCRA125M","Production","Standard (Automotive)","25","STD-CRA-1","3.2Å~2.5","0.75","Glass","4","-40Å`+150","-40Å`+150","Fundamental","Å}50","Å}150","100","10 (Max.200)","8 (IEC)","Yes","","Yes"
"NX3225GA","https://dilp.netcomponents.com/cgi-bin/ndk.asp?Region=AM&mode=1&partnumber1=STDCRA126M","Production","Standard (Automotive)","26","STD-CRA-1","3.2Å~2.5","0.75","Glass","4","-40Å`+150","-40Å`+150","Fundamental","Å}50","Å}150","100","10 (Max.200)","8 (IEC)","Yes","","Yes"
"NX3225GA","https://dilp.netcomponents.com/cgi-bin/ndk.asp?Region=AM&mode=1&partnumber1=STDCRA127M","Production","Standard (Automotive)","27","STD-CRA-1","3.2Å~2.5","0.75","Glass","4","-40Å`+150","-40Å`+150","Fundamental","Å}50","Å}150","100","10 (Max.200)","8 (IEC)","Yes","","Yes"
"NX3225GA","https://dilp.netcomponents.com/cgi-bin/ndk.asp?Region=AM&mode=1&partnumber1=STDCRA12712M","Production","Standard (Automotive)","27.12","STD-CRA-1","3.2Å~2.5","0.75","Glass","4","-40Å`+150","-40Å`+150","Fundamental","Å}50","Å}150","100","10 (Max.200)","8 (IEC)","Yes","","Yes"
"NX3225GA","https://dilp.netcomponents.com/cgi-bin/ndk.asp?Region=AM&mode=1&partnumber1=STDCRA12863M","Production","Standard (Automotive)","28.63","STD-CRA-1","3.2Å~2.5","0.75","Glass","4","-40Å`+150","-40Å`+150","Fundamental","Å}50","Å}150","100","10 (Max.200)","8 (IEC)","Yes","","Yes"
"NX3225GA","https://dilp.netcomponents.com/cgi-bin/ndk.asp?Region=AM&mode=1&partnumber1=STDCRA1286363M","Production","Standard (Automotive)","28.6363","STD-CRA-1","3.2Å~2.5","0.75","Glass","4","-40Å`+150","-40Å`+150","Fundamental","Å}50","Å}150","100","10 (Max.200)","8 (IEC)","Yes","","Yes"
"NX3225GA","https://dilp.netcomponents.com/cgi-bin/ndk.asp?Region=AM&mode=1&partnumber1=STDCRA12863636M","Production","Standard (Automotive)","28.63636","STD-CRA-1","3.2Å~2.5","0.75","Glass","4","-40Å`+150","-40Å`+150","Fundamental","Å}50","Å}150","100","10 (Max.200)","8 (IEC)","Yes","","Yes"
"NX3225GA","https://dilp.netcomponents.com/cgi-bin/ndk.asp?Region=AM&mode=1&partnumber1=STDCRA128636363M","Production","Standard (Automotive)","28.636363","STD-CRA-1","3.2Å~2.5","0.75","Glass","4","-40Å`+150","-40Å`+150","Fundamental","Å}50","Å}150","100","10 (Max.200)","8 (IEC)","Yes","","Yes"
"NX3225GA","https://dilp.netcomponents.com/cgi-bin/ndk.asp?Region=AM&mode=1&partnumber1=STDCRA130M","Production","Standard (Automotive)","30","STD-CRA-1","3.2Å~2.5","0.75","Glass","4","-40Å`+150","-40Å`+150","Fundamental","Å}50","Å}150","100","10 (Max.200)","8 (IEC)","Yes","","Yes"
"NX3225GA","https://dilp.netcomponents.com/cgi-bin/ndk.asp?Region=AM&mode=1&partnumber1=STDCRA132M","Production","Standard (Automotive)","32","STD-CRA-1","3.2Å~2.5","0.75","Glass","4","-40Å`+150","-40Å`+150","Fundamental","Å}50","Å}150","100","10 (Max.200)","8 (IEC)","Yes","","Yes"
"NX3225GA","https://dilp.netcomponents.com/cgi-bin/ndk.asp?Region=AM&mode=1&partnumber1=STDCRA133M","Production","Standard (Automotive)","33","STD-CRA-1","3.2Å~2.5","0.75","Glass","4","-40Å`+150","-40Å`+150","Fundamental","Å}50","Å}150","100","10 (Max.200)","8 (IEC)","Yes","","Yes"
"NX3225GA","https://dilp.netcomponents.com/cgi-bin/ndk.asp?Region=AM&mode=1&partnumber1=STDCRA140M","Production","Standard (Automotive)","40","STD-CRA-1","3.2Å~2.5","0.75","Glass","4","-40Å`+150","-40Å`+150","Fundamental","Å}50","Å}150","100","10 (Max.200)","8 (IEC)","Yes","","Yes"
"NX3225GA","https://dilp.netcomponents.com/cgi-bin/ndk.asp?Region=AM&mode=1&partnumber1=STDCRA148M","Production","Standard (Automotive)","48","STD-CRA-1","3.2Å~2.5","0.75","Glass","4","-40Å`+150","-40Å`+150","Fundamental","Å}50","Å}150","100","10 (Max.200)","8 (IEC)","Yes","","Yes"
"NX3225GA","https://dilp.netcomponents.com/cgi-bin/ndk.asp?Region=AM&mode=1&partnumber1=STDCRA150M","Production","Standard (Automotive)","50","STD-CRA-1","3.2Å~2.5","0.75","Glass","4","-40Å`+150","-40Å`+150","Fundamental","Å}50","Å}150","100","10 (Max.200)","8 (IEC)","Yes","","Yes"
"NX3225GB","https://dilp.netcomponents.com/cgi-bin/ndk.asp?Region=AM&mode=1&partnumber1=STDCRA212M","Production","Automotive","12","STD-CRA-2","3.2Å~2.5","0.75","Glass","2 (ì )","-40Å`+150","-40Å`+150","Fundamental","Å}50","Å}150","120","10 (Max.200)","8 (IEC)","Yes","","Yes"
"NX3225GB","https://dilp.netcomponents.com/cgi-bin/ndk.asp?Region=AM&mode=1&partnumber1=STDCRA212288M","Production","Automotive","12.288","STD-CRA-2","3.2Å~2.5","0.75","Glass","2 (ì )","-40Å`+150","-40Å`+150","Fundamental","Å}50","Å}150","120","10 (Max.200)","8 (IEC)","Yes","","Yes"
"NX3225GB","https://dilp.netcomponents.com/cgi-bin/ndk.asp?Region=AM&mode=1&partnumber1=STDCRA2125M","Production","Automotive","12.5","STD-CRA-2","3.2Å~2.5","0.75","Glass","2 (ì )","-40Å`+150","-40Å`+150","Fundamental","Å}50","Å}150","120","10 (Max.200)","8 (IEC)","Yes","","Yes"
"NX3225GB","https://dilp.netcomponents.com/cgi-bin/ndk.asp?Region=AM&mode=1&partnumber1=STDCRA2135M","Production","Automotive","13.5","STD-CRA-2","3.2Å~2.5","0.75","Glass","2 (ì )","-40Å`+150","-40Å`+150","Fundamental","Å}50","Å}150","120","10 (Max.200)","8 (IEC)","Yes","","Yes"
"NX3225GB","https://dilp.netcomponents.com/cgi-bin/ndk.asp?Region=AM&mode=1&partnumber1=STDCRA214M","Production","Automotive","14","STD-CRA-2","3.2Å~2.5","0.75","Glass","2 (ì )","-40Å`+150","-40Å`+150","Fundamental","Å}50","Å}150","120","10 (Max.200)","8 (IEC)","Yes","","Yes"
"NX3225GB","https://dilp.netcomponents.com/cgi-bin/ndk.asp?Region=AM&mode=1&partnumber1=STDCRA2143M","Production","Automotive","14.3","STD-CRA-2","3.2Å~2.5","0.75","Glass","2 (ì )","-40Å`+150","-40Å`+150","Fundamental","Å}50","Å}150","120","10 (Max.200)","8 (IEC)","Yes","","Yes"
"NX3225GB","https://dilp.netcomponents.com/cgi-bin/ndk.asp?Region=AM&mode=1&partnumber1=STDCRA214625M","Production","Automotive","14.625","STD-CRA-2","3.2Å~2.5","0.75","Glass","2 (ì )","-40Å`+150","-40Å`+150","Fundamental","Å}50","Å}150","120","10 (Max.200)","8 (IEC)","Yes","","Yes"
"NX3225GB","https://dilp.netcomponents.com/cgi-bin/ndk.asp?Region=AM&mode=1&partnumber1=STDCRA216M","Production","Automotive","16","STD-CRA-2","3.2Å~2.5","0.75","Glass","2 (ì )","-40Å`+150","-40Å`+150","Fundamental","Å}50","Å}150","120","10 (Max.200)","8 (IEC)","Yes","","Yes"
"NX3225GB","https://dilp.netcomponents.com/cgi-bin/ndk.asp?Region=AM&mode=1&partnumber1=STDCRA216004M","Production","Automotive","16.004","STD-CRA-2","3.2Å~2.5","0.75","Glass","2 (ì )","-40Å`+150","-40Å`+150","Fundamental","Å}50","Å}150","120","10 (Max.200)","8 (IEC)","Yes","","Yes"
"NX3225GB","https://dilp.netcomponents.com/cgi-bin/ndk.asp?Region=AM&mode=1&partnumber1=STDCRA21625M","Production","Automotive","16.25","STD-CRA-2","3.2Å~2.5","0.75","Glass","2 (ì )","-40Å`+150","-40Å`+150","Fundamental","Å}50","Å}150","120","10 (Max.200)","8 (IEC)","Yes","","Yes"
"NX3225GB","https://dilp.netcomponents.com/cgi-bin/ndk.asp?Region=AM&mode=1&partnumber1=STDCRA216384M","Production","Automotive","16.384","STD-CRA-2","3.2Å~2.5","0.75","Glass","2 (ì )","-40Å`+150","-40Å`+150","Fundamental","Å}50","Å}150","120","10 (Max.200)","8 (IEC)","Yes","","Yes"
"NX3225GB","https://dilp.netcomponents.com/cgi-bin/ndk.asp?Region=AM&mode=1&partnumber1=STDCRA21661M","Production","Automotive","16.61","STD-CRA-2","3.2Å~2.5","0.75","Glass","2 (ì )","-40Å`+150","-40Å`+150","Fundamental","Å}50","Å}150","120","10 (Max.200)","8 (IEC)","Yes","","Yes"
"NX3225GB","https://dilp.netcomponents.com/cgi-bin/ndk.asp?Region=AM&mode=1&partnumber1=STDCRA218M","Production","Automotive","18","STD-CRA-2","3.2Å~2.5","0.75","Glass","2 (ì )","-40Å`+150","-40Å`+150","Fundamental","Å}50","Å}150","120","10 (Max.200)","8 (IEC)","Yes","","Yes"
"NX3225GB","https://dilp.netcomponents.com/cgi-bin/ndk.asp?Region=AM&mode=1&partnumber1=STDCRA21808M","Production","Automotive","18.08","STD-CRA-2","3.2Å~2.5","0.75","Glass","2 (ì )","-40Å`+150","-40Å`+150","Fundamental","Å}50","Å}150","120","10 (Max.200)","8 (IEC)","Yes","","Yes"
"NX3225GB","https://dilp.netcomponents.com/cgi-bin/ndk.asp?Region=AM&mode=1&partnumber1=STDCRA218432M","Production","Automotive","18.432","STD-CRA-2","3.2Å~2.5","0.75","Glass","2 (ì )","-40Å`+150","-40Å`+150","Fundamental","Å}50","Å}150","120","10 (Max.200)","8 (IEC)","Yes","","Yes"
"NX3225GB","https://dilp.netcomponents.com/cgi-bin/ndk.asp?Region=AM&mode=1&partnumber1=STDCRA2198M","Production","Automotive","19.8","STD-CRA-2","3.2Å~2.5","0.75","Glass","2 (ì )","-40Å`+150","-40Å`+150","Fundamental","Å}50","Å}150","120","10 (Max.200)","8 (IEC)","Yes","","Yes"
"NX3225GB","https://dilp.netcomponents.com/cgi-bin/ndk.asp?Region=AM&mode=1&partnumber1=STDCRA21992M","Production","Automotive","19.92","STD-CRA-2","3.2Å~2.5","0.75","Glass","2 (ì )","-40Å`+150","-40Å`+150","Fundamental","Å}50","Å}150","120","10 (Max.200)","8 (IEC)","Yes","","Yes"
"NX3225GB","https://dilp.netcomponents.com/cgi-bin/ndk.asp?Region=AM&mode=1&partnumber1=STDCRA21998M","Production","Automotive","19.98","STD-CRA-2","3.2Å~2.5","0.75","Glass","2 (ì )","-40Å`+150","-40Å`+150","Fundamental","Å}50","Å}150","120","10 (Max.200)","8 (IEC)","Yes","","Yes"
"NX3225GB","https://dilp.netcomponents.com/cgi-bin/ndk.asp?Region=AM&mode=1&partnumber1=STDCRA220M","Production","Automotive","20","STD-CRA-2","3.2Å~2.5","0.75","Glass","2 (ì )","-40Å`+150","-40Å`+150","Fundamental","Å}50","Å}150","100","10 (Max.200)","8 (IEC)","Yes","","Yes"
"NX3225GB","https://dilp.netcomponents.com/cgi-bin/ndk.asp?Region=AM&mode=1&partnumber1=STDCRA222579M","Production","Automotive","22.579","STD-CRA-2","3.2Å~2.5","0.75","Glass","2 (ì )","-40Å`+150","-40Å`+150","Fundamental","Å}50","Å}150","100","10 (Max.200)","8 (IEC)","Yes","","Yes"
"NX3225GB","https://dilp.netcomponents.com/cgi-bin/ndk.asp?Region=AM&mode=1&partnumber1=STDCRA224M","Production","Automotive","24","STD-CRA-2","3.2Å~2.5","0.75","Glass","2 (ì )","-40Å`+150","-40Å`+150","Fundamental","Å}50","Å}150","100","10 (Max.200)","8 (IEC)","Yes","","Yes"
"NX3225GB","https://dilp.netcomponents.com/cgi-bin/ndk.asp?Region=AM&mode=1&partnumber1=STDCRA224576M","Production","Automotive","24.576","STD-CRA-2","3.2Å~2.5","0.75","Glass","2 (ì )","-40Å`+150","-40Å`+150","Fundamental","Å}50","Å}150","100","10 (Max.200)","8 (IEC)","Yes","","Yes"
"NX3225GB","https://dilp.netcomponents.com/cgi-bin/ndk.asp?Region=AM&mode=1&partnumber1=STDCRA225M","Production","Automotive","25","STD-CRA-2","3.2Å~2.5","0.75","Glass","2 (ì )","-40Å`+150","-40Å`+150","Fundamental","Å}50","Å}150","100","10 (Max.200)","8 (IEC)","Yes","","Yes"
"NX3225GB","https://dilp.netcomponents.com/cgi-bin/ndk.asp?Region=AM&mode=1&partnumber1=STDCRA226M","Production","Automotive","26","STD-CRA-2","3.2Å~2.5","0.75","Glass","2 (ì )","-40Å`+150","-40Å`+150","Fundamental","Å}50","Å}150","100","10 (Max.200)","8 (IEC)","Yes","","Yes"
"NX3225GB","https://dilp.netcomponents.com/cgi-bin/ndk.asp?Region=AM&mode=1&partnumber1=STDCRA227M","Production","Automotive","27","STD-CRA-2","3.2Å~2.5","0.75","Glass","2 (ì )","-40Å`+150","-40Å`+150","Fundamental","Å}50","Å}150","100","10 (Max.200)","8 (IEC)","Yes","","Yes"
"NX3225GB","https://dilp.netcomponents.com/cgi-bin/ndk.asp?Region=AM&mode=1&partnumber1=STDCRA228M","Production","Automotive","28","STD-CRA-2","3.2Å~2.5","0.75","Glass","2 (ì )","-40Å`+150","-40Å`+150","Fundamental","Å}50","Å}150","100","10 (Max.200)","8 (IEC)","Yes","","Yes"
"NX3225GB","https://dilp.netcomponents.com/cgi-bin/ndk.asp?Region=AM&mode=1&partnumber1=STDCRA230M","Production","Automotive","30","STD-CRA-2","3.2Å~2.5","0.75","Glass","2 (ì )","-40Å`+150","-40Å`+150","Fundamental","Å}50","Å}150","100","10 (Max.200)","8 (IEC)","Yes","","Yes"
"NX3225GB","https://dilp.netcomponents.com/cgi-bin/ndk.asp?Region=AM&mode=1&partnumber1=STDCRA232M","Production","Automotive","32","STD-CRA-2","3.2Å~2.5","0.75","Glass","2 (ì )","-40Å`+150","-40Å`+150","Fundamental","Å}50","Å}150","100","10 (Max.200)","8 (IEC)","Yes","","Yes"
"NX3225GB","https://dilp.netcomponents.com/cgi-bin/ndk.asp?Region=AM&mode=1&partnumber1=STDCRA240M","Production","Automotive","40","STD-CRA-2","3.2Å~2.5","0.75","Glass","2 (ì )","-40Å`+150","-40Å`+150","Fundamental","Å}50","Å}150","100","10 (Max.200)","8 (IEC)","Yes","","Yes"
"NX3225GB","https://dilp.netcomponents.com/cgi-bin/ndk.asp?Region=AM&mode=1&partnumber1=STDCRA248M","Production","Automotive","48","STD-CRA-2","3.2Å~2.5","0.75","Glass","2 (ì )","-40Å`+150","-40Å`+150","Fundamental","Å}50","Å}150","100","10 (Max.200)","8 (IEC)","Yes","","Yes"
"NX3225GB","https://dilp.netcomponents.com/cgi-bin/ndk.asp?Region=AM&mode=1&partnumber1=STDCRA250M","Production","Automotive","50","STD-CRA-2","3.2Å~2.5","0.75","Glass","2 (ì )","-40Å`+150","-40Å`+150","Fundamental","Å}50","Å}150","100","10 (Max.200)","8 (IEC)","Yes","","Yes"
"NX3225GD","https://dilp.netcomponents.com/cgi-bin/ndk.asp?Region=AM&mode=1&partnumber1=STDCRA37998M","Production","Automotive","7.998","STD-CRA-3","3.2Å~2.5","0.8","Glass","2","-40Å`+150","-40Å`+150","Fundamental","Å}50","Å}150","500","10 (Max.200)","8 (IEC)","Yes","","Yes"
"NX3225GD","https://dilp.netcomponents.com/cgi-bin/ndk.asp?Region=AM&mode=1&partnumber1=STDCRA38M","Production","Automotive","8","STD-CRA-3","3.2Å~2.5","0.8","Glass","2","-40Å`+150","-40Å`+150","Fundamental","Å}50","Å}150","500","10 (Max.200)","8 (IEC)","Yes","","Yes"
"NX3225GD","https://dilp.netcomponents.com/cgi-bin/ndk.asp?Region=AM&mode=1&partnumber1=STDCRA38018M","Production","Automotive","8.018","STD-CRA-3","3.2Å~2.5","0.8","Glass","2","-40Å`+150","-40Å`+150","Fundamental","Å}50","Å}150","500","10 (Max.200)","8 (IEC)","Yes","","Yes"
"NX3225GD","https://dilp.netcomponents.com/cgi-bin/ndk.asp?Region=AM&mode=1&partnumber1=STDCRA38192M","Production","Automotive","8.192","STD-CRA-3","3.2Å~2.5","0.8","Glass","2","-40Å`+150","-40Å`+150","Fundamental","Å}50","Å}150","500","10 (Max.200)","8 (IEC)","Yes","","Yes"
"NX3225GD","https://dilp.netcomponents.com/cgi-bin/ndk.asp?Region=AM&mode=1&partnumber1=STDCRA3918M","Production","Automotive","9.18","STD-CRA-3","3.2Å~2.5","0.8","Glass","2","-40Å`+150","-40Å`+150","Fundamental","Å}50","Å}150","500","10 (Max.200)","8 (IEC)","Yes","","Yes"
"NX3225GD","https://dilp.netcomponents.com/cgi-bin/ndk.asp?Region=AM&mode=1&partnumber1=STDCRA39185M","Production","Automotive","9.185","STD-CRA-3","3.2Å~2.5","0.8","Glass","2","-40Å`+150","-40Å`+150","Fundamental","Å}50","Å}150","500","10 (Max.200)","8 (IEC)","Yes","","Yes"
"NX3225GD","https://dilp.netcomponents.com/cgi-bin/ndk.asp?Region=AM&mode=1&partnumber1=STDCRA39509M","Production","Automotive","9.509","STD-CRA-3","3.2Å~2.5","0.8","Glass","2","-40Å`+150","-40Å`+150","Fundamental","Å}50","Å}150","500","10 (Max.200)","8 (IEC)","Yes","","Yes"
"NX3225GD","https://dilp.netcomponents.com/cgi-bin/ndk.asp?Region=AM&mode=1&partnumber1=STDCRA39844M","Production","Automotive","9.844","STD-CRA-3","3.2Å~2.5","0.8","Glass","2","-40Å`+150","-40Å`+150","Fundamental","Å}50","Å}150","300","10 (Max.200)","8 (IEC)","Yes","","Yes"
"NX3225GD","https://dilp.netcomponents.com/cgi-bin/ndk.asp?Region=AM&mode=1&partnumber1=STDCRA3999M","Production","Automotive","9.99","STD-CRA-3","3.2Å~2.5","0.8","Glass","2","-40Å`+150","-40Å`+150","Fundamental","Å}50","Å}150","300","10 (Max.200)","8 (IEC)","Yes","","Yes"
"NX3225GD","https://dilp.netcomponents.com/cgi-bin/ndk.asp?Region=AM&mode=1&partnumber1=STDCRA310M","Production","Automotive","10","STD-CRA-3","3.2Å~2.5","0.8","Glass","2","-40Å`+150","-40Å`+150","Fundamental","Å}50","Å}150","300","10 (Max.200)","8 (IEC)","Yes","","Yes"
"NX3225GD","https://dilp.netcomponents.com/cgi-bin/ndk.asp?Region=AM&mode=1&partnumber1=STDCRA311M","Production","Automotive","11","STD-CRA-3","3.2Å~2.5","0.8","Glass","2","-40Å`+150","-40Å`+150","Fundamental","Å}50","Å}150","300","10 (Max.200)","8 (IEC)","Yes","","Yes"
"NX3225GD","https://dilp.netcomponents.com/cgi-bin/ndk.asp?Region=AM&mode=1&partnumber1=STDCRA311059M","Production","Automotive","11.059","STD-CRA-3","3.2Å~2.5","0.8","Glass","2","-40Å`+150","-40Å`+150","Fundamental","Å}50","Å}150","300","10 (Max.200)","8 (IEC)","Yes","","Yes"
"NX3225GD","https://dilp.netcomponents.com/cgi-bin/ndk.asp?Region=AM&mode=1&partnumber1=STDCRA31129M","Production","Automotive","11.29","STD-CRA-3","3.2Å~2.5","0.8","Glass","2","-40Å`+150","-40Å`+150","Fundamental","Å}50","Å}150","300","10 (Max.200)","8 (IEC)","Yes","","Yes"
